company_id,status,exchange,ticker,symbol,stored_name,gurufocus_name,detail,gurufocus_url
1,RESTRICTED,ASX,COH,ASX:COH,Cochlear,,403 unsubscribed/restricted region,https://www.gurufocus.com/stock/ASX:COH/summary
2,RESTRICTED,ASX,CPU,ASX:CPU,Computershare,,403 unsubscribed/restricted region,https://www.gurufocus.com/stock/ASX:CPU/summary
3,RESTRICTED,ASX,CSL,ASX:CSL,CSL,,403 unsubscribed/restricted region,https://www.gurufocus.com/stock/ASX:CSL/summary
4,RESTRICTED,ASX,KPG,ASX:KPG,Kelly Partners,,403 unsubscribed/restricted region,https://www.gurufocus.com/stock/ASX:KPG/summary
5,RESTRICTED,ASX,OCL,ASX:OCL,Objective Corporation,,403 unsubscribed/restricted region,https://www.gurufocus.com/stock/ASX:OCL/summary
6,RESTRICTED,ASX,PME,ASX:PME,Pro Medicus,,403 unsubscribed/restricted region,https://www.gurufocus.com/stock/ASX:PME/summary
7,RESTRICTED,ASX,REA,ASX:REA,REA Group,,403 unsubscribed/restricted region,https://www.gurufocus.com/stock/ASX:REA/summary
8,RESTRICTED,ASX,TNE,ASX:TNE,TechnologyOne,,403 unsubscribed/restricted region,https://www.gurufocus.com/stock/ASX:TNE/summary
9,RESTRICTED,ASX,WTC,ASX:WTC,WiseTech Global,,403 unsubscribed/restricted region,https://www.gurufocus.com/stock/ASX:WTC/summary
10,OK,XPRA,ANDR,XPRA:ANDR,Andritz AG,Andritz AG,name matches,https://www.gurufocus.com/stock/XPRA:ANDR/summary
11,OK,XBRU,ARGX,XBRU:ARGX,argenx SE,argenx SE,name matches,https://www.gurufocus.com/stock/XBRU:ARGX/summary
12,OK,XBRU,DIE,XBRU:DIE,D'Ieteren Group,D'Ieteren Group,name matches,https://www.gurufocus.com/stock/XBRU:DIE/summary
13,OK,XBRU,EVS,XBRU:EVS,EVS Broadcast Equipment SA,EVS Broadcast Equipment SA,name matches,https://www.gurufocus.com/stock/XBRU:EVS/summary
14,OK,XBRU,LOTB,XBRU:LOTB,Lotus Bakeries NV,Lotus Bakeries NV,name matches,https://www.gurufocus.com/stock/XBRU:LOTB/summary
15,OK,XBRU,MOUR,XBRU:MOUR,Moury Construct SA,Moury Construct SA,name matches,https://www.gurufocus.com/stock/XBRU:MOUR/summary
16,RESTRICTED,TSX,ATD,TSX:ATD,Alimentation Couche-Tard,,403 unsubscribed/restricted region,https://www.gurufocus.com/stock/TSX:ATD/summary
17,RESTRICTED,TSX,BAM,TSX:BAM,Brookfield Asset Management,,403 unsubscribed/restricted region,https://www.gurufocus.com/stock/TSX:BAM/summary
18,RESTRICTED,TSX,BN,TSX:BN,Brookfield Corp,,403 unsubscribed/restricted region,https://www.gurufocus.com/stock/TSX:BN/summary
19,RESTRICTED,TSX,CNR,TSX:CNR,Canadian National Railway,,403 unsubscribed/restricted region,https://www.gurufocus.com/stock/TSX:CNR/summary
20,RESTRICTED,TSX,CP,TSX:CP,Canadian Pacific Kansas Railway,,403 unsubscribed/restricted region,https://www.gurufocus.com/stock/TSX:CP/summary
21,NOT_FOUND,TSX,CLA,TSX:CLA,Celestica,,404 stock not found,https://www.gurufocus.com/stock/TSX:CLA/summary
22,RESTRICTED,TSX,GIB.A,TSX:GIB.A,CGI Group,,403 unsubscribed/restricted region,https://www.gurufocus.com/stock/TSX:GIB.A/summary
23,RESTRICTED,TSX,CSU,TSX:CSU,Constellation Software,,403 unsubscribed/restricted region,https://www.gurufocus.com/stock/TSX:CSU/summary
24,RESTRICTED,TSX,DSG,TSX:DSG,Descartes Systems,,403 unsubscribed/restricted region,https://www.gurufocus.com/stock/TSX:DSG/summary
25,RESTRICTED,TSX,DOL,TSX:DOL,Dollarama,,403 unsubscribed/restricted region,https://www.gurufocus.com/stock/TSX:DOL/summary
26,RESTRICTED,TSX,FFH,TSX:FFH,Fairfax Financial Holdings,,403 unsubscribed/restricted region,https://www.gurufocus.com/stock/TSX:FFH/summary
27,RESTRICTED,TSXV,LMN,TSXV:LMN,Lumine,,403 unsubscribed/restricted region,https://www.gurufocus.com/stock/TSXV:LMN/summary
28,RESTRICTED,TSXV,CTZ,TSXV:CTZ,Namsys,,403 unsubscribed/restricted region,https://www.gurufocus.com/stock/TSXV:CTZ/summary
29,RESTRICTED,TSX,TVK,TSX:TVK,TerraVest Industries,,403 unsubscribed/restricted region,https://www.gurufocus.com/stock/TSX:TVK/summary
30,RESTRICTED,TSX,TFII,TSX:TFII,TFI International,,403 unsubscribed/restricted region,https://www.gurufocus.com/stock/TSX:TFII/summary
31,RESTRICTED,TSX,TRI,TSX:TRI,Thomson Reuters,,403 unsubscribed/restricted region,https://www.gurufocus.com/stock/TSX:TRI/summary
32,RESTRICTED,TSX,TIH,TSX:TIH,Toromont Industries,,403 unsubscribed/restricted region,https://www.gurufocus.com/stock/TSX:TIH/summary
33,RESTRICTED,TSX,WCN,TSX:WCN,Waste Connections,,403 unsubscribed/restricted region,https://www.gurufocus.com/stock/TSX:WCN/summary
34,OK,HKSE,02020,HKSE:02020,ANTA Sports Products Ltd,ANTA Sports Products Ltd,name matches,https://www.gurufocus.com/stock/HKSE:02020/summary
35,OK,HKSE,01093,HKSE:01093,CSPC Pharmaceutical Group Ltd,CSPC Pharmaceutical Group Ltd,name matches,https://www.gurufocus.com/stock/HKSE:01093/summary
36,OK,HKSE,00388,HKSE:00388,Hong Kong Exchanges and Clearing Ltd,Hong Kong Exchanges and Clearing Ltd,name matches,https://www.gurufocus.com/stock/HKSE:00388/summary
37,OK,HKSE,02331,HKSE:02331,Li Ning Co Ltd,Li Ning Co Ltd,name matches,https://www.gurufocus.com/stock/HKSE:02331/summary
38,OK,HKSE,09999,HKSE:09999,NetEase Inc,NetEase Inc,name matches,https://www.gurufocus.com/stock/HKSE:09999/summary
39,OK,HKSE,00700,HKSE:00700,Tencent Holdings Ltd,Tencent Holdings Ltd,name matches,https://www.gurufocus.com/stock/HKSE:00700/summary
40,OK,OCSE,AMBU B,OCSE:AMBU B,Ambu AS,Ambu AS,name matches,https://www.gurufocus.com/stock/OCSE:AMBU B/summary
41,OK,OCSE,CBRAIN,OCSE:CBRAIN,cBrain A/S,cBrain AS,name matches,https://www.gurufocus.com/stock/OCSE:CBRAIN/summary
42,OK,OCSE,CHEMM,OCSE:CHEMM,ChemoMetec AS,ChemoMetec AS,name matches,https://www.gurufocus.com/stock/OCSE:CHEMM/summary
43,OK,OCSE,DEMANT,OCSE:DEMANT,Demant AS,Demant AS,name matches,https://www.gurufocus.com/stock/OCSE:DEMANT/summary
44,OK,OCSE,DSV,OCSE:DSV,DSV AS,DSV AS,name matches,https://www.gurufocus.com/stock/OCSE:DSV/summary
45,OK,OCSE,GMAB,OCSE:GMAB,Genmab AS,Genmab AS,name matches,https://www.gurufocus.com/stock/OCSE:GMAB/summary
46,OK,OCSE,NOVO B,OCSE:NOVO B,Novo Nordisk AS,Novo Nordisk AS,name matches,https://www.gurufocus.com/stock/OCSE:NOVO B/summary
47,OK,OCSE,NSIS B,OCSE:NSIS B,Novonesis (Novozymes) B,Novonesis (Novozymes) B,name matches,https://www.gurufocus.com/stock/OCSE:NSIS B/summary
48,OK,OHEL,KNEBV,OHEL:KNEBV,KONE Oyj,KONE Oyj,name matches,https://www.gurufocus.com/stock/OHEL:KNEBV/summary
49,OK,OHEL,MEKKO,OHEL:MEKKO,Marimekko Oyj,Marimekko Oyj,name matches,https://www.gurufocus.com/stock/OHEL:MEKKO/summary
50,OK,OHEL,ORNBV,OHEL:ORNBV,Orion Oyj,Orion Oyj,name matches,https://www.gurufocus.com/stock/OHEL:ORNBV/summary
51,OK,OHEL,REG1V,OHEL:REG1V,Revenio Group Oyj,Revenio Group Oyj,name matches,https://www.gurufocus.com/stock/OHEL:REG1V/summary
52,OK,XPAR,AI,XPAR:AI,Air Liquide SA,Air Liquide SA,name matches,https://www.gurufocus.com/stock/XPAR:AI/summary
53,OK,XPAR,DSY,XPAR:DSY,Dassault Systemes SE,Dassault Systemes SE,name matches,https://www.gurufocus.com/stock/XPAR:DSY/summary
54,OK,XPAR,EDEN,XPAR:EDEN,Edenred SE,Edenred SE,name matches,https://www.gurufocus.com/stock/XPAR:EDEN/summary
55,OK,XPAR,EL,XPAR:EL,EssilorLuxottica,Essilorluxottica,name matches,https://www.gurufocus.com/stock/XPAR:EL/summary
56,OK,XPAR,ERF,XPAR:ERF,Eurofins Scientific SE,Eurofins Scientific SE,name matches,https://www.gurufocus.com/stock/XPAR:ERF/summary
57,OK,XPAR,ENX,XPAR:ENX,Euronext NV,Euronext NV,name matches,https://www.gurufocus.com/stock/XPAR:ENX/summary
58,OK,XPAR,GTT,XPAR:GTT,Gaztransport et technigaz SA,Gaztransport et technigaz SA,name matches,https://www.gurufocus.com/stock/XPAR:GTT/summary
59,OK,XPAR,RMS,XPAR:RMS,Hermes International SA,Hermes International SA,name matches,https://www.gurufocus.com/stock/XPAR:RMS/summary
60,OK,XPAR,ITP,XPAR:ITP,Interparfums,Interparfums,name matches,https://www.gurufocus.com/stock/XPAR:ITP/summary
61,OK,XPAR,OR,XPAR:OR,L'Oreal SA,L'Oreal SA,name matches,https://www.gurufocus.com/stock/XPAR:OR/summary
62,OK,XPAR,LR,XPAR:LR,Legrand SA,Legrand SA,name matches,https://www.gurufocus.com/stock/XPAR:LR/summary
63,OK,XPAR,MC,XPAR:MC,Lvmh Moet Hennessy Louis Vuitton SE,Lvmh Moet Hennessy Louis Vuitton SE,name matches,https://www.gurufocus.com/stock/XPAR:MC/summary
64,OK,XPAR,NRO,XPAR:NRO,Neurones,Neurones,name matches,https://www.gurufocus.com/stock/XPAR:NRO/summary
65,OK,XPAR,RBT,XPAR:RBT,Robertet SA,Robertet SA,name matches,https://www.gurufocus.com/stock/XPAR:RBT/summary
66,OK,XPAR,SAF,XPAR:SAF,Safran SA,Safran SA,name matches,https://www.gurufocus.com/stock/XPAR:SAF/summary
67,OK,XPAR,SAN,XPAR:SAN,Sanofi SA,Sanofi SA,name matches,https://www.gurufocus.com/stock/XPAR:SAN/summary
68,OK,XPAR,DIM,XPAR:DIM,Sartorius Stedim Biotech SA,Sartorius Stedim Biotech SA,name matches,https://www.gurufocus.com/stock/XPAR:DIM/summary
69,OK,XPAR,SU,XPAR:SU,Schneider Electric SE,Schneider Electric SE,name matches,https://www.gurufocus.com/stock/XPAR:SU/summary
70,OK,XPAR,DG,XPAR:DG,Vinci SA,Vinci SA,name matches,https://www.gurufocus.com/stock/XPAR:DG/summary
71,OK,XTER,AAD,XTER:AAD,Amadeus Fire AG,Amadeus Fire AG,name matches,https://www.gurufocus.com/stock/XTER:AAD/summary
72,OK,XTER,AOF,XTER:AOF,ATOSS Software SE,ATOSS Software SE,name matches,https://www.gurufocus.com/stock/XTER:AOF/summary
73,OK,XTER,BC8,XTER:BC8,Bechtle AG,Bechtle AG,name matches,https://www.gurufocus.com/stock/XTER:BC8/summary
74,OK,XTER,AFX,XTER:AFX,Carl Zeiss Meditec AG,Carl Zeiss Meditec AG,name matches,https://www.gurufocus.com/stock/XTER:AFX/summary
75,OK,XTER,EVD,XTER:EVD,CTS Eventim AG & Co. KGaA,CTS Eventim AG & Co. KGaA,name matches,https://www.gurufocus.com/stock/XTER:EVD/summary
76,OK,XTER,DB1,XTER:DB1,Deutsche Boerse AG,Deutsche Boerse AG,name matches,https://www.gurufocus.com/stock/XTER:DB1/summary
77,OK,XTER,MUM,XTER:MUM,Mensch und Maschine Software SE,Mensch und Maschine Software SE,name matches,https://www.gurufocus.com/stock/XTER:MUM/summary
78,OK,XTER,NEM,XTER:NEM,Nemetschek SE,Nemetschek SE,name matches,https://www.gurufocus.com/stock/XTER:NEM/summary
79,OK,XTER,RAA,XTER:RAA,Rational AG,Rational AG,name matches,https://www.gurufocus.com/stock/XTER:RAA/summary
80,OK,XTER,SAP,XTER:SAP,SAP SE,SAP SE,name matches,https://www.gurufocus.com/stock/XTER:SAP/summary
81,OK,XTER,SRT3,XTER:SRT3,Sartorius AG,Sartorius AG,name matches,https://www.gurufocus.com/stock/XTER:SRT3/summary
82,OK,XTER,SY1,XTER:SY1,Symrise AG,Symrise AG,name matches,https://www.gurufocus.com/stock/XTER:SY1/summary
83,RESTRICTED,NSE,INFY,NSE:INFY,Infosys,,403 unsubscribed/restricted region,https://www.gurufocus.com/stock/NSE:INFY/summary
84,OK,NYSE,ACN,ACN,Accenture PLC,Accenture PLC,name matches,https://www.gurufocus.com/stock/ACN/summary
85,RESTRICTED,LSE,EXPN,LSE:EXPN,Experian,,403 unsubscribed/restricted region,https://www.gurufocus.com/stock/LSE:EXPN/summary
87,OK,MIL,AMP,MIL:AMP,Amplifon SpA,Amplifon SpA,name matches,https://www.gurufocus.com/stock/MIL:AMP/summary
88,OK,MIL,DIA,MIL:DIA,Diasorin SpA,Diasorin SpA,name matches,https://www.gurufocus.com/stock/MIL:DIA/summary
89,OK,MIL,RACE,MIL:RACE,Ferrari NV,Ferrari NV,name matches,https://www.gurufocus.com/stock/MIL:RACE/summary
90,OK,MIL,IP,MIL:IP,Interpump Group SpA,Interpump Group SpA,name matches,https://www.gurufocus.com/stock/MIL:IP/summary
91,OK,MIL,MONC,MIL:MONC,Moncler SpA,Moncler SpA,name matches,https://www.gurufocus.com/stock/MIL:MONC/summary
92,OK,MIL,PRY,MIL:PRY,Prysmian SpA,Prysmian SpA,name matches,https://www.gurufocus.com/stock/MIL:PRY/summary
93,OK,MIL,REC,MIL:REC,Recordati SpA,Recordati SpA,name matches,https://www.gurufocus.com/stock/MIL:REC/summary
94,OK,MIL,REY,MIL:REY,Reply SpA,Reply SpA,name matches,https://www.gurufocus.com/stock/MIL:REY/summary
95,OK,MIL,SOL,MIL:SOL,SOL SpA,SOL SpA,name matches,https://www.gurufocus.com/stock/MIL:SOL/summary
96,OK,TSE,6857,TSE:6857,Advantest Corp,Advantest Corp,name matches,https://www.gurufocus.com/stock/TSE:6857/summary
97,OK,TSE,6532,TSE:6532,BayCurrent Inc,BayCurrent Inc,name matches,https://www.gurufocus.com/stock/TSE:6532/summary
98,OK,TSE,9697,TSE:9697,Capcom Co Ltd,Capcom Co Ltd,name matches,https://www.gurufocus.com/stock/TSE:9697/summary
99,OK,TSE,6146,TSE:6146,Disco Corp,Disco Corp,name matches,https://www.gurufocus.com/stock/TSE:6146/summary
100,OK,TSE,6954,TSE:6954,Fanuc Corp,Fanuc Corp,name matches,https://www.gurufocus.com/stock/TSE:6954/summary
101,OK,TSE,3769,TSE:3769,GMO Payment Gateway Inc,GMO Payment Gateway Inc,name matches,https://www.gurufocus.com/stock/TSE:3769/summary
102,OK,TSE,7741,TSE:7741,Hoya Corp,Hoya Corp,name matches,https://www.gurufocus.com/stock/TSE:7741/summary
103,OK,TSE,4452,TSE:4452,Kao Corp,Kao Corp,name matches,https://www.gurufocus.com/stock/TSE:4452/summary
104,OK,TSE,6861,TSE:6861,Keyence Corp,Keyence Corp,name matches,https://www.gurufocus.com/stock/TSE:6861/summary
105,OK,TSE,3038,TSE:3038,Kobe Bussan Co Ltd,Kobe Bussan Co Ltd,name matches,https://www.gurufocus.com/stock/TSE:3038/summary
106,OK,TSE,6920,TSE:6920,Lasertec Corp,Lasertec Corp,name matches,https://www.gurufocus.com/stock/TSE:6920/summary
107,OK,TSE,8031,TSE:8031,Mitsui & Co Ltd,Mitsui & Co Ltd,name matches,https://www.gurufocus.com/stock/TSE:8031/summary
108,OK,TSE,5344,TSE:5344,Maruwa Co Ltd,Maruwa Co Ltd,name matches,https://www.gurufocus.com/stock/TSE:5344/summary
109,OK,TSE,7974,TSE:7974,Nintendo Co Ltd,Nintendo Co Ltd,name matches,https://www.gurufocus.com/stock/TSE:7974/summary
110,OK,TSE,4684,TSE:4684,OBIC Co Ltd,OBIC Co Ltd,name matches,https://www.gurufocus.com/stock/TSE:4684/summary
111,OK,TSE,5713,TSE:5713,Sumitomo Metal Mining Co Ltd,Sumitomo Metal Mining Co Ltd,name matches,https://www.gurufocus.com/stock/TSE:5713/summary
112,OK,TSE,8035,TSE:8035,Tokyo Electron Ltd,Tokyo Electron Ltd,name matches,https://www.gurufocus.com/stock/TSE:8035/summary
113,OK,XAMS,ADYEN,XAMS:ADYEN,Adyen NV,Adyen NV,name matches,https://www.gurufocus.com/stock/XAMS:ADYEN/summary
114,OK,XAMS,ASM,XAMS:ASM,ASM International NV,ASM International NV,name matches,https://www.gurufocus.com/stock/XAMS:ASM/summary
115,OK,XAMS,ASML,XAMS:ASML,ASML Holding NV,ASML Holding NV,name matches,https://www.gurufocus.com/stock/XAMS:ASML/summary
116,OK,XAMS,BESI,XAMS:BESI,BE Semiconductor Industries NV,BE Semiconductor Industries NV,name matches,https://www.gurufocus.com/stock/XAMS:BESI/summary
117,OK,XAMS,HOLCO,XAMS:HOLCO,Holland Colours,Holland Colours,name matches,https://www.gurufocus.com/stock/XAMS:HOLCO/summary
118,OK,XAMS,IMCD,XAMS:IMCD,IMCD NV,IMCD NV,name matches,https://www.gurufocus.com/stock/XAMS:IMCD/summary
119,RESTRICTED,TSXV,TOI,TSXV:TOI,Topicus,,403 unsubscribed/restricted region,https://www.gurufocus.com/stock/TSXV:TOI/summary
120,OK,XAMS,UMG,XAMS:UMG,Universal Music Group NV,Universal Music Group NV,name matches,https://www.gurufocus.com/stock/XAMS:UMG/summary
121,OK,XAMS,WKL,XAMS:WKL,Wolters Kluwer NV,Wolters Kluwer NV,name matches,https://www.gurufocus.com/stock/XAMS:WKL/summary
122,RESTRICTED,NZSE,FPH,NZSE:FPH,Fisher & Paykel Healthcare,,403 unsubscribed/restricted region,https://www.gurufocus.com/stock/NZSE:FPH/summary
123,RESTRICTED,NZSE,MFT,NZSE:MFT,Mainfreight,,403 unsubscribed/restricted region,https://www.gurufocus.com/stock/NZSE:MFT/summary
124,RESTRICTED,NZSE,NZX,NZSE:NZX,NZX,,403 unsubscribed/restricted region,https://www.gurufocus.com/stock/NZSE:NZX/summary
125,RESTRICTED,NZSE,POT,NZSE:POT,Port of Tauranga,,403 unsubscribed/restricted region,https://www.gurufocus.com/stock/NZSE:POT/summary
126,RESTRICTED,ASX,XRO,ASX:XRO,Xero,,403 unsubscribed/restricted region,https://www.gurufocus.com/stock/ASX:XRO/summary
127,OK,OSL,NORBT,OSL:NORBT,Norbit ASA,Norbit ASA,name matches,https://www.gurufocus.com/stock/OSL:NORBT/summary
128,OK,WAR,ATP,WAR:ATP,Atlanta Poland SA,Atlanta Poland SA,name matches,https://www.gurufocus.com/stock/WAR:ATP/summary
129,OK,WAR,DNP,WAR:DNP,Dino Polska SA,Dino Polska SA,name matches,https://www.gurufocus.com/stock/WAR:DNP/summary
130,OK,WAR,SGN,WAR:SGN,Sygnity SA,Sygnity SA,name matches,https://www.gurufocus.com/stock/WAR:SGN/summary
131,OK,WAR,TXT,WAR:TXT,Text SA,Text SA,name matches,https://www.gurufocus.com/stock/WAR:TXT/summary
132,OK,WAR,XTB,WAR:XTB,XTB SA,XTB SA,name matches,https://www.gurufocus.com/stock/WAR:XTB/summary
133,OK,NYSE,SE,SE,Sea Ltd,Sea Ltd,name matches,https://www.gurufocus.com/stock/SE/summary
134,OK,XKRX,005930,XKRX:005930,Samsung Electronics Co Ltd,Samsung Electronics Co Ltd,name matches,https://www.gurufocus.com/stock/XKRX:005930/summary
135,OK,XMAD,AMS,XMAD:AMS,Amadeus IT Group SA,Amadeus IT Group SA,name matches,https://www.gurufocus.com/stock/XMAD:AMS/summary
136,OK,XMAD,ITX,XMAD:ITX,Industria De Diseno Textil SA,Industria De Diseno Textil SA,name matches,https://www.gurufocus.com/stock/XMAD:ITX/summary
137,OK,XMAD,VID,XMAD:VID,Vidrala SA,Vidrala SA,name matches,https://www.gurufocus.com/stock/XMAD:VID/summary
138,OK,OSTO,ADDT B,OSTO:ADDT B,Addtech AB,Addtech AB,name matches,https://www.gurufocus.com/stock/OSTO:ADDT B/summary
139,OK,OSTO,ASSA B,OSTO:ASSA B,Assa Abloy AB,Assa Abloy AB,name matches,https://www.gurufocus.com/stock/OSTO:ASSA B/summary
140,OK,OSTO,ATCO A,OSTO:ATCO A,Atlas Copco AB,Atlas Copco AB,name matches,https://www.gurufocus.com/stock/OSTO:ATCO A/summary
141,OK,OSTO,BIOG B,OSTO:BIOG B,BioGaia AB,BioGaia AB,name matches,https://www.gurufocus.com/stock/OSTO:BIOG B/summary
142,OK,OSTO,CEVI,OSTO:CEVI,CellaVision AB,CellaVision AB,name matches,https://www.gurufocus.com/stock/OSTO:CEVI/summary
143,OK,OSTO,EVO,OSTO:EVO,Evolution AB,Evolution AB,name matches,https://www.gurufocus.com/stock/OSTO:EVO/summary
144,OK,OSTO,HEM,OSTO:HEM,Hemnet Group AB,Hemnet Group AB,name matches,https://www.gurufocus.com/stock/OSTO:HEM/summary
145,OK,OSTO,HEXA B,OSTO:HEXA B,Hexagon AB,Hexagon AB,name matches,https://www.gurufocus.com/stock/OSTO:HEXA B/summary
146,OK,OSTO,HMS,OSTO:HMS,HMS Networks AB,HMS Networks AB,name matches,https://www.gurufocus.com/stock/OSTO:HMS/summary
147,OK,OSTO,INDT,OSTO:INDT,Indutrade AB,Indutrade AB,name matches,https://www.gurufocus.com/stock/OSTO:INDT/summary
148,OK,OSTO,LATO B,OSTO:LATO B,Investment AB Latour,Investment AB Latour,name matches,https://www.gurufocus.com/stock/OSTO:LATO B/summary
149,OK,OSTO,INVE B,OSTO:INVE B,Investor AB,Investor AB,name matches,https://www.gurufocus.com/stock/OSTO:INVE B/summary
150,OK,OSTO,IVSO,OSTO:IVSO,Invisio AB,Invisio AB,name matches,https://www.gurufocus.com/stock/OSTO:IVSO/summary
151,OK,OSTO,LAGR B,OSTO:LAGR B,Lagercrantz Group AB,Lagercrantz Group AB,name matches,https://www.gurufocus.com/stock/OSTO:LAGR B/summary
152,OK,OSTO,LIFCO B,OSTO:LIFCO B,Lifco AB,Lifco AB,name matches,https://www.gurufocus.com/stock/OSTO:LIFCO B/summary
153,OK,OSTO,MYCR,OSTO:MYCR,Mycronic AB,Mycronic AB,name matches,https://www.gurufocus.com/stock/OSTO:MYCR/summary
154,OK,OSTO,NIBE B,OSTO:NIBE B,NIBE Industrier AB,NIBE Industrier AB,name matches,https://www.gurufocus.com/stock/OSTO:NIBE B/summary
155,OK,OSTO,SECT B,OSTO:SECT B,Sectra AB,Sectra AB,name matches,https://www.gurufocus.com/stock/OSTO:SECT B/summary
156,OK,OSTO,TEQ,OSTO:TEQ,Teqnion AB,Teqnion AB,name matches,https://www.gurufocus.com/stock/OSTO:TEQ/summary
157,OK,OSTO,VIT B,OSTO:VIT B,Vitec Software Group AB,Vitec Software Group AB,name matches,https://www.gurufocus.com/stock/OSTO:VIT B/summary
158,OK,OSTO,VITR,OSTO:VITR,Vitrolife AB,Vitrolife AB,name matches,https://www.gurufocus.com/stock/OSTO:VITR/summary
159,OK,XSWX,ABBN,XSWX:ABBN,ABB Ltd,ABB Ltd,name matches,https://www.gurufocus.com/stock/XSWX:ABBN/summary
160,OK,XSWX,BEAN,XSWX:BEAN,Belimo Holding AG,Belimo Holding AG,name matches,https://www.gurufocus.com/stock/XSWX:BEAN/summary
161,OK,XAMS,DSFIR,XAMS:DSFIR,DSM-Firmenich AG,DSM-Firmenich AG,name matches,https://www.gurufocus.com/stock/XAMS:DSFIR/summary
162,OK,XSWX,GEBN,XSWX:GEBN,Geberit AG,Geberit AG,name matches,https://www.gurufocus.com/stock/XSWX:GEBN/summary
163,OK,XSWX,GIVN,XSWX:GIVN,Givaudan SA,Givaudan SA,name matches,https://www.gurufocus.com/stock/XSWX:GIVN/summary
164,OK,XSWX,IFCN,XSWX:IFCN,Inficon Holding AG,Inficon Holding AG,name matches,https://www.gurufocus.com/stock/XSWX:IFCN/summary
165,OK,XSWX,KNIN,XSWX:KNIN,Kuehne + Nagel International AG,Kuehne + Nagel International AG,name matches,https://www.gurufocus.com/stock/XSWX:KNIN/summary
166,OK,XSWX,LISN,XSWX:LISN,Chocoladefabriken Lindt & Spruengli AG,Chocoladefabriken Lindt & Spruengli AG,name matches,https://www.gurufocus.com/stock/XSWX:LISN/summary
167,OK,XSWX,LOGN,XSWX:LOGN,Logitech International SA,Logitech International SA,name matches,https://www.gurufocus.com/stock/XSWX:LOGN/summary
168,OK,XSWX,NOVN,XSWX:NOVN,Novartis AG,Novartis AG,name matches,https://www.gurufocus.com/stock/XSWX:NOVN/summary
169,OK,XSWX,PGHN,XSWX:PGHN,Partners Group Holding AG,Partners Group Holding AG,name matches,https://www.gurufocus.com/stock/XSWX:PGHN/summary
170,OK,XSWX,CFR,XSWX:CFR,Compagnie Financiere Richemont SA,Compagnie Financiere Richemont SA,name matches,https://www.gurufocus.com/stock/XSWX:CFR/summary
171,OK,XSWX,ROP,XSWX:ROP,Roche Holding AG,Roche Holding AG,name matches,https://www.gurufocus.com/stock/XSWX:ROP/summary
172,OK,XSWX,SCHN,XSWX:SCHN,Schindler Holding AG,Schindler Holding AG,name matches,https://www.gurufocus.com/stock/XSWX:SCHN/summary
173,OK,XSWX,SIKA,XSWX:SIKA,Sika AG,Sika AG,name matches,https://www.gurufocus.com/stock/XSWX:SIKA/summary
174,OK,XSWX,SOON,XSWX:SOON,Sonova Holding AG,Sonova Holding AG,name matches,https://www.gurufocus.com/stock/XSWX:SOON/summary
175,OK,XSWX,STMN,XSWX:STMN,Straumann Holding AG,Straumann Holding AG,name matches,https://www.gurufocus.com/stock/XSWX:STMN/summary
176,OK,XSWX,SQN,XSWX:SQN,Swissquote Group Holding SA,Swissquote Group Holding SA,name matches,https://www.gurufocus.com/stock/XSWX:SQN/summary
177,OK,XSWX,VZN,XSWX:VZN,VZ Holding AG,VZ Holding AG,name matches,https://www.gurufocus.com/stock/XSWX:VZN/summary
179,RESTRICTED,LSE,BAG,LSE:BAG,AG Barr,,403 unsubscribed/restricted region,https://www.gurufocus.com/stock/LSE:BAG/summary
180,RESTRICTED,LSE,ALFA,LSE:ALFA,Alfa Financial Software Holdings,,403 unsubscribed/restricted region,https://www.gurufocus.com/stock/LSE:ALFA/summary
181,RESTRICTED,LSE,AHT,LSE:AHT,Ashtead Group,,403 unsubscribed/restricted region,https://www.gurufocus.com/stock/LSE:AHT/summary
182,RESTRICTED,LSE,AZN,LSE:AZN,AstraZeneca,,403 unsubscribed/restricted region,https://www.gurufocus.com/stock/LSE:AZN/summary
183,RESTRICTED,LSE,AUTO,LSE:AUTO,Autotrader,,403 unsubscribed/restricted region,https://www.gurufocus.com/stock/LSE:AUTO/summary
184,RESTRICTED,LSE,BVXP,LSE:BVXP,Bioventix,,403 unsubscribed/restricted region,https://www.gurufocus.com/stock/LSE:BVXP/summary
185,RESTRICTED,LSE,CER,LSE:CER,Cerillion,,403 unsubscribed/restricted region,https://www.gurufocus.com/stock/LSE:CER/summary
186,RESTRICTED,LSE,CKN,LSE:CKN,Clarkson,,403 unsubscribed/restricted region,https://www.gurufocus.com/stock/LSE:CKN/summary
187,RESTRICTED,LSE,CCC,LSE:CCC,Computacenter,,403 unsubscribed/restricted region,https://www.gurufocus.com/stock/LSE:CCC/summary
188,RESTRICTED,LSE,DPLM,LSE:DPLM,Diploma,,403 unsubscribed/restricted region,https://www.gurufocus.com/stock/LSE:DPLM/summary
189,RESTRICTED,LSE,GAMA,LSE:GAMA,Gamma Communications,,403 unsubscribed/restricted region,https://www.gurufocus.com/stock/LSE:GAMA/summary
190,RESTRICTED,LSE,GRG,LSE:GRG,Greggs,,403 unsubscribed/restricted region,https://www.gurufocus.com/stock/LSE:GRG/summary
191,RESTRICTED,LSE,HLMA,LSE:HLMA,Halma,,403 unsubscribed/restricted region,https://www.gurufocus.com/stock/LSE:HLMA/summary
192,RESTRICTED,LSE,JDG,LSE:JDG,Judges Scientific,,403 unsubscribed/restricted region,https://www.gurufocus.com/stock/LSE:JDG/summary
193,RESTRICTED,LSE,LSEG,LSE:LSEG,LSEG,,403 unsubscribed/restricted region,https://www.gurufocus.com/stock/LSE:LSEG/summary
194,RESTRICTED,LSE,NET,LSE:NET,Netcall,,403 unsubscribed/restricted region,https://www.gurufocus.com/stock/LSE:NET/summary
195,RESTRICTED,LSE,RKT,LSE:RKT,Reckitt Benckiser,,403 unsubscribed/restricted region,https://www.gurufocus.com/stock/LSE:RKT/summary
196,RESTRICTED,LSE,REL,LSE:REL,RELX,,403 unsubscribed/restricted region,https://www.gurufocus.com/stock/LSE:REL/summary
197,RESTRICTED,LSE,RMV,LSE:RMV,Rightmove,,403 unsubscribed/restricted region,https://www.gurufocus.com/stock/LSE:RMV/summary
198,RESTRICTED,LSE,SGE,LSE:SGE,Sage Group,,403 unsubscribed/restricted region,https://www.gurufocus.com/stock/LSE:SGE/summary
199,RESTRICTED,LSE,SCT,LSE:SCT,Softcat,,403 unsubscribed/restricted region,https://www.gurufocus.com/stock/LSE:SCT/summary
200,RESTRICTED,LSE,SPSY,LSE:SPSY,Spectra Systems,,403 unsubscribed/restricted region,https://www.gurufocus.com/stock/LSE:SPSY/summary
201,RESTRICTED,LSE,SPX,LSE:SPX,Spirax Sarco,,403 unsubscribed/restricted region,https://www.gurufocus.com/stock/LSE:SPX/summary
202,RESTRICTED,LSE,TET,LSE:TET,Treatt,,403 unsubscribed/restricted region,https://www.gurufocus.com/stock/LSE:TET/summary
203,RESTRICTED,LSE,TSTL,LSE:TSTL,Tristel,,403 unsubscribed/restricted region,https://www.gurufocus.com/stock/LSE:TSTL/summary
204,RESTRICTED,LSE,YOU,LSE:YOU,YouGov,,403 unsubscribed/restricted region,https://www.gurufocus.com/stock/LSE:YOU/summary
205,OK,NYSE,AOS,AOS,A.O. Smith Corp,A.O. Smith Corp,name matches,https://www.gurufocus.com/stock/AOS/summary
206,OK,NYSE,ABT,ABT,Abbott Laboratories,Abbott Laboratories,name matches,https://www.gurufocus.com/stock/ABT/summary
207,OK,NYSE,ABBV,ABBV,AbbVie Inc,AbbVie Inc,name matches,https://www.gurufocus.com/stock/ABBV/summary
208,OK,NASDAQ,ADBE,ADBE,Adobe Inc,Adobe Inc,name matches,https://www.gurufocus.com/stock/ADBE/summary
209,OK,NASDAQ,AMD,AMD,Advanced Micro Devices Inc,Advanced Micro Devices Inc,name matches,https://www.gurufocus.com/stock/AMD/summary
210,OK,NYSE,A,A,Agilent Technologies Inc,Agilent Technologies Inc,name matches,https://www.gurufocus.com/stock/A/summary
211,OK,NASDAQ,GOOGL,GOOGL,Alphabet Inc,Alphabet Inc,name matches,https://www.gurufocus.com/stock/GOOGL/summary
212,OK,NASDAQ,AMZN,AMZN,Amazon.com Inc,Amazon.com Inc,name matches,https://www.gurufocus.com/stock/AMZN/summary
213,OK,NYSE,AMT,AMT,American Tower Corp,American Tower Corp,name matches,https://www.gurufocus.com/stock/AMT/summary
214,OK,NYSE,AME,AME,AMETEK Inc,AMETEK Inc,name matches,https://www.gurufocus.com/stock/AME/summary
215,OK,NYSE,APH,APH,Amphenol Corp,Amphenol Corp,name matches,https://www.gurufocus.com/stock/APH/summary
216,OK,NASDAQ,ADI,ADI,Analog Devices Inc,Analog Devices Inc,name matches,https://www.gurufocus.com/stock/ADI/summary
218,OK,NASDAQ,APPF,APPF,AppFolio Inc,AppFolio Inc,name matches,https://www.gurufocus.com/stock/APPF/summary
219,OK,NASDAQ,AAPL,AAPL,Apple Inc,Apple Inc,name matches,https://www.gurufocus.com/stock/AAPL/summary
220,OK,NASDAQ,AMAT,AMAT,Applied Materials Inc,Applied Materials Inc,name matches,https://www.gurufocus.com/stock/AMAT/summary
221,OK,NYSE,ANET,ANET,Arista Networks Inc,Arista Networks Inc,name matches,https://www.gurufocus.com/stock/ANET/summary
223,OK,NASDAQ,ADSK,ADSK,Autodesk Inc,Autodesk Inc,name matches,https://www.gurufocus.com/stock/ADSK/summary
224,OK,NASDAQ,ADP,ADP,Automatic Data Processing Inc,Automatic Data Processing Inc,name matches,https://www.gurufocus.com/stock/ADP/summary
225,OK,NYSE,AZO,AZO,AutoZone Inc,AutoZone Inc,name matches,https://www.gurufocus.com/stock/AZO/summary
226,OK,NASDAQ,AXON,AXON,Axon Enterprise Inc,Axon Enterprise Inc,name matches,https://www.gurufocus.com/stock/AXON/summary
227,OK,NYSE,BMI,BMI,Badger Meter Inc,Badger Meter Inc,name matches,https://www.gurufocus.com/stock/BMI/summary
228,OK,NYSE,BLK,BLK,BlackRock Inc,BlackRock Inc,name matches,https://www.gurufocus.com/stock/BLK/summary
229,OK,NASDAQ,BKNG,BKNG,Booking Holdings Inc,Booking Holdings Inc,name matches,https://www.gurufocus.com/stock/BKNG/summary
230,OK,NASDAQ,AVGO,AVGO,Broadcom Inc,Broadcom Inc,name matches,https://www.gurufocus.com/stock/AVGO/summary
231,OK,NYSE,BR,BR,Broadridge Financial Solutions Inc,Broadridge Financial Solutions Inc,name matches,https://www.gurufocus.com/stock/BR/summary
232,OK,NYSE,BRO,BRO,Brown & Brown Inc,Brown & Brown Inc,name matches,https://www.gurufocus.com/stock/BRO/summary
233,OK,NASDAQ,CDNS,CDNS,Cadence Design Systems Inc,Cadence Design Systems Inc,name matches,https://www.gurufocus.com/stock/CDNS/summary
234,OK,NASDAQ,CVCO,CVCO,Cavco Industries Inc,Cavco Industries Inc,name matches,https://www.gurufocus.com/stock/CVCO/summary
235,OK,NYSE,CBOE,CBOE,Cboe Global Markets Inc,Cboe Global Markets Inc,name matches,https://www.gurufocus.com/stock/CBOE/summary
236,OK,NYSE,CHE,CHE,Chemed Corp,Chemed Corp,name matches,https://www.gurufocus.com/stock/CHE/summary
237,OK,NYSE,CHD,CHD,Church & Dwight Co Inc,Church & Dwight Co Inc,name matches,https://www.gurufocus.com/stock/CHD/summary
238,OK,NASDAQ,CTAS,CTAS,Cintas Corp,Cintas Corp,name matches,https://www.gurufocus.com/stock/CTAS/summary
239,OK,NASDAQ,CME,CME,CME Group Inc,CME Group Inc,name matches,https://www.gurufocus.com/stock/CME/summary
240,OK,NYSE,KO,KO,Coca-Cola Co,Coca-Cola Co,name matches,https://www.gurufocus.com/stock/KO/summary
241,OK,NASDAQ,CTSH,CTSH,Cognizant Technology Solutions Corp,Cognizant Technology Solutions Corp,name matches,https://www.gurufocus.com/stock/CTSH/summary
242,OK,NYSE,CL,CL,Colgate-Palmolive Co,Colgate-Palmolive Co,name matches,https://www.gurufocus.com/stock/CL/summary
243,OK,NYSE,FIX,FIX,Comfort Systems USA Inc,Comfort Systems USA Inc,name matches,https://www.gurufocus.com/stock/FIX/summary
244,OK,NASDAQ,CVLT,CVLT,CommVault Systems Inc,CommVault Systems Inc,name matches,https://www.gurufocus.com/stock/CVLT/summary
245,OK,NASDAQ,CPRT,CPRT,Copart Inc,Copart Inc,name matches,https://www.gurufocus.com/stock/CPRT/summary
246,OK,NASDAQ,CSGP,CSGP,CoStar Group Inc,CoStar Group Inc,name matches,https://www.gurufocus.com/stock/CSGP/summary
247,OK,NASDAQ,COST,COST,Costco Wholesale Corp,Costco Wholesale Corp,name matches,https://www.gurufocus.com/stock/COST/summary
248,OK,NASDAQ,CRWD,CRWD,CrowdStrike Holdings Inc,CrowdStrike Holdings Inc,name matches,https://www.gurufocus.com/stock/CRWD/summary
249,OK,NYSE,DHR,DHR,Danaher Corp,Danaher Corp,name matches,https://www.gurufocus.com/stock/DHR/summary
250,OK,NYSE,DE,DE,Deere & Co,Deere & Co,name matches,https://www.gurufocus.com/stock/DE/summary
251,OK,NYSE,DLR,DLR,Digital Realty Trust Inc,Digital Realty Trust Inc,name matches,https://www.gurufocus.com/stock/DLR/summary
252,OK,NYSE,ECL,ECL,Ecolab Inc,Ecolab Inc,name matches,https://www.gurufocus.com/stock/ECL/summary
253,OK,NYSE,EW,EW,Edwards Lifesciences Corp,Edwards Lifesciences Corp,name matches,https://www.gurufocus.com/stock/EW/summary
254,OK,NYSE,LLY,LLY,Eli Lilly and Co,Eli Lilly and Co,name matches,https://www.gurufocus.com/stock/LLY/summary
255,OK,NYSE,EFX,EFX,Equifax Inc,Equifax Inc,name matches,https://www.gurufocus.com/stock/EFX/summary
256,OK,NASDAQ,EQIX,EQIX,Equinix Inc,Equinix Inc,name matches,https://www.gurufocus.com/stock/EQIX/summary
257,OK,NYSE,EXPD,EXPD,Expeditors International of Washington Inc,Expeditors International of Washington Inc,name matches,https://www.gurufocus.com/stock/EXPD/summary
258,OK,NASDAQ,EXPO,EXPO,Exponent Inc,Exponent Inc,name matches,https://www.gurufocus.com/stock/EXPO/summary
259,OK,NYSE,FN,FN,Fabrinet,Fabrinet,name matches,https://www.gurufocus.com/stock/FN/summary
260,OK,NYSE,FDS,FDS,FactSet Research Systems Inc,FactSet Research Systems Inc,name matches,https://www.gurufocus.com/stock/FDS/summary
261,OK,NYSE,FICO,FICO,Fair Isaac Corp,Fair Isaac Corp,name matches,https://www.gurufocus.com/stock/FICO/summary
262,OK,NASDAQ,FAST,FAST,Fastenal Co,Fastenal Co,name matches,https://www.gurufocus.com/stock/FAST/summary
264,OK,NASDAQ,FTNT,FTNT,Fortinet Inc,Fortinet Inc,name matches,https://www.gurufocus.com/stock/FTNT/summary
265,OK,NYSE,IT,IT,Gartner Inc,Gartner Inc,name matches,https://www.gurufocus.com/stock/IT/summary
266,OK,NYSE,HEI,HEI,Heico Corp,Heico Corp,name matches,https://www.gurufocus.com/stock/HEI/summary
267,OK,NYSE,HSY,HSY,The Hershey Co,The Hershey Co,name matches,https://www.gurufocus.com/stock/HSY/summary
268,OK,NYSE,HD,HD,The Home Depot Inc,The Home Depot Inc,name matches,https://www.gurufocus.com/stock/HD/summary
269,OK,NYSE,IEX,IEX,IDEX Corp,IDEX Corp,name matches,https://www.gurufocus.com/stock/IEX/summary
270,OK,NASDAQ,IDXX,IDXX,IDEXX Laboratories Inc,IDEXX Laboratories Inc,name matches,https://www.gurufocus.com/stock/IDXX/summary
271,OK,NYSE,ITW,ITW,Illinois Tool Works Inc,Illinois Tool Works Inc,name matches,https://www.gurufocus.com/stock/ITW/summary
272,OK,NASDAQ,IBKR,IBKR,Interactive Brokers Group Inc,Interactive Brokers Group Inc,name matches,https://www.gurufocus.com/stock/IBKR/summary
273,OK,NYSE,ICE,ICE,Intercontinental Exchange Inc,Intercontinental Exchange Inc,name matches,https://www.gurufocus.com/stock/ICE/summary
274,OK,NASDAQ,INTU,INTU,Intuit Inc,Intuit Inc,name matches,https://www.gurufocus.com/stock/INTU/summary
275,OK,NASDAQ,ISRG,ISRG,Intuitive Surgical Inc,Intuitive Surgical Inc,name matches,https://www.gurufocus.com/stock/ISRG/summary
276,OK,NASDAQ,JKHY,JKHY,Jack Henry & Associates Inc,Jack Henry & Associates Inc,name matches,https://www.gurufocus.com/stock/JKHY/summary
277,OK,NYSE,JNJ,JNJ,Johnson & Johnson,Johnson & Johnson,name matches,https://www.gurufocus.com/stock/JNJ/summary
278,OK,NYSE,KNSL,KNSL,Kinsale Capital Group Inc,Kinsale Capital Group Inc,name matches,https://www.gurufocus.com/stock/KNSL/summary
279,OK,NASDAQ,KLAC,KLAC,KLA Corp,KLA Corp,name matches,https://www.gurufocus.com/stock/KLAC/summary
280,OK,NASDAQ,LRCX,LRCX,Lam Research Corp,Lam Research Corp,name matches,https://www.gurufocus.com/stock/LRCX/summary
281,OK,NASDAQ,LSTR,LSTR,Landstar System Inc,Landstar System Inc,name matches,https://www.gurufocus.com/stock/LSTR/summary
282,OK,NASDAQ,LMAT,LMAT,LeMaitre Vascular Inc,LeMaitre Vascular Inc,name matches,https://www.gurufocus.com/stock/LMAT/summary
283,OK,NYSE,LII,LII,Lennox International Inc,Lennox International Inc,name matches,https://www.gurufocus.com/stock/LII/summary
284,OK,NYSE,LECO,LECO,Lincoln Electric Holdings Inc,Lincoln Electric Holdings Inc,name matches,https://www.gurufocus.com/stock/LECO/summary
285,OK,NYSE,LOW,LOW,Lowe's Companies Inc,Lowe's Companies Inc,name matches,https://www.gurufocus.com/stock/LOW/summary
286,OK,NASDAQ,MANH,MANH,Manhattan Associates Inc,Manhattan Associates Inc,name matches,https://www.gurufocus.com/stock/MANH/summary
287,OK,NYSE,MRSH,MRSH,Marsh,Marsh,name matches,https://www.gurufocus.com/stock/MRSH/summary
288,OK,NYSE,MA,MA,Mastercard Inc,Mastercard Inc,name matches,https://www.gurufocus.com/stock/MA/summary
289,OK,NYSE,MCD,MCD,McDonald's Corp,McDonald's Corp,name matches,https://www.gurufocus.com/stock/MCD/summary
290,OK,NASDAQ,MEDP,MEDP,Medpace Holdings Inc,Medpace Holdings Inc,name matches,https://www.gurufocus.com/stock/MEDP/summary
291,OK,NYSE,MDT,MDT,Medtronic PLC,Medtronic PLC,name matches,https://www.gurufocus.com/stock/MDT/summary
292,OK,NASDAQ,MELI,MELI,MercadoLibre Inc,MercadoLibre Inc,name matches,https://www.gurufocus.com/stock/MELI/summary
293,OK,NASDAQ,META,META,Meta Platforms Inc,Meta Platforms Inc,name matches,https://www.gurufocus.com/stock/META/summary
294,OK,NYSE,MTD,MTD,Mettler-Toledo International Inc,Mettler-Toledo International Inc,name matches,https://www.gurufocus.com/stock/MTD/summary
295,OK,NASDAQ,MCHP,MCHP,Microchip Technology Inc,Microchip Technology Inc,name matches,https://www.gurufocus.com/stock/MCHP/summary
296,OK,NASDAQ,MSFT,MSFT,Microsoft Corp,Microsoft Corp,name matches,https://www.gurufocus.com/stock/MSFT/summary
297,OK,NASDAQ,MPWR,MPWR,Monolithic Power Systems Inc,Monolithic Power Systems Inc,name matches,https://www.gurufocus.com/stock/MPWR/summary
298,OK,NASDAQ,MNST,MNST,Monster Beverage Corp,Monster Beverage Corp,name matches,https://www.gurufocus.com/stock/MNST/summary
299,OK,NYSE,MCO,MCO,Moodys Corp,Moodys Corp,name matches,https://www.gurufocus.com/stock/MCO/summary
300,OK,NASDAQ,MORN,MORN,Morningstar Inc,Morningstar Inc,name matches,https://www.gurufocus.com/stock/MORN/summary
301,OK,NYSE,MSCI,MSCI,MSCI Inc,MSCI Inc,name matches,https://www.gurufocus.com/stock/MSCI/summary
302,OK,NYSE,MLI,MLI,Mueller Industries Inc,Mueller Industries Inc,name matches,https://www.gurufocus.com/stock/MLI/summary
303,OK,NASDAQ,NDAQ,NDAQ,Nasdaq Inc,Nasdaq Inc,name matches,https://www.gurufocus.com/stock/NDAQ/summary
304,OK,NASDAQ,NFLX,NFLX,Netflix Inc,Netflix Inc,name matches,https://www.gurufocus.com/stock/NFLX/summary
305,OK,NYSE,NEE,NEE,NextEra Energy Inc,NextEra Energy Inc,name matches,https://www.gurufocus.com/stock/NEE/summary
306,OK,NYSE,NKE,NKE,Nike Inc,Nike Inc,name matches,https://www.gurufocus.com/stock/NKE/summary
307,OK,NASDAQ,NVDA,NVDA,NVIDIA Corp,NVIDIA Corp,name matches,https://www.gurufocus.com/stock/NVDA/summary
308,OK,NYSE,NVR,NVR,NVR Inc,NVR Inc,name matches,https://www.gurufocus.com/stock/NVR/summary
309,OK,NASDAQ,ODFL,ODFL,Old Dominion Freight Line Inc,Old Dominion Freight Line Inc,name matches,https://www.gurufocus.com/stock/ODFL/summary
310,OK,NYSE,ORCL,ORCL,Oracle Corp,Oracle Corp,name matches,https://www.gurufocus.com/stock/ORCL/summary
311,OK,NASDAQ,ORLY,ORLY,O'Reilly Automotive Inc,O'Reilly Automotive Inc,name matches,https://www.gurufocus.com/stock/ORLY/summary
312,OK,NASDAQ,OTCM,OTCM,OTC Markets Group Inc,OTC Markets Group Inc,name matches,https://www.gurufocus.com/stock/OTCM/summary
313,OK,NYSE,PLTR,PLTR,Palantir Technologies Inc,Palantir Technologies Inc,name matches,https://www.gurufocus.com/stock/PLTR/summary
314,OK,NASDAQ,PANW,PANW,Palo Alto Networks Inc,Palo Alto Networks Inc,name matches,https://www.gurufocus.com/stock/PANW/summary
315,OK,NYSE,PH,PH,Parker Hannifin Corp,Parker Hannifin Corp,name matches,https://www.gurufocus.com/stock/PH/summary
316,OK,NASDAQ,PAYX,PAYX,Paychex Inc,Paychex Inc,name matches,https://www.gurufocus.com/stock/PAYX/summary
317,OK,NYSE,PAYC,PAYC,Paycom Software Inc,Paycom Software Inc,name matches,https://www.gurufocus.com/stock/PAYC/summary
318,OK,NASDAQ,PEP,PEP,PepsiCo Inc,PepsiCo Inc,name matches,https://www.gurufocus.com/stock/PEP/summary
319,OK,NASDAQ,POOL,POOL,Pool Corp,Pool Corp,name matches,https://www.gurufocus.com/stock/POOL/summary
320,OK,NYSE,PG,PG,Procter & Gamble Co,Procter & Gamble Co,name matches,https://www.gurufocus.com/stock/PG/summary
321,OK,NASDAQ,QCOM,QCOM,Qualcomm Inc,Qualcomm Inc,name matches,https://www.gurufocus.com/stock/QCOM/summary
322,OK,NASDAQ,QLYS,QLYS,Qualys Inc,Qualys Inc,name matches,https://www.gurufocus.com/stock/QLYS/summary
323,OK,NYSE,RMD,RMD,ResMed Inc,ResMed Inc,name matches,https://www.gurufocus.com/stock/RMD/summary
324,OK,NYSE,ROL,ROL,Rollins Inc,Rollins Inc,name matches,https://www.gurufocus.com/stock/ROL/summary
325,OK,NASDAQ,ROP,ROP,Roper Technologies Inc,Roper Technologies Inc,name matches,https://www.gurufocus.com/stock/ROP/summary
326,OK,NYSE,SPGI,SPGI,S&P Global Inc,S&P Global Inc,name matches,https://www.gurufocus.com/stock/SPGI/summary
327,OK,NYSE,CRM,CRM,Salesforce Inc,Salesforce Inc,name matches,https://www.gurufocus.com/stock/CRM/summary
328,OK,NASDAQ,SBAC,SBAC,SBA Communications Corp,SBA Communications Corp,name matches,https://www.gurufocus.com/stock/SBAC/summary
329,OK,NYSE,NOW,NOW,ServiceNow Inc,ServiceNow Inc,name matches,https://www.gurufocus.com/stock/NOW/summary
330,OK,NYSE,SHW,SHW,Sherwin-Williams Co,Sherwin-Williams Co,name matches,https://www.gurufocus.com/stock/SHW/summary
331,OK,NASDAQ,SSD,SSD,Simpson Manufacturing Co Inc,Simpson Manufacturing Co Inc,name matches,https://www.gurufocus.com/stock/SSD/summary
332,OK,NYSE,STE,STE,Steris PLC,Steris PLC,name matches,https://www.gurufocus.com/stock/STE/summary
333,OK,NYSE,SYK,SYK,Stryker Corp,Stryker Corp,name matches,https://www.gurufocus.com/stock/SYK/summary
334,OK,NASDAQ,SNPS,SNPS,Synopsys Inc,Synopsys Inc,name matches,https://www.gurufocus.com/stock/SNPS/summary
335,OK,NYSE,TDY,TDY,Teledyne Technologies Inc,Teledyne Technologies Inc,name matches,https://www.gurufocus.com/stock/TDY/summary
336,OK,NASDAQ,TER,TER,Teradyne Inc,Teradyne Inc,name matches,https://www.gurufocus.com/stock/TER/summary
337,OK,NASDAQ,TXN,TXN,Texas Instruments Inc,Texas Instruments Inc,name matches,https://www.gurufocus.com/stock/TXN/summary
338,OK,NYSE,TPL,TPL,Texas Pacific Land Corp,Texas Pacific Land Corp,name matches,https://www.gurufocus.com/stock/TPL/summary
339,OK,NASDAQ,TXRH,TXRH,Texas Roadhouse Inc,Texas Roadhouse Inc,name matches,https://www.gurufocus.com/stock/TXRH/summary
340,OK,NYSE,TMO,TMO,Thermo Fisher Scientific Inc,Thermo Fisher Scientific Inc,name matches,https://www.gurufocus.com/stock/TMO/summary
341,OK,NYSE,TTC,TTC,The Toro Co,The Toro Co,name matches,https://www.gurufocus.com/stock/TTC/summary
342,OK,NASDAQ,TSCO,TSCO,Tractor Supply Co,Tractor Supply Co,name matches,https://www.gurufocus.com/stock/TSCO/summary
343,OK,NYSE,TT,TT,Trane Technologies PLC,Trane Technologies PLC,name matches,https://www.gurufocus.com/stock/TT/summary
344,OK,NYSE,TDG,TDG,TransDigm Group Inc,TransDigm Group Inc,name matches,https://www.gurufocus.com/stock/TDG/summary
345,OK,NYSE,UI,UI,Ubiquiti Inc,Ubiquiti Inc,name matches,https://www.gurufocus.com/stock/UI/summary
346,OK,NASDAQ,UFPI,UFPI,UFP Industries Inc,UFP Industries Inc,name matches,https://www.gurufocus.com/stock/UFPI/summary
347,OK,NASDAQ,ULTA,ULTA,Ulta Beauty Inc,Ulta Beauty Inc,name matches,https://www.gurufocus.com/stock/ULTA/summary
348,OK,NYSE,UNH,UNH,UnitedHealth Group Inc,UnitedHealth Group Inc,name matches,https://www.gurufocus.com/stock/UNH/summary
349,OK,NYSE,VEEV,VEEV,Veeva Systems Inc,Veeva Systems Inc,name matches,https://www.gurufocus.com/stock/VEEV/summary
350,OK,NASDAQ,VRSN,VRSN,VeriSign Inc,VeriSign Inc,name matches,https://www.gurufocus.com/stock/VRSN/summary
351,OK,NASDAQ,VRSK,VRSK,Verisk Analytics Inc,Verisk Analytics Inc,name matches,https://www.gurufocus.com/stock/VRSK/summary
352,OK,NYSE,V,V,Visa Inc,Visa Inc,name matches,https://www.gurufocus.com/stock/V/summary
353,OK,NYSE,WM,WM,Waste Management Inc,Waste Management Inc,name matches,https://www.gurufocus.com/stock/WM/summary
354,OK,NYSE,WAT,WAT,Waters Corp,Waters Corp,name matches,https://www.gurufocus.com/stock/WAT/summary
355,OK,NYSE,WSO,WSO,Watsco Inc,Watsco Inc,name matches,https://www.gurufocus.com/stock/WSO/summary
356,OK,NYSE,WTS,WTS,Watts Water Technologies Inc,Watts Water Technologies Inc,name matches,https://www.gurufocus.com/stock/WTS/summary
357,OK,NASDAQ,WDFC,WDFC,WD-40 Co,WD-40 Co,name matches,https://www.gurufocus.com/stock/WDFC/summary
358,OK,NYSE,WST,WST,West Pharmaceutical Services Inc,West Pharmaceutical Services Inc,name matches,https://www.gurufocus.com/stock/WST/summary
359,OK,NYSE,WSM,WSM,Williams-Sonoma Inc,Williams-Sonoma Inc,name matches,https://www.gurufocus.com/stock/WSM/summary
360,OK,NYSE,GWW,GWW,W.W. Grainger Inc,W.W. Grainger Inc,name matches,https://www.gurufocus.com/stock/GWW/summary
361,OK,NASDAQ,ZBRA,ZBRA,Zebra Technologies Corp,Zebra Technologies Corp,name matches,https://www.gurufocus.com/stock/ZBRA/summary
362,OK,NYSE,ZTS,ZTS,Zoetis Inc,Zoetis Inc,name matches,https://www.gurufocus.com/stock/ZTS/summary
406,OK,OHEL,DIGIA,OHEL:DIGIA,Digia Oyj,Digia Oyj,name matches,https://www.gurufocus.com/stock/OHEL:DIGIA/summary
508,OK,OSTO,LIME,OSTO:LIME,Lime Technologies AB,Lime Technologies AB,name matches,https://www.gurufocus.com/stock/OSTO:LIME/summary
511,OK,OSTO,NTEK B,OSTO:NTEK B,Novotek AB,Novotek AB,name matches,https://www.gurufocus.com/stock/OSTO:NTEK B/summary
585,OK,NYSE,BOX,BOX,Box Inc,Box Inc,name matches,https://www.gurufocus.com/stock/BOX/summary
627,OK,NASDAQ,PI,PI,Impinj Inc,Impinj Inc,name matches,https://www.gurufocus.com/stock/PI/summary
638,OK,NASDAQ,LNTH,LNTH,Lantheus Holdings Inc,Lantheus Holdings Inc,name matches,https://www.gurufocus.com/stock/LNTH/summary
675,OK,NASDAQ,PLXS,PLXS,Plexus Corp,Plexus Corp,name matches,https://www.gurufocus.com/stock/PLXS/summary
689,OK,NASDAQ,STRL,STRL,Sterling Infrastructure Inc,Sterling Infrastructure Inc,name matches,https://www.gurufocus.com/stock/STRL/summary
1030,OK,NASDAQ,PCTY,PCTY,Paylocity Holding Corp,Paylocity Holding Corp,name matches,https://www.gurufocus.com/stock/PCTY/summary
1202,OK,XKRX,000660,XKRX:000660,SK Hynix Inc,SK Hynix Inc,name matches,https://www.gurufocus.com/stock/XKRX:000660/summary
1447,OK,XBRU,UCB,XBRU:UCB,UCB SA,UCB SA,name matches,https://www.gurufocus.com/stock/XBRU:UCB/summary
1463,OK,NYSE,BABA,BABA,Alibaba Group Holding Ltd,Alibaba Group Holding Ltd,name matches,https://www.gurufocus.com/stock/BABA/summary
1596,OK,XSWX,SGSN,XSWX:SGSN,SGS AG,SGS AG,name matches,https://www.gurufocus.com/stock/XSWX:SGSN/summary
1611,RESTRICTED,LSE,CMCX,LSE:CMCX,CMC Markets,,403 unsubscribed/restricted region,https://www.gurufocus.com/stock/LSE:CMCX/summary
1628,RESTRICTED,LSE,ULVR,LSE:ULVR,Unilever,,403 unsubscribed/restricted region,https://www.gurufocus.com/stock/LSE:ULVR/summary
1722,OK,NASDAQ,MU,MU,Micron Technology Inc,Micron Technology Inc,name matches,https://www.gurufocus.com/stock/MU/summary
1864,OK,XTER,ELG,XTER:ELG,Elmos Semiconductor SE,Elmos Semiconductor SE,name matches,https://www.gurufocus.com/stock/XTER:ELG/summary
1974,RESTRICTED,LSE,GDWN,LSE:GDWN,Goodwin,,403 unsubscribed/restricted region,https://www.gurufocus.com/stock/LSE:GDWN/summary
2006,OK,NYSE,AJG,AJG,Arthur J. Gallagher & Co,Arthur J. Gallagher & Co,name matches,https://www.gurufocus.com/stock/AJG/summary
2035,OK,NYSE,CW,CW,Curtiss-Wright Corp,Curtiss-Wright Corp,name matches,https://www.gurufocus.com/stock/CW/summary
2076,OK,NYSE,MKTX,MKTX,MarketAxess Holdings Inc,MarketAxess Holdings Inc,name matches,https://www.gurufocus.com/stock/MKTX/summary
2111,OK,NYSE,PTC,PTC,PTC Inc,PTC Inc,name matches,https://www.gurufocus.com/stock/PTC/summary
2749,OK,NYSE,DOV,DOV,Dover Corp,Dover Corp,name matches,https://www.gurufocus.com/stock/DOV/summary
2768,OK,NYSE,IESC,IESC,IES Holdings Inc,IES Holdings Inc,name matches,https://www.gurufocus.com/stock/IESC/summary
2852,OK,NYSE,VRT,VRT,Vertiv Holdings Co,Vertiv Holdings Co,name matches,https://www.gurufocus.com/stock/VRT/summary
2938,RESTRICTED,NSE,BSE,NSE:BSE,Bombay Stock Exchange (BSE),,403 unsubscribed/restricted region,https://www.gurufocus.com/stock/NSE:BSE/summary
2939,RESTRICTED,NSE,CDSL,NSE:CDSL,CDLS,,403 unsubscribed/restricted region,https://www.gurufocus.com/stock/NSE:CDSL/summary
2940,RESTRICTED,NSE,CAMS,NSE:CAMS,Computer Age Management Services,,403 unsubscribed/restricted region,https://www.gurufocus.com/stock/NSE:CAMS/summary
2941,RESTRICTED,NSE,CRISIL,NSE:CRISIL,Crisil,,403 unsubscribed/restricted region,https://www.gurufocus.com/stock/NSE:CRISIL/summary
2944,RESTRICTED,TSX,KEI,TSX:KEI,KEI Industries,,403 unsubscribed/restricted region,https://www.gurufocus.com/stock/TSX:KEI/summary
3029,OK,TSE,2330,TSE:2330,Forside Co Ltd,Forside Co Ltd,name matches,https://www.gurufocus.com/stock/TSE:2330/summary
3085,OK,NYSE,CB,CB,Chubb Ltd,Chubb Ltd,name matches,https://www.gurufocus.com/stock/CB/summary
3116,OK,NYSE,HIG,HIG,The Hartford Insurance Group Inc,The Hartford Insurance Group Inc,name matches,https://www.gurufocus.com/stock/HIG/summary
3143,OK,NYSE,MCK,MCK,McKesson Corp,McKesson Corp,name matches,https://www.gurufocus.com/stock/MCK/summary
3167,OK,NYSE,PATK,PATK,Patrick Industries Inc,Patrick Industries Inc,name matches,https://www.gurufocus.com/stock/PATK/summary
3178,OK,NYSE,RSG,RSG,Republic Services Inc,Republic Services Inc,name matches,https://www.gurufocus.com/stock/RSG/summary
3191,OK,NYSE,TEL,TEL,TE Connectivity PLC,TE Connectivity PLC,name matches,https://www.gurufocus.com/stock/TEL/summary
3202,OK,NYSE,TRV,TRV,The Travelers Companies Inc,The Travelers Companies Inc,name matches,https://www.gurufocus.com/stock/TRV/summary
3212,OK,NYSE,WRB,WRB,WR Berkley Corp,WR Berkley Corp,name matches,https://www.gurufocus.com/stock/WRB/summary
3223,OK,TPE,2330,TPE:2330,Taiwan Semiconductor Manufacturing Co Ltd,Taiwan Semiconductor Manufacturing Co Ltd,name matches,https://www.gurufocus.com/stock/TPE:2330/summary
3224,OK,NASDAQ,GOOG,GOOG,Alphabet Inc,Alphabet Inc,name matches,https://www.gurufocus.com/stock/GOOG/summary
3225,OK,NASDAQ,TSLA,TSLA,TESLA INC,Tesla Inc,name matches,https://www.gurufocus.com/stock/TSLA/summary
3226,OK,NYSE,JPM,JPM,JPMORGAN CHASE  CO,JPMorgan Chase & Co,name matches,https://www.gurufocus.com/stock/JPM/summary
3227,OK,NYSE,BRK.B,BRK.B,Berkshire Hathaway Inc,Berkshire Hathaway Inc,name matches,https://www.gurufocus.com/stock/BRK.B/summary
3228,OK,NYSE,XOM,XOM,EXXON MOBIL CORP,Exxon Mobil Corp,name matches,https://www.gurufocus.com/stock/XOM/summary
3229,OK,NASDAQ,WMT,WMT,WALMART INC,Walmart Inc,name matches,https://www.gurufocus.com/stock/WMT/summary
3230,OK,NYSE,BAC,BAC,BANK OF AMERICA CORP,Bank of America Corp,name matches,https://www.gurufocus.com/stock/BAC/summary
3231,OK,NYSE,CAT,CAT,CATERPILLAR INC,Caterpillar Inc,name matches,https://www.gurufocus.com/stock/CAT/summary
3232,OK,NYSE,CVX,CVX,CHEVRON CORP,Chevron Corp,name matches,https://www.gurufocus.com/stock/CVX/summary
3233,OK,NYSE,GE,GE,GE AEROSPACE,GE Aerospace,name matches,https://www.gurufocus.com/stock/GE/summary
3235,OK,NASDAQ,CSCO,CSCO,CISCO SYSTEMS INC,Cisco Systems Inc,name matches,https://www.gurufocus.com/stock/CSCO/summary
3236,RESTRICTED,LSE,HSBA,LSE:HSBA,HSBC HOLDINGS PLC,,403 unsubscribed/restricted region,https://www.gurufocus.com/stock/LSE:HSBA/summary
3237,OK,NASDAQ,INTC,INTC,Intel Corp,Intel Corp,name matches,https://www.gurufocus.com/stock/INTC/summary
3238,OK,NYSE,MRK,MRK,MERCK  CO INC,Merck & Co Inc,name matches,https://www.gurufocus.com/stock/MRK/summary
3239,OK,HKSE,09988,HKSE:09988,ALIBABA GROUP HOLDING LTD,Alibaba Group Holding Ltd,name matches,https://www.gurufocus.com/stock/HKSE:09988/summary
3240,OK,NYSE,GS,GS,The Goldman Sachs Group Inc,The Goldman Sachs Group Inc,name matches,https://www.gurufocus.com/stock/GS/summary
3241,OK,NYSE,GEV,GEV,GE VERNOVA INC,GE Vernova Inc,name matches,https://www.gurufocus.com/stock/GEV/summary
3242,RESTRICTED,LSE,SHEL,LSE:SHEL,SHELL PLC,,403 unsubscribed/restricted region,https://www.gurufocus.com/stock/LSE:SHEL/summary
3243,OK,NYSE,RTX,RTX,RTX CORP,RTX Corp,name matches,https://www.gurufocus.com/stock/RTX/summary
3244,OK,XSWX,NESN,XSWX:NESN,NESTLE SA,Nestle SA,name matches,https://www.gurufocus.com/stock/XSWX:NESN/summary
3245,OK,NYSE,WFC,WFC,Wells Fargo & Co,Wells Fargo & Co,name matches,https://www.gurufocus.com/stock/WFC/summary
3246,OK,NYSE,PM,PM,PHILIP MORRIS INTERNATIONAL INC,Philip Morris International Inc,name matches,https://www.gurufocus.com/stock/PM/summary
3247,OK,NYSE,C,C,CITIGROUP INC,Citigroup Inc,name matches,https://www.gurufocus.com/stock/C/summary
3248,OK,NASDAQ,LIN,LIN,LINDE PLC,Linde PLC,name matches,https://www.gurufocus.com/stock/LIN/summary
3249,OK,NYSE,IBM,IBM,International Business Machines Corp,International Business Machines Corp,name matches,https://www.gurufocus.com/stock/IBM/summary
3250,OK,NYSE,MS,MS,MORGAN STANLEY,Morgan Stanley,name matches,https://www.gurufocus.com/stock/MS/summary
3251,OK,TSE,8306,TSE:8306,MITSUBISHI UFJ FINANCIAL GROUP INC,Mitsubishi UFJ Financial Group Inc,name matches,https://www.gurufocus.com/stock/TSE:8306/summary
3252,OK,XTER,SIE,XTER:SIE,Siemens AG,Siemens AG,name matches,https://www.gurufocus.com/stock/XTER:SIE/summary
3253,OK,TSE,7203,TSE:7203,TOYOTA MOTOR CORP,Toyota Motor Corp,name matches,https://www.gurufocus.com/stock/TSE:7203/summary
3254,OK,NYSE,VZ,VZ,VERIZON COMMUNICATIONS INC,Verizon Communications Inc,name matches,https://www.gurufocus.com/stock/VZ/summary
3255,OK,XMAD,SAN,XMAD:SAN,BANCO SANTANDER SA,Banco Santander SA,name matches,https://www.gurufocus.com/stock/XMAD:SAN/summary
3256,OK,NASDAQ,AMGN,AMGN,AMGEN INC,Amgen Inc,name matches,https://www.gurufocus.com/stock/AMGN/summary
3257,OK,NYSE,DIS,DIS,The Walt Disney Co,The Walt Disney Co,name matches,https://www.gurufocus.com/stock/DIS/summary
3258,OK,NYSE,T,T,ATT INC,AT&T Inc,name matches,https://www.gurufocus.com/stock/T/summary
3259,OK,XPAR,TTE,XPAR:TTE,TotalEnergies SE,TotalEnergies SE,name matches,https://www.gurufocus.com/stock/XPAR:TTE/summary
3260,OK,NYSE,AXP,AXP,American Express Co,American Express Co,name matches,https://www.gurufocus.com/stock/AXP/summary
3261,OK,NYSE,TJX,TJX,TJX Companies Inc,TJX Companies Inc,name matches,https://www.gurufocus.com/stock/TJX/summary
3262,OK,NYSE,BA,BA,Boeing Co,Boeing Co,name matches,https://www.gurufocus.com/stock/BA/summary
3263,OK,NASDAQ,GILD,GILD,GILEAD SCIENCES INC,Gilead Sciences Inc,name matches,https://www.gurufocus.com/stock/GILD/summary
3264,OK,XTER,ALV,XTER:ALV,Allianz SE,Allianz SE,name matches,https://www.gurufocus.com/stock/XTER:ALV/summary
3265,OK,NYSE,SCHW,SCHW,CHARLES SCHWAB CORP,Charles Schwab Corp,name matches,https://www.gurufocus.com/stock/SCHW/summary
3266,OK,NYSE,PFE,PFE,PFIZER INC,Pfizer Inc,name matches,https://www.gurufocus.com/stock/PFE/summary
3267,OK,XTER,ENR,XTER:ENR,Siemens Energy AG,Siemens Energy AG,name matches,https://www.gurufocus.com/stock/XTER:ENR/summary
3268,OK,NYSE,UBER,UBER,UBER TECHNOLOGIES INC,Uber Technologies Inc,name matches,https://www.gurufocus.com/stock/UBER/summary
3269,OK,NYSE,ETN,ETN,Eaton Corp PLC,Eaton Corp PLC,name matches,https://www.gurufocus.com/stock/ETN/summary
3270,OK,TSE,6501,TSE:6501,HITACHI LTD,Hitachi Ltd,name matches,https://www.gurufocus.com/stock/TSE:6501/summary
3271,OK,XMAD,IBE,XMAD:IBE,IBERDROLA SA,Iberdrola SA,name matches,https://www.gurufocus.com/stock/XMAD:IBE/summary
3272,OK,NYSE,UNP,UNP,UNION PACIFIC CORP,Union Pacific Corp,name matches,https://www.gurufocus.com/stock/UNP/summary
3273,OK,NASDAQ,HON,HON,HONEYWELL INTERNATIONAL INC,Honeywell International Inc,name matches,https://www.gurufocus.com/stock/HON/summary
3274,RESTRICTED,LSE,RR.,LSE:RR.,ROLLS-ROYCE HOLDINGS PLC,,403 unsubscribed/restricted region,https://www.gurufocus.com/stock/LSE:RR./summary
3275,OK,NYSE,WELL,WELL,WELLTOWER INC,Welltower Inc,name matches,https://www.gurufocus.com/stock/WELL/summary
3276,OK,NYSE,COP,COP,CONOCOPHILLIPS,ConocoPhillips,name matches,https://www.gurufocus.com/stock/COP/summary
3277,OK,XSWX,UBSG,XSWX:UBSG,UBS GROUP AG,UBS Group AG,name matches,https://www.gurufocus.com/stock/XSWX:UBSG/summary
3278,OK,NYSE,GLW,GLW,CORNING INC,Corning Inc,name matches,https://www.gurufocus.com/stock/GLW/summary
3279,OK,XMAD,BBVA,XMAD:BBVA,BANCO BILBAO VIZCAYA ARGENTARIA SA,Banco Bilbao Vizcaya Argentaria SA,name matches,https://www.gurufocus.com/stock/XMAD:BBVA/summary
3280,OK,TSE,8316,TSE:8316,Sumitomo Mitsui Financial Group Inc,Sumitomo Mitsui Financial Group Inc,name matches,https://www.gurufocus.com/stock/TSE:8316/summary
3281,OK,NYSE,PLD,PLD,Prologis Inc,Prologis Inc,name matches,https://www.gurufocus.com/stock/PLD/summary
3282,OK,TSE,6758,TSE:6758,SONY GROUP CORP,Sony Group Corp,name matches,https://www.gurufocus.com/stock/TSE:6758/summary
3283,OK,NYSE,COF,COF,CAPITAL ONE FINANCIAL CORP,Capital One Financial Corp,name matches,https://www.gurufocus.com/stock/COF/summary
3284,OK,NYSE,LMT,LMT,LOCKHEED MARTIN CORP,Lockheed Martin Corp,name matches,https://www.gurufocus.com/stock/LMT/summary
3285,OK,NASDAQ,WDC,WDC,WESTERN DIGITAL CORP,Western Digital Corp,name matches,https://www.gurufocus.com/stock/WDC/summary
3286,OK,XTER,DTE,XTER:DTE,Deutsche Telekom AG,Deutsche Telekom AG,name matches,https://www.gurufocus.com/stock/XTER:DTE/summary
3287,OK,NYSE,NEM,NEM,Newmont Corp,Newmont Corp,name matches,https://www.gurufocus.com/stock/NEM/summary
3288,RESTRICTED,LSE,BATS,LSE:BATS,BRITISH AMERICAN TOBACCO,,403 unsubscribed/restricted region,https://www.gurufocus.com/stock/LSE:BATS/summary
3289,RESTRICTED,LSE,BP.,LSE:BP.,BP PLC,,403 unsubscribed/restricted region,https://www.gurufocus.com/stock/LSE:BP./summary
3290,OK,XPAR,AIR,XPAR:AIR,Airbus SE,Airbus SE,name matches,https://www.gurufocus.com/stock/XPAR:AIR/summary
3291,OK,NYSE,PGR,PGR,PROGRESSIVE CORP,Progressive Corp,name matches,https://www.gurufocus.com/stock/PGR/summary
3292,OK,NYSE,BMY,BMY,Bristol-Myers Squibb Co,Bristol-Myers Squibb Co,name matches,https://www.gurufocus.com/stock/BMY/summary
3293,OK,MIL,UCG,MIL:UCG,UniCredit SpA,UniCredit SpA,name matches,https://www.gurufocus.com/stock/MIL:UCG/summary
3294,OK,NASDAQ,MRVL,MRVL,MARVELL TECHNOLOGY INC,Marvell Technology Inc,name matches,https://www.gurufocus.com/stock/MRVL/summary
3295,OK,HKSE,01299,HKSE:01299,AIA GROUP LTD,AIA Group Ltd,name matches,https://www.gurufocus.com/stock/HKSE:01299/summary
3296,RESTRICTED,LSE,GSK,LSE:GSK,GLAXOSMITHKLINE,,403 unsubscribed/restricted region,https://www.gurufocus.com/stock/LSE:GSK/summary
3297,RESTRICTED,LSE,RIO,LSE:RIO,RIO TINTO PLC,,403 unsubscribed/restricted region,https://www.gurufocus.com/stock/LSE:RIO/summary
3298,OK,NASDAQ,STX,STX,SEAGATE TECHNOLOGY HOLDINGS PLC,Seagate Technology Holdings PLC,name matches,https://www.gurufocus.com/stock/STX/summary
3299,OK,NASDAQ,VRTX,VRTX,VERTEX PHARMACEUTICALS INC,Vertex Pharmaceuticals Inc,name matches,https://www.gurufocus.com/stock/VRTX/summary
3300,OK,NASDAQ,SBUX,SBUX,STARBUCKS CORP,Starbucks Corp,name matches,https://www.gurufocus.com/stock/SBUX/summary
3301,OK,TSE,8411,TSE:8411,MIZUHO FINANCIAL GROUP INC,Mizuho Financial Group Inc,name matches,https://www.gurufocus.com/stock/TSE:8411/summary
3302,OK,XPAR,BNP,XPAR:BNP,BNP Paribas,BNP Paribas,name matches,https://www.gurufocus.com/stock/XPAR:BNP/summary
3303,OK,NYSE,MO,MO,ALTRIA GROUP INC,Altria Group Inc,name matches,https://www.gurufocus.com/stock/MO/summary
3304,OK,NASDAQ,APP,APP,AppLovin Corp,AppLovin Corp,name matches,https://www.gurufocus.com/stock/APP/summary
3305,OK,TPE,2308,TPE:2308,DELTA ELECTRONICS INC,Delta Electronics Inc,name matches,https://www.gurufocus.com/stock/TPE:2308/summary
3306,OK,HKSE,00939,HKSE:00939,China Construction Bank Corp,China Construction Bank Corp,name matches,https://www.gurufocus.com/stock/HKSE:00939/summary
3307,OK,TSE,9984,TSE:9984,SOFTBANK GROUP CORP,SoftBank Group Corp,name matches,https://www.gurufocus.com/stock/TSE:9984/summary
3308,OK,XSWX,ZURN,XSWX:ZURN,ZURICH INSURANCE GROUP AG,Zurich Insurance Group AG,name matches,https://www.gurufocus.com/stock/XSWX:ZURN/summary
3309,OK,NYSE,SO,SO,Southern Co,Southern Co,name matches,https://www.gurufocus.com/stock/SO/summary
3310,OK,NASDAQ,CMCSA,CMCSA,Comcast Corp,Comcast Corp,name matches,https://www.gurufocus.com/stock/CMCSA/summary
3311,OK,TSE,8058,TSE:8058,MITSUBISHI CORP,Mitsubishi Corp,name matches,https://www.gurufocus.com/stock/TSE:8058/summary
3312,OK,NYSE,DUK,DUK,DUKE ENERGY CORP,Duke Energy Corp,name matches,https://www.gurufocus.com/stock/DUK/summary
3313,RESTRICTED,NSE,HDFCBANK,NSE:HDFCBANK,HDFC BANK LTD,,403 unsubscribed/restricted region,https://www.gurufocus.com/stock/NSE:HDFCBANK/summary
3314,OK,NYSE,FCX,FCX,FREEPORT MCMORAN INC,Freeport-McMoRan Inc,name matches,https://www.gurufocus.com/stock/FCX/summary
3315,OK,NYSE,BX,BX,BLACKSTONE INC,Blackstone Inc,name matches,https://www.gurufocus.com/stock/BX/summary
3316,OK,NYSE,HWM,HWM,HOWMET AEROSPACE INC,Howmet Aerospace Inc,name matches,https://www.gurufocus.com/stock/HWM/summary
3317,OK,NYSE,CVS,CVS,CVS HEALTH CORP,CVS Health Corp,name matches,https://www.gurufocus.com/stock/CVS/summary
3318,OK,MIL,ISP,MIL:ISP,INTESA SANPAOLO,Intesa Sanpaolo,name matches,https://www.gurufocus.com/stock/MIL:ISP/summary
3319,OK,NASDAQ,TMUS,TMUS,T MOBILE US INC,T-Mobile US Inc,name matches,https://www.gurufocus.com/stock/TMUS/summary
3320,OK,NYSE,BSX,BSX,BOSTON SCIENTIFIC CORP,Boston Scientific Corp,name matches,https://www.gurufocus.com/stock/BSX/summary
3321,RESTRICTED,LSE,BA.,LSE:BA.,BAE SYSTEMS PLC,,403 unsubscribed/restricted region,https://www.gurufocus.com/stock/LSE:BA./summary
3322,OK,MIL,ENEL,MIL:ENEL,Enel SpA,Enel SpA,name matches,https://www.gurufocus.com/stock/MIL:ENEL/summary
3323,OK,SGX,D05,SGX:D05,DBS GROUP HOLDINGS LTD,DBS Group Holdings Ltd,name matches,https://www.gurufocus.com/stock/SGX:D05/summary
3324,OK,TSE,7011,TSE:7011,MITSUBISHI HEAVY INDUSTRIES LTD,Mitsubishi Heavy Industries Ltd,name matches,https://www.gurufocus.com/stock/TSE:7011/summary
3325,OK,NYSE,NOC,NOC,NORTHROP GRUMMAN CORP,Northrop Grumman Corp,name matches,https://www.gurufocus.com/stock/NOC/summary
3326,OK,NASDAQ,CEG,CEG,CONSTELLATION ENERGY CORP,Constellation Energy Corp,name matches,https://www.gurufocus.com/stock/CEG/summary
3327,OK,NYSE,BNY,BNY,BANK OF NEW YORK MELLON CORP,Bank of New York Mellon Corp,name matches,https://www.gurufocus.com/stock/BNY/summary
3328,OK,XPAR,CS,XPAR:CS,AXA SA,AXA SA,name matches,https://www.gurufocus.com/stock/XPAR:CS/summary
3329,RESTRICTED,LSE,BARC,LSE:BARC,BARCLAYS PLC,,403 unsubscribed/restricted region,https://www.gurufocus.com/stock/LSE:BARC/summary
3330,OK,NYSE,PWR,PWR,QUANTA SERVICES INC,Quanta Services Inc,name matches,https://www.gurufocus.com/stock/PWR/summary
3331,OK,TSE,9983,TSE:9983,Fast Retailing Co Ltd,Fast Retailing Co Ltd,name matches,https://www.gurufocus.com/stock/TSE:9983/summary
3332,OK,NYSE,USB,USB,US BANCORP,U.S. Bancorp,name matches,https://www.gurufocus.com/stock/USB/summary
3333,OK,XTER,MUV2,XTER:MUV2,Munchener Ruckversicherungs-Gesellschaft AG,Munchener Ruckversicherungs-Gesellschaft AG,name matches,https://www.gurufocus.com/stock/XTER:MUV2/summary
3334,OK,XAMS,INGA,XAMS:INGA,ING GROEP NV,ING Groep NV,name matches,https://www.gurufocus.com/stock/XAMS:INGA/summary
3335,RESTRICTED,NSE,RELIANCE,NSE:RELIANCE,RELIANCE INDUSTRIES LTD,,403 unsubscribed/restricted region,https://www.gurufocus.com/stock/NSE:RELIANCE/summary
3336,OK,NYSE,PNC,PNC,PNC FINANCIAL SERVICES GROUP INC,PNC Financial Services Group Inc,name matches,https://www.gurufocus.com/stock/PNC/summary
3337,RESTRICTED,LSE,NG.,LSE:NG.,NATIONAL GRID PLC,,403 unsubscribed/restricted region,https://www.gurufocus.com/stock/LSE:NG./summary
3338,OK,TPE,2454,TPE:2454,MEDIATEK INC,MediaTek Inc,name matches,https://www.gurufocus.com/stock/TPE:2454/summary
3339,OK,XKRX,005935,XKRX:005935,Samsung Electronics Co Ltd,Samsung Electronics Co Ltd,name matches,https://www.gurufocus.com/stock/XKRX:005935/summary
3340,OK,NYSE,WMB,WMB,Williams Companies Inc,Williams Companies Inc,name matches,https://www.gurufocus.com/stock/WMB/summary
3341,OK,NYSE,CMI,CMI,CUMMINS INC,Cummins Inc,name matches,https://www.gurufocus.com/stock/CMI/summary
3342,OK,NYSE,JCI,JCI,JOHNSON CONTROLS INTERNATIONAL PLC,Johnson Controls International PLC,name matches,https://www.gurufocus.com/stock/JCI/summary
3343,OK,NYSE,SPOT,SPOT,SPOTIFY TECHNOLOGY SA,Spotify Technology SA,name matches,https://www.gurufocus.com/stock/SPOT/summary
3344,OK,TPE,2317,TPE:2317,Hon Hai Precision Industry Co Ltd,Hon Hai Precision Industry Co Ltd,name matches,https://www.gurufocus.com/stock/TPE:2317/summary
3345,OK,NASDAQ,MAR,MAR,Marriott International Inc,Marriott International Inc,name matches,https://www.gurufocus.com/stock/MAR/summary
3346,OK,XTER,RHM,XTER:RHM,RHEINMETALL AG,Rheinmetall AG,name matches,https://www.gurufocus.com/stock/XTER:RHM/summary
3347,OK,NYSE,FDX,FDX,FEDEX CORP,FedEx Corp,name matches,https://www.gurufocus.com/stock/FDX/summary
3348,RESTRICTED,LSE,LLOY,LSE:LLOY,LLOYDS BANKING GROUP PLC,,403 unsubscribed/restricted region,https://www.gurufocus.com/stock/LSE:LLOY/summary
3349,OK,NYSE,EMR,EMR,Emerson Electric Co,Emerson Electric Co,name matches,https://www.gurufocus.com/stock/EMR/summary
3350,OK,TSE,8766,TSE:8766,TOKIO MARINE HOLDINGS INC,Tokio Marine Holdings Inc,name matches,https://www.gurufocus.com/stock/TSE:8766/summary
3351,OK,NYSE,MMM,MMM,3M Co,3M Co,name matches,https://www.gurufocus.com/stock/MMM/summary
3352,OK,NYSE,GD,GD,GENERAL DYNAMICS CORP,General Dynamics Corp,name matches,https://www.gurufocus.com/stock/GD/summary
3353,OK,NASDAQ,CSX,CSX,CSX CORP,CSX Corp,name matches,https://www.gurufocus.com/stock/CSX/summary
3354,OK,NYSE,HCA,HCA,HCA HEALTHCARE INC,HCA Healthcare Inc,name matches,https://www.gurufocus.com/stock/HCA/summary
3355,OK,NASDAQ,REGN,REGN,REGENERON PHARMACEUTICALS INC,Regeneron Pharmaceuticals Inc,name matches,https://www.gurufocus.com/stock/REGN/summary
3356,OK,NYSE,CRH,CRH,CRH PLC,CRH PLC,name matches,https://www.gurufocus.com/stock/CRH/summary
3357,OK,NYSE,UPS,UPS,United Parcel Service Inc,United Parcel Service Inc,name matches,https://www.gurufocus.com/stock/UPS/summary
3358,OK,NYSE,SLB,SLB,SLB Ltd,SLB Ltd,name matches,https://www.gurufocus.com/stock/SLB/summary
3359,RESTRICTED,NSE,ICICIBANK,NSE:ICICIBANK,ICICI BANK LTD,,403 unsubscribed/restricted region,https://www.gurufocus.com/stock/NSE:ICICIBANK/summary
3360,OK,NYSE,HLT,HLT,HILTON WORLDWIDE HOLDINGS INC,Hilton Worldwide Holdings Inc,name matches,https://www.gurufocus.com/stock/HLT/summary
3361,OK,TSE,8001,TSE:8001,ITOCHU CORP,ITOCHU Corp,name matches,https://www.gurufocus.com/stock/TSE:8001/summary
3362,RESTRICTED,LSE,GLEN,LSE:GLEN,GLENCORE PLC,,403 unsubscribed/restricted region,https://www.gurufocus.com/stock/LSE:GLEN/summary
3363,OK,XBRU,ABI,XBRU:ABI,Anheuser-Busch InBev SA/NV,Anheuser-Busch InBev SA/NV,name matches,https://www.gurufocus.com/stock/XBRU:ABI/summary
3364,OK,NASDAQ,MDLZ,MDLZ,Mondelez International Inc,Mondelez International Inc,name matches,https://www.gurufocus.com/stock/MDLZ/summary
3365,OK,NYSE,MSI,MSI,MOTOROLA SOLUTIONS INC,Motorola Solutions Inc,name matches,https://www.gurufocus.com/stock/MSI/summary
3366,OK,TSE,4063,TSE:4063,Shin-Etsu Chemical Co Ltd,Shin-Etsu Chemical Co Ltd,name matches,https://www.gurufocus.com/stock/TSE:4063/summary
3367,OK,NYSE,RCL,RCL,Royal Caribbean Group,Royal Caribbean Group,name matches,https://www.gurufocus.com/stock/RCL/summary
3368,OK,NASDAQ,ROST,ROST,ROSS STORES INC,Ross Stores Inc,name matches,https://www.gurufocus.com/stock/ROST/summary
3369,OK,NYSE,GM,GM,General Motors Co,General Motors Co,name matches,https://www.gurufocus.com/stock/GM/summary
3370,OK,NYSE,VLO,VLO,VALERO ENERGY CORP,Valero Energy Corp,name matches,https://www.gurufocus.com/stock/VLO/summary
3371,OK,NASDAQ,PDD,PDD,PDD Holdings Inc,PDD Holdings Inc,name matches,https://www.gurufocus.com/stock/PDD/summary
3372,OK,NASDAQ,AEP,AEP,American Electric Power Co Inc,American Electric Power Co Inc,name matches,https://www.gurufocus.com/stock/AEP/summary
3373,OK,NYSE,CI,CI,The Cigna Group,The Cigna Group,name matches,https://www.gurufocus.com/stock/CI/summary
3374,OK,TSE,6503,TSE:6503,MITSUBISHI ELECTRIC CORP,Mitsubishi Electric Corp,name matches,https://www.gurufocus.com/stock/TSE:6503/summary
3375,OK,NASDAQ,DASH,DASH,DoorDash Inc,DoorDash Inc,name matches,https://www.gurufocus.com/stock/DASH/summary
3376,OK,HKSE,01810,HKSE:01810,XIAOMI CORP,Xiaomi Corp,name matches,https://www.gurufocus.com/stock/HKSE:01810/summary
3377,OK,NYSE,ELV,ELV,ELEVANCE HEALTH INC,Elevance Health Inc,name matches,https://www.gurufocus.com/stock/ELV/summary
3378,OK,XTER,IFX,XTER:IFX,INFINEON TECHNOLOGIES AG,Infineon Technologies AG,name matches,https://www.gurufocus.com/stock/XTER:IFX/summary
3379,OK,NYSE,EOG,EOG,EOG RESOURCES INC,EOG Resources Inc,name matches,https://www.gurufocus.com/stock/EOG/summary
3380,OK,NYSE,CIEN,CIEN,CIENA CORP,Ciena Corp,name matches,https://www.gurufocus.com/stock/CIEN/summary
3381,OK,NYSE,MPC,MPC,MARATHON PETROLEUM CORP,Marathon Petroleum Corp,name matches,https://www.gurufocus.com/stock/MPC/summary
3382,OK,NYSE,LHX,LHX,L3HARRIS TECHNOLOGIES INC,L3Harris Technologies Inc,name matches,https://www.gurufocus.com/stock/LHX/summary
3383,OK,NYSE,APD,APD,AIR PRODUCTS AND CHEMICALS INC,Air Products and Chemicals Inc,name matches,https://www.gurufocus.com/stock/APD/summary
3384,OK,NYSE,AON,AON,Aon PLC,Aon PLC,name matches,https://www.gurufocus.com/stock/AON/summary
3385,OK,NYSE,NSC,NSC,NORFOLK SOUTHERN CORP,Norfolk Southern Corp,name matches,https://www.gurufocus.com/stock/NSC/summary
3386,OK,NASDAQ,HOOD,HOOD,Robinhood Markets Inc,Robinhood Markets Inc,name matches,https://www.gurufocus.com/stock/HOOD/summary
3387,OK,NASDAQ,PCAR,PCAR,PACCAR INC,PACCAR Inc,name matches,https://www.gurufocus.com/stock/PCAR/summary
3388,OK,XAMS,PRX,XAMS:PRX,Prosus NV,Prosus NV,name matches,https://www.gurufocus.com/stock/XAMS:PRX/summary
3389,OK,NYSE,KKR,KKR,KKR & Co Inc,KKR & Co Inc,name matches,https://www.gurufocus.com/stock/KKR/summary
3390,OK,NYSE,PSX,PSX,PHILLIPS 66,Phillips 66,name matches,https://www.gurufocus.com/stock/PSX/summary
3391,OK,NASDAQ,WBD,WBD,Warner Bros. Discovery Inc,Warner Bros. Discovery Inc,name matches,https://www.gurufocus.com/stock/WBD/summary
3392,OK,NYSE,SPG,SPG,Simon Property Group Inc,Simon Property Group Inc,name matches,https://www.gurufocus.com/stock/SPG/summary
3393,OK,NYSE,KMI,KMI,KINDER MORGAN INC,Kinder Morgan Inc,name matches,https://www.gurufocus.com/stock/KMI/summary
3394,RESTRICTED,LSE,NWG,LSE:NWG,NATWEST GROUP PLC,,403 unsubscribed/restricted region,https://www.gurufocus.com/stock/LSE:NWG/summary
3395,OK,NYSE,TFC,TFC,TRUIST FINANCIAL CORP,Truist Financial Corp,name matches,https://www.gurufocus.com/stock/TFC/summary
3396,OK,TSE,6098,TSE:6098,Recruit Holdings Co Ltd,Recruit Holdings Co Ltd,name matches,https://www.gurufocus.com/stock/TSE:6098/summary
3397,OK,XTER,DBK,XTER:DBK,DEUTSCHE BANK AG,Deutsche Bank AG,name matches,https://www.gurufocus.com/stock/XTER:DBK/summary
3398,OK,XPAR,GLE,XPAR:GLE,SOCIETE GENERALE SA,Societe Generale SA,name matches,https://www.gurufocus.com/stock/XPAR:GLE/summary
3399,OK,HKSE,01398,HKSE:01398,Industrial And Commercial Bank Of China Ltd,Industrial And Commercial Bank Of China Ltd,name matches,https://www.gurufocus.com/stock/HKSE:01398/summary
3400,OK,NYSE,SRE,SRE,SEMPRA,Sempra,name matches,https://www.gurufocus.com/stock/SRE/summary
3401,OK,NYSE,O,O,Realty Income Corp,Realty Income Corp,name matches,https://www.gurufocus.com/stock/O/summary
3402,OK,NYSE,NET,NET,Cloudflare Inc,Cloudflare Inc,name matches,https://www.gurufocus.com/stock/NET/summary
3403,OK,OHEL,NDA FI,OHEL:NDA FI,Nordea Bank Abp,Nordea Bank Abp,name matches,https://www.gurufocus.com/stock/OHEL:NDA FI/summary
3404,OK,NYSE,COR,COR,CENCORA INC,Cencora Inc,name matches,https://www.gurufocus.com/stock/COR/summary
3405,OK,NASDAQ,ABNB,ABNB,Airbnb Inc,Airbnb Inc,name matches,https://www.gurufocus.com/stock/ABNB/summary
3406,OK,XPAR,ENGI,XPAR:ENGI,ENGIE SA,Engie SA,name matches,https://www.gurufocus.com/stock/XPAR:ENGI/summary
3407,OK,NASDAQ,LITE,LITE,LUMENTUM HOLDINGS INC,Lumentum Holdings Inc,name matches,https://www.gurufocus.com/stock/LITE/summary
3408,OK,SGX,O39,SGX:O39,Oversea-Chinese Banking Corp Ltd,Oversea-Chinese Banking Corp Ltd,name matches,https://www.gurufocus.com/stock/SGX:O39/summary
3409,OK,NASDAQ,BKR,BKR,Baker Hughes Co,Baker Hughes Co,name matches,https://www.gurufocus.com/stock/BKR/summary
3410,OK,NYSE,ALL,ALL,ALLSTATE CORP,Allstate Corp,name matches,https://www.gurufocus.com/stock/ALL/summary
3411,OK,SAU,1120,SAU:1120,AL RAJHI BANK,Al Rajhi Bank,name matches,https://www.gurufocus.com/stock/SAU:1120/summary
3412,OK,NYSE,DELL,DELL,Dell Technologies Inc,Dell Technologies Inc,name matches,https://www.gurufocus.com/stock/DELL/summary
3413,OK,TSE,4502,TSE:4502,Takeda Pharmaceutical Co Ltd,Takeda Pharmaceutical Co Ltd,name matches,https://www.gurufocus.com/stock/TSE:4502/summary
3414,OK,NYSE,VST,VST,VISTRA CORP,Vistra Corp,name matches,https://www.gurufocus.com/stock/VST/summary
3415,OK,MIL,ENI,MIL:ENI,Eni SpA,Eni SpA,name matches,https://www.gurufocus.com/stock/MIL:ENI/summary
3416,OK,NYSE,KEYS,KEYS,KEYSIGHT TECHNOLOGIES INC,Keysight Technologies Inc,name matches,https://www.gurufocus.com/stock/KEYS/summary
3417,OK,NYSE,TGT,TGT,TARGET CORP,Target Corp,name matches,https://www.gurufocus.com/stock/TGT/summary
3418,OK,NYSE,AFL,AFL,AFLAC INC,Aflac Inc,name matches,https://www.gurufocus.com/stock/AFL/summary
3419,OK,NYSE,CTVA,CTVA,CORTEVA INC,Corteva Inc,name matches,https://www.gurufocus.com/stock/CTVA/summary
3420,OK,HKSE,03690,HKSE:03690,MEITUAN,Meituan,name matches,https://www.gurufocus.com/stock/HKSE:03690/summary
3421,OK,NYSE,LNG,LNG,CHENIERE ENERGY INC,Cheniere Energy Inc,name matches,https://www.gurufocus.com/stock/LNG/summary
3422,OK,XTER,BAS,XTER:BAS,Basf SE,Basf SE,name matches,https://www.gurufocus.com/stock/XTER:BAS/summary
3423,OK,NYSE,OKE,OKE,ONEOK INC,ONEOK Inc,name matches,https://www.gurufocus.com/stock/OKE/summary
3424,OK,OSTO,VOLV B,OSTO:VOLV B,Volvo AB,Volvo AB,name matches,https://www.gurufocus.com/stock/OSTO:VOLV B/summary
3425,OK,NASDAQ,NXPI,NXPI,NXP SEMICONDUCTORS NV,NXP Semiconductors NV,name matches,https://www.gurufocus.com/stock/NXPI/summary
3426,OK,XTER,DHL,XTER:DHL,DEUTSCHE POST AG,Deutsche Post AG,name matches,https://www.gurufocus.com/stock/XTER:DHL/summary
3427,OK,HKSE,02318,HKSE:02318,Ping An Insurance (Group) Co. of China Ltd,Ping An Insurance (Group) Co. of China Ltd,name matches,https://www.gurufocus.com/stock/HKSE:02318/summary
3428,OK,TSE,5803,TSE:5803,FUJIKURA LTD,Fujikura Ltd,name matches,https://www.gurufocus.com/stock/TSE:5803/summary
3429,OK,OHEL,NOKIA,OHEL:NOKIA,Nokia Oyj,Nokia Oyj,name matches,https://www.gurufocus.com/stock/OHEL:NOKIA/summary
3430,OK,NYSE,APO,APO,APOLLO GLOBAL MANAGEMENT INC,Apollo Global Management Inc,name matches,https://www.gurufocus.com/stock/APO/summary
3431,OK,NYSE,TRGP,TRGP,TARGA RESOURCES CORP,Targa Resources Corp,name matches,https://www.gurufocus.com/stock/TRGP/summary
3432,OK,NYSE,NU,NU,Nu Holdings Ltd,Nu Holdings Ltd,name matches,https://www.gurufocus.com/stock/NU/summary
3433,OK,NYSE,ETR,ETR,ENTERGY CORP,Entergy Corp,name matches,https://www.gurufocus.com/stock/ETR/summary
3434,OK,XTER,EOAN,XTER:EOAN,E.ON SE,E.ON SE,name matches,https://www.gurufocus.com/stock/XTER:EOAN/summary
3435,RESTRICTED,LSE,AAL,LSE:AAL,ANGLO AMERICAN PLC,,403 unsubscribed/restricted region,https://www.gurufocus.com/stock/LSE:AAL/summary
3436,OK,TSE,8002,TSE:8002,MARUBENI CORP,Marubeni Corp,name matches,https://www.gurufocus.com/stock/TSE:8002/summary
3437,OK,XMAD,CABK,XMAD:CABK,CAIXABANK SA,CaixaBank SA,name matches,https://www.gurufocus.com/stock/XMAD:CABK/summary
3438,OK,NYSE,D,D,DOMINION ENERGY INC,Dominion Energy Inc,name matches,https://www.gurufocus.com/stock/D/summary
3439,OK,XSWX,SREN,XSWX:SREN,SWISS RE AG,Swiss Re AG,name matches,https://www.gurufocus.com/stock/XSWX:SREN/summary
3440,RESTRICTED,LSE,STAN,LSE:STAN,STANDARD CHARTERED PLC,,403 unsubscribed/restricted region,https://www.gurufocus.com/stock/LSE:STAN/summary
3441,OK,XKRX,005380,XKRX:005380,Hyundai Motor Co,Hyundai Motor Co,name matches,https://www.gurufocus.com/stock/XKRX:005380/summary
3442,OK,XPAR,BN,XPAR:BN,DANONE SA,Danone SA,name matches,https://www.gurufocus.com/stock/XPAR:BN/summary
3443,OK,NYSE,FERG,FERG,FERGUSON ENTERPRISES INC,Ferguson Enterprises Inc,name matches,https://www.gurufocus.com/stock/FERG/summary
3444,OK,XSWX,LONN,XSWX:LONN,Lonza Group Ltd,Lonza Group Ltd,name matches,https://www.gurufocus.com/stock/XSWX:LONN/summary
3445,OK,NYSE,CVNA,CVNA,Carvana Co,Carvana Co,name matches,https://www.gurufocus.com/stock/CVNA/summary
3446,OK,HKSE,01211,HKSE:01211,BYD Co Ltd,BYD Co Ltd,name matches,https://www.gurufocus.com/stock/HKSE:01211/summary
3447,RESTRICTED,NSE,BHARTIARTL,NSE:BHARTIARTL,BHARTI AIRTEL LTD,,403 unsubscribed/restricted region,https://www.gurufocus.com/stock/NSE:BHARTIARTL/summary
3448,OK,NYSE,F,F,FORD MOTOR CO,Ford Motor Co,name matches,https://www.gurufocus.com/stock/F/summary
3449,OK,NASDAQ,EXC,EXC,EXELON CORP,Exelon Corp,name matches,https://www.gurufocus.com/stock/EXC/summary
3450,OK,NYSE,CAH,CAH,CARDINAL HEALTH INC,Cardinal Health Inc,name matches,https://www.gurufocus.com/stock/CAH/summary
3451,OK,NYSE,URI,URI,UNITED RENTALS INC,United Rentals Inc,name matches,https://www.gurufocus.com/stock/URI/summary
3452,OK,XSWX,HOLN,XSWX:HOLN,Holcim Ltd,Holcim Ltd,name matches,https://www.gurufocus.com/stock/XSWX:HOLN/summary
3453,OK,NYSE,BE,BE,Bloom Energy Corp,Bloom Energy Corp,name matches,https://www.gurufocus.com/stock/BE/summary
3454,OK,NYSE,COHR,COHR,COHERENT CORP,Coherent Corp,name matches,https://www.gurufocus.com/stock/COHR/summary
3455,OK,NASDAQ,EA,EA,ELECTRONIC ARTS INC,Electronic Arts Inc,name matches,https://www.gurufocus.com/stock/EA/summary
3456,OK,TSE,9433,TSE:9433,KDDI CORP,KDDI Corp,name matches,https://www.gurufocus.com/stock/TSE:9433/summary
3457,OK,TSE,6981,TSE:6981,Murata Manufacturing Co Ltd,Murata Manufacturing Co Ltd,name matches,https://www.gurufocus.com/stock/TSE:6981/summary
3458,OK,NYSE,PSA,PSA,Public Storage,Public Storage,name matches,https://www.gurufocus.com/stock/PSA/summary
3459,OK,NYSE,CMG,CMG,CHIPOTLE MEXICAN GRILL INC,Chipotle Mexican Grill Inc,name matches,https://www.gurufocus.com/stock/CMG/summary
3460,OK,HKSE,03988,HKSE:03988,Bank Of China Ltd,Bank Of China Ltd,name matches,https://www.gurufocus.com/stock/HKSE:03988/summary
3461,OK,NYSE,SNOW,SNOW,SNOWFLAKE INC,Snowflake Inc,name matches,https://www.gurufocus.com/stock/SNOW/summary
3462,OK,TPE,3711,TPE:3711,ASE Technology Holding Co Ltd,ASE Technology Holding Co Ltd,name matches,https://www.gurufocus.com/stock/TPE:3711/summary
3463,OK,XTER,BAYN,XTER:BAYN,BAYER AG,Bayer AG,name matches,https://www.gurufocus.com/stock/XTER:BAYN/summary
3464,OK,NASDAQ,XEL,XEL,XCEL ENERGY INC,Xcel Energy Inc,name matches,https://www.gurufocus.com/stock/XEL/summary
3465,OK,NYSE,ROK,ROK,ROCKWELL AUTOMATION INC,Rockwell Automation Inc,name matches,https://www.gurufocus.com/stock/ROK/summary
3466,OK,NYSE,YUM,YUM,YUM BRANDS INC,Yum Brands Inc,name matches,https://www.gurufocus.com/stock/YUM/summary
3467,OK,NASDAQ,FITB,FITB,FIFTH THIRD BANCORP,Fifth Third Bancorp,name matches,https://www.gurufocus.com/stock/FITB/summary
3468,OK,XTER,MBG,XTER:MBG,Mercedes-Benz Group AG,Mercedes-Benz Group AG,name matches,https://www.gurufocus.com/stock/XTER:MBG/summary
3469,OK,NYSE,BDX,BDX,Becton Dickinson & Co,Becton Dickinson & Co,name matches,https://www.gurufocus.com/stock/BDX/summary
3470,OK,NYSE,CBRE,CBRE,CBRE Group Inc,CBRE Group Inc,name matches,https://www.gurufocus.com/stock/CBRE/summary
3471,OK,NYSE,WAB,WAB,Westinghouse Air Brake Technologies Corp,Westinghouse Air Brake Technologies Corp,name matches,https://www.gurufocus.com/stock/WAB/summary
3472,OK,NASDAQ,ALNY,ALNY,ALNYLAM PHARMACEUTICALS INC,Alnylam Pharmaceuticals Inc,name matches,https://www.gurufocus.com/stock/ALNY/summary
3473,OK,OSTO,SAND,OSTO:SAND,Sandvik AB,Sandvik AB,name matches,https://www.gurufocus.com/stock/OSTO:SAND/summary
3474,OK,NYSE,GRMN,GRMN,GARMIN LTD,Garmin Ltd,name matches,https://www.gurufocus.com/stock/GRMN/summary
3475,OK,NASDAQ,PYPL,PYPL,PAYPAL HOLDINGS INC,PayPal Holdings Inc,name matches,https://www.gurufocus.com/stock/PYPL/summary
3476,RESTRICTED,LSE,CPG,LSE:CPG,COMPASS GROUP PLC,,403 unsubscribed/restricted region,https://www.gurufocus.com/stock/LSE:CPG/summary
3477,OK,NASDAQ,EBAY,EBAY,EBAY INC,eBay Inc,name matches,https://www.gurufocus.com/stock/EBAY/summary
3478,OK,XTER,RWE,XTER:RWE,RWE AG,RWE AG,name matches,https://www.gurufocus.com/stock/XTER:RWE/summary
3479,RESTRICTED,LSE,SSE,LSE:SSE,SSE PLC,,403 unsubscribed/restricted region,https://www.gurufocus.com/stock/LSE:SSE/summary
3480,OK,TSE,2914,TSE:2914,JAPAN TOBACCO INC,Japan Tobacco Inc,name matches,https://www.gurufocus.com/stock/TSE:2914/summary
3481,OK,XKRX,402340,XKRX:402340,SK Square,SK Square,name matches,https://www.gurufocus.com/stock/XKRX:402340/summary
3482,RESTRICTED,LSE,TSCO,LSE:TSCO,TESCO PLC,,403 unsubscribed/restricted region,https://www.gurufocus.com/stock/LSE:TSCO/summary
3483,OK,NYSE,NUE,NUE,NUCOR CORP,Nucor Corp,name matches,https://www.gurufocus.com/stock/NUE/summary
3484,OK,NYSE,CARR,CARR,CARRIER GLOBAL CORP,Carrier Global Corp,name matches,https://www.gurufocus.com/stock/CARR/summary
3485,OK,TSE,6752,TSE:6752,PANASONIC HOLDINGS CORP,Panasonic Holdings Corp,name matches,https://www.gurufocus.com/stock/TSE:6752/summary
3486,OK,NYSE,MET,MET,METLIFE INC,MetLife Inc,name matches,https://www.gurufocus.com/stock/MET/summary
3487,OK,SAU,2222,SAU:2222,Saudi Arabian Oil Co,Saudi Arabian Oil Co,name matches,https://www.gurufocus.com/stock/SAU:2222/summary
3488,OK,TSE,5802,TSE:5802,SUMITOMO ELECTRIC INDUSTRIES LTD,Sumitomo Electric Industries Ltd,name matches,https://www.gurufocus.com/stock/TSE:5802/summary
3489,OK,NASDAQ,COIN,COIN,Coinbase Global Inc,Coinbase Global Inc,name matches,https://www.gurufocus.com/stock/COIN/summary
3490,RESTRICTED,LSE,DGE,LSE:DGE,DIAGEO PLC,,403 unsubscribed/restricted region,https://www.gurufocus.com/stock/LSE:DGE/summary
3491,OK,XAMS,AD,XAMS:AD,KONINKLIJKE AHOLD DELHAIZE NV,Koninklijke Ahold Delhaize NV,name matches,https://www.gurufocus.com/stock/XAMS:AD/summary
3492,OK,TSE,8053,TSE:8053,SUMITOMO CORP,Sumitomo Corp,name matches,https://www.gurufocus.com/stock/TSE:8053/summary
3493,OK,NYSE,AMP,AMP,Ameriprise Financial Inc,Ameriprise Financial Inc,name matches,https://www.gurufocus.com/stock/AMP/summary
3494,OK,TSE,6301,TSE:6301,KOMATSU LTD,Komatsu Ltd,name matches,https://www.gurufocus.com/stock/TSE:6301/summary
3495,OK,NYSE,AIG,AIG,AMERICAN INTERNATIONAL GROUP INC,American International Group Inc,name matches,https://www.gurufocus.com/stock/AIG/summary
3496,OK,XSWX,ALC,XSWX:ALC,Alcon Inc,Alcon Inc,name matches,https://www.gurufocus.com/stock/XSWX:ALC/summary
3497,OK,TSE,9434,TSE:9434,SOFTBANK CORP,SoftBank Corp,name matches,https://www.gurufocus.com/stock/TSE:9434/summary
3498,OK,NYSE,STT,STT,STATE STREET CORP,State Street Corp,name matches,https://www.gurufocus.com/stock/STT/summary
3499,OK,XKRX,105560,XKRX:105560,KB FINANCIAL GROUP INC,KB Financial Group Inc,name matches,https://www.gurufocus.com/stock/XKRX:105560/summary
3500,RESTRICTED,LSE,PRU,LSE:PRU,PRUDENTIAL PLC,,403 unsubscribed/restricted region,https://www.gurufocus.com/stock/LSE:PRU/summary
3501,OK,NASDAQ,TTWO,TTWO,TAKE TWO INTERACTIVE SOFTWARE INC,Take-Two Interactive Software Inc,name matches,https://www.gurufocus.com/stock/TTWO/summary
3502,OK,XPAR,SGO,XPAR:SGO,COMPAGNIE DE SAINT GOBAIN SA,Compagnie de Saint-Gobain SA,name matches,https://www.gurufocus.com/stock/XPAR:SGO/summary
3503,OK,TSE,6702,TSE:6702,FUJITSU LTD,Fujitsu Ltd,name matches,https://www.gurufocus.com/stock/TSE:6702/summary
3504,RESTRICTED,LSE,HLN,LSE:HLN,HALEON PLC,,403 unsubscribed/restricted region,https://www.gurufocus.com/stock/LSE:HLN/summary
3505,OK,NYSE,OXY,OXY,OCCIDENTAL PETROLEUM CORP,Occidental Petroleum Corp,name matches,https://www.gurufocus.com/stock/OXY/summary
3506,OK,NYSE,KR,KR,The Kroger Co,The Kroger Co,name matches,https://www.gurufocus.com/stock/KR/summary
3507,OK,TSE,285A,TSE:285A,KIOXIA HOLDINGS CORP,Kioxia Holdings Corp,name matches,https://www.gurufocus.com/stock/TSE:285A/summary
3508,OK,NYSE,WCN,WCN,WASTE CONNECTIONS INC,Waste Connections Inc,name matches,https://www.gurufocus.com/stock/WCN/summary
3509,OK,NYSE,ED,ED,CONSOLIDATED EDISON INC,Consolidated Edison Inc,name matches,https://www.gurufocus.com/stock/ED/summary
3510,OK,NYSE,VTR,VTR,Ventas Inc,Ventas Inc,name matches,https://www.gurufocus.com/stock/VTR/summary
3511,OK,NYSE,PCG,PCG,PGE CORP,PG&E Corp,name matches,https://www.gurufocus.com/stock/PCG/summary
3512,OK,NYSE,DHI,DHI,D R HORTON INC,D.R. Horton Inc,name matches,https://www.gurufocus.com/stock/DHI/summary
3513,OK,NYSE,VMC,VMC,Vulcan Materials Co,Vulcan Materials Co,name matches,https://www.gurufocus.com/stock/VMC/summary
3514,OK,MIL,G,MIL:G,Generali,Generali,name matches,https://www.gurufocus.com/stock/MIL:G/summary
3515,OK,NYSE,PEG,PEG,Public Service Enterprise Group Inc,Public Service Enterprise Group Inc,name matches,https://www.gurufocus.com/stock/PEG/summary
3516,OK,NASDAQ,DDOG,DDOG,Datadog Inc,Datadog Inc,name matches,https://www.gurufocus.com/stock/DDOG/summary
3517,OK,NYSE,MLM,MLM,MARTIN MARIETTA MATERIALS INC,Martin Marietta Materials Inc,name matches,https://www.gurufocus.com/stock/MLM/summary
3518,RESTRICTED,LSE,III,LSE:III,3I GROUP PLC,,403 unsubscribed/restricted region,https://www.gurufocus.com/stock/LSE:III/summary
3519,OK,NYSE,WEC,WEC,WEC ENERGY GROUP INC,WEC Energy Group Inc,name matches,https://www.gurufocus.com/stock/WEC/summary
3520,OK,HKSE,09618,HKSE:09618,JD.com Inc,JD.com Inc,name matches,https://www.gurufocus.com/stock/HKSE:09618/summary
3521,OK,NYSE,XYZ,XYZ,Block Inc,Block Inc,name matches,https://www.gurufocus.com/stock/XYZ/summary
3522,OK,XSWX,GALD,XSWX:GALD,Galderma Group AG,Galderma Group AG,name matches,https://www.gurufocus.com/stock/XSWX:GALD/summary
3523,OK,NASDAQ,MSTR,MSTR,Strategy Inc,Strategy Inc,name matches,https://www.gurufocus.com/stock/MSTR/summary
3524,OK,XSWX,SDZ,XSWX:SDZ,SANDOZ GROUP AG,Sandoz Group AG,name matches,https://www.gurufocus.com/stock/XSWX:SDZ/summary
3525,OK,XSWX,SLHN,XSWX:SLHN,SWISS LIFE HOLDING AG,Swiss Life Holding AG,name matches,https://www.gurufocus.com/stock/XSWX:SLHN/summary
3526,OK,NYSE,EME,EME,EMCOR GROUP INC,EMCOR Group Inc,name matches,https://www.gurufocus.com/stock/EME/summary
3527,OK,XMAD,FER,XMAD:FER,Ferrovial NV,Ferrovial NV,name matches,https://www.gurufocus.com/stock/XMAD:FER/summary
3528,OK,TSE,4519,TSE:4519,Chugai Pharmaceutical Co Ltd,Chugai Pharmaceutical Co Ltd,name matches,https://www.gurufocus.com/stock/TSE:4519/summary
3529,OK,XPAR,ORA,XPAR:ORA,ORANGE SA,Orange SA,name matches,https://www.gurufocus.com/stock/XPAR:ORA/summary
3530,OK,NYSE,TEVA,TEVA,Teva Pharmaceutical Industries Ltd,Teva Pharmaceutical Industries Ltd,name matches,https://www.gurufocus.com/stock/TEVA/summary
3531,OK,NYSE,CCI,CCI,CROWN CASTLE INC,Crown Castle Inc,name matches,https://www.gurufocus.com/stock/CCI/summary
3532,OK,BUD,OTP,BUD:OTP,OTP Bank PLC,OTP Bank PLC,name matches,https://www.gurufocus.com/stock/BUD:OTP/summary
3533,OK,NASDAQ,ACGL,ACGL,ARCH CAPITAL GROUP LTD,Arch Capital Group Ltd,name matches,https://www.gurufocus.com/stock/ACGL/summary
3534,OK,SAU,1180,SAU:1180,Saudi National Bank,Saudi National Bank,name matches,https://www.gurufocus.com/stock/SAU:1180/summary
3535,OK,TSE,8591,TSE:8591,ORIX CORP,ORIX Corp,name matches,https://www.gurufocus.com/stock/TSE:8591/summary
3536,OK,NASDAQ,RKLB,RKLB,ROCKET LAB CORP,Rocket Lab Corp,name matches,https://www.gurufocus.com/stock/RKLB/summary
3537,OK,NYSE,EQT,EQT,EQT CORP,EQT Corp,name matches,https://www.gurufocus.com/stock/EQT/summary
3538,OK,NYSE,PRU,PRU,PRUDENTIAL FINANCIAL INC,Prudential Financial Inc,name matches,https://www.gurufocus.com/stock/PRU/summary
3539,OK,OCSE,DANSKE,OCSE:DANSKE,Danske Bank AS,Danske Bank AS,name matches,https://www.gurufocus.com/stock/OCSE:DANSKE/summary
3540,OK,NYSE,RBLX,RBLX,Roblox Corp,Roblox Corp,name matches,https://www.gurufocus.com/stock/RBLX/summary
3541,OK,TPE,2383,TPE:2383,Elite Material Co Ltd,Elite Material Co Ltd,name matches,https://www.gurufocus.com/stock/TPE:2383/summary
3542,OK,NYSE,IRM,IRM,IRON MOUNTAIN INC,Iron Mountain Inc,name matches,https://www.gurufocus.com/stock/IRM/summary
3543,OK,SGX,U11,SGX:U11,UNITED OVERSEAS BANK LTD,United Overseas Bank Ltd,name matches,https://www.gurufocus.com/stock/SGX:U11/summary
3544,OK,NYSE,MTB,MTB,MT BANK CORP,M&T Bank Corp,name matches,https://www.gurufocus.com/stock/MTB/summary
3545,RESTRICTED,LSE,VOD,LSE:VOD,VODAFONE GROUP PLC,,403 unsubscribed/restricted region,https://www.gurufocus.com/stock/LSE:VOD/summary
3546,OK,NYSE,SYY,SYY,SYSCO CORP,Sysco Corp,name matches,https://www.gurufocus.com/stock/SYY/summary
3547,OK,NASDAQ,HBAN,HBAN,HUNTINGTON BANCSHARES INC,Huntington Bancshares Inc,name matches,https://www.gurufocus.com/stock/HBAN/summary
3548,OK,NYSE,NRG,NRG,NRG ENERGY INC,NRG Energy Inc,name matches,https://www.gurufocus.com/stock/NRG/summary
3549,OK,NASDAQ,GEHC,GEHC,GE HEALTHCARE TECHNOLOGIES INC,GE HealthCare Technologies Inc,name matches,https://www.gurufocus.com/stock/GEHC/summary
3550,OK,NYSE,HPE,HPE,Hewlett Packard Enterprise Co,Hewlett Packard Enterprise Co,name matches,https://www.gurufocus.com/stock/HPE/summary
3551,OK,NASDAQ,NBIS,NBIS,Nebius Group NV,Nebius Group NV,name matches,https://www.gurufocus.com/stock/NBIS/summary
3552,OK,NYSE,IR,IR,INGERSOLL RAND INC,Ingersoll Rand Inc,name matches,https://www.gurufocus.com/stock/IR/summary
3553,OK,NASDAQ,FISV,FISV,FISERV INC,Fiserv Inc,name matches,https://www.gurufocus.com/stock/FISV/summary
3554,OK,XKRX,012450,XKRX:012450,Hanwha Aerospace Co Ltd,Hanwha Aerospace Co Ltd,name matches,https://www.gurufocus.com/stock/XKRX:012450/summary
3555,OK,TSE,6701,TSE:6701,NEC CORP,NEC Corp,name matches,https://www.gurufocus.com/stock/TSE:6701/summary
3556,OK,TSE,6367,TSE:6367,DAIKIN INDUSTRIES LTD,Daikin Industries Ltd,name matches,https://www.gurufocus.com/stock/TSE:6367/summary
3557,OK,NASDAQ,FANG,FANG,DIAMONDBACK ENERGY INC,Diamondback Energy Inc,name matches,https://www.gurufocus.com/stock/FANG/summary
3558,OK,OSTO,ERIC B,OSTO:ERIC B,Telefonaktiebolaget L M Ericsson,Telefonaktiebolaget L M Ericsson,name matches,https://www.gurufocus.com/stock/OSTO:ERIC B/summary
3559,OK,TSE,8750,TSE:8750,DAIICHI LIFE GROUP INC,Daiichi Life Group Inc,name matches,https://www.gurufocus.com/stock/TSE:8750/summary
3560,OK,NASDAQ,KMB,KMB,KIMBERLY CLARK CORP,Kimberly-Clark Corp,name matches,https://www.gurufocus.com/stock/KMB/summary
3561,OK,NYSE,JBL,JBL,JABIL INC,Jabil Inc,name matches,https://www.gurufocus.com/stock/JBL/summary
3562,OK,HKSE,09888,HKSE:09888,Baidu Inc,Baidu Inc,name matches,https://www.gurufocus.com/stock/HKSE:09888/summary
3563,OK,HKSE,09961,HKSE:09961,TRIP.COM GROUP LTD,Trip.com Group Ltd,name matches,https://www.gurufocus.com/stock/HKSE:09961/summary
3564,OK,NYSE,ADM,ADM,Archer-Daniels-Midland Co,Archer-Daniels-Midland Co,name matches,https://www.gurufocus.com/stock/ADM/summary
3565,OK,NASDAQ,KDP,KDP,KEURIG DR PEPPER INC,Keurig Dr Pepper Inc,name matches,https://www.gurufocus.com/stock/KDP/summary
3566,OK,TSE,8630,TSE:8630,SOMPO HOLDINGS INC,Sompo Holdings Inc,name matches,https://www.gurufocus.com/stock/TSE:8630/summary
3567,NOT_FOUND,NSE,MM,NSE:MM,MAHINDRA AND MAHINDRA LTD,,404 stock not found,https://www.gurufocus.com/stock/NSE:MM/summary
3568,OK,TSE,4568,TSE:4568,Daiichi Sankyo Co Ltd,Daiichi Sankyo Co Ltd,name matches,https://www.gurufocus.com/stock/TSE:4568/summary
3569,OK,XKRX,034020,XKRX:034020,Doosan Enerbility Co Ltd,Doosan Enerbility Co Ltd,name matches,https://www.gurufocus.com/stock/XKRX:034020/summary
3570,OK,XBRU,KBC,XBRU:KBC,KBC Groupe NV,KBC Groupe NV,name matches,https://www.gurufocus.com/stock/XBRU:KBC/summary
3572,OK,NYSE,KVUE,KVUE,KENVUE INC,Kenvue Inc,name matches,https://www.gurufocus.com/stock/KVUE/summary
3573,OK,TSE,8725,TSE:8725,MSAD INSURANCE GROUP HOLDINGS INC,MS&AD Insurance Group Holdings Inc,name matches,https://www.gurufocus.com/stock/TSE:8725/summary
3574,OK,TSE,7182,TSE:7182,Japan Post Bank Co Ltd,Japan Post Bank Co Ltd,name matches,https://www.gurufocus.com/stock/TSE:7182/summary
3575,OK,NYSE,HAL,HAL,Halliburton Co,Halliburton Co,name matches,https://www.gurufocus.com/stock/HAL/summary
3576,OK,NYSE,TPR,TPR,TAPESTRY INC,Tapestry Inc,name matches,https://www.gurufocus.com/stock/TPR/summary
3577,OK,NASDAQ,INSM,INSM,INSMED INC,Insmed Inc,name matches,https://www.gurufocus.com/stock/INSM/summary
3578,OK,NYSE,CCL,CCL,Carnival Corporation Ltd,Carnival Corporation Ltd,name matches,https://www.gurufocus.com/stock/CCL/summary
3579,OK,NYSE,XYL,XYL,XYLEM INC,Xylem Inc,name matches,https://www.gurufocus.com/stock/XYL/summary
3580,RESTRICTED,LSE,IMB,LSE:IMB,IMPERIAL BRANDS PLC,,403 unsubscribed/restricted region,https://www.gurufocus.com/stock/LSE:IMB/summary
3581,OK,NYSE,IQV,IQV,IQVIA HOLDINGS INC,IQVIA Holdings Inc,name matches,https://www.gurufocus.com/stock/IQV/summary
3582,OK,OSTO,SWED A,OSTO:SWED A,Swedbank AB,Swedbank AB,name matches,https://www.gurufocus.com/stock/OSTO:SWED A/summary
3583,OK,BKK,DELTA,BKK:DELTA,Delta Electronics (Thailand) PCL,Delta Electronics (Thailand) PCL,name matches,https://www.gurufocus.com/stock/BKK:DELTA/summary
3584,OK,TPE,2345,TPE:2345,ACCTON TECHNOLOGY CORP,Accton Technology Corp,name matches,https://www.gurufocus.com/stock/TPE:2345/summary
3585,OK,NASDAQ,EXPE,EXPE,EXPEDIA GROUP INC,Expedia Group Inc,name matches,https://www.gurufocus.com/stock/EXPE/summary
3586,OK,NYSE,EXR,EXR,Extra Space Storage Inc,Extra Space Storage Inc,name matches,https://www.gurufocus.com/stock/EXR/summary
3587,OK,OCSE,VWS,OCSE:VWS,Vestas Wind Systems AS,Vestas Wind Systems AS,name matches,https://www.gurufocus.com/stock/OCSE:VWS/summary
3588,OK,OSTO,SEB A,OSTO:SEB A,Skandinaviska Enskilda Banken AB,Skandinaviska Enskilda Banken AB,name matches,https://www.gurufocus.com/stock/OSTO:SEB A/summary
3589,OK,NYSE,VICI,VICI,VICI Properties Inc,VICI Properties Inc,name matches,https://www.gurufocus.com/stock/VICI/summary
3590,OK,NYSE,DTE,DTE,DTE Energy Co,DTE Energy Co,name matches,https://www.gurufocus.com/stock/DTE/summary
3591,OK,XTER,CBK,XTER:CBK,COMMERZBANK AG,Commerzbank AG,name matches,https://www.gurufocus.com/stock/XTER:CBK/summary
3592,OK,XPAR,HO,XPAR:HO,Thales,Thales,name matches,https://www.gurufocus.com/stock/XPAR:HO/summary
3593,OK,XMAD,REP,XMAD:REP,REPSOL SA,Repsol SA,name matches,https://www.gurufocus.com/stock/XMAD:REP/summary
3594,OK,NYSE,AEE,AEE,AMEREN CORP,Ameren Corp,name matches,https://www.gurufocus.com/stock/AEE/summary
3595,OK,TSE,7267,TSE:7267,Honda Motor Co Ltd,Honda Motor Co Ltd,name matches,https://www.gurufocus.com/stock/TSE:7267/summary
3596,OK,OSL,DNB,OSL:DNB,DNB Bank ASA,DNB Bank ASA,name matches,https://www.gurufocus.com/stock/OSL:DNB/summary
3597,OK,NYSE,ATO,ATO,ATMOS ENERGY CORP,Atmos Energy Corp,name matches,https://www.gurufocus.com/stock/ATO/summary
3598,OK,TSE,8801,TSE:8801,Mitsui Fudosan Co Ltd,Mitsui Fudosan Co Ltd,name matches,https://www.gurufocus.com/stock/TSE:8801/summary
3599,OK,SGX,Z74,SGX:Z74,SINGAPORE TELECOMMUNICATIONS LTD,Singapore Telecommunications Ltd,name matches,https://www.gurufocus.com/stock/SGX:Z74/summary
3600,OK,KUW,KFH,KUW:KFH,KUWAIT FINANCE HOUSE,Kuwait Finance House,name matches,https://www.gurufocus.com/stock/KUW:KFH/summary
3601,OK,NYSE,OTIS,OTIS,OTIS WORLDWIDE CORP,Otis Worldwide Corp,name matches,https://www.gurufocus.com/stock/OTIS/summary
3602,OK,NYSE,PPL,PPL,PPL CORP,PPL Corp,name matches,https://www.gurufocus.com/stock/PPL/summary
3603,RESTRICTED,LSE,SUNB,LSE:SUNB,SUNBELT RENTALS HOLDINGS INC,,403 unsubscribed/restricted region,https://www.gurufocus.com/stock/LSE:SUNB/summary
3604,OK,TSE,8802,TSE:8802,MITSUBISHI ESTATE CO LTD,Mitsubishi Estate Co Ltd,name matches,https://www.gurufocus.com/stock/TSE:8802/summary
3605,RESTRICTED,NSE,AXISBANK,NSE:AXISBANK,AXIS BANK LTD,,403 unsubscribed/restricted region,https://www.gurufocus.com/stock/NSE:AXISBANK/summary
3606,OK,TSE,9432,TSE:9432,NTT INC,NTT Inc,name matches,https://www.gurufocus.com/stock/TSE:9432/summary
3607,OK,NASDAQ,ON,ON,ON SEMICONDUCTOR CORP,ON Semiconductor Corp,name matches,https://www.gurufocus.com/stock/ON/summary
3608,OK,XTER,HEI,XTER:HEI,HEIDELBERG MATERIALS AG,Heidelberg Materials AG,name matches,https://www.gurufocus.com/stock/XTER:HEI/summary
3609,OK,TSE,4503,TSE:4503,ASTELLAS PHARMA INC,Astellas Pharma Inc,name matches,https://www.gurufocus.com/stock/TSE:4503/summary
3610,OK,TSE,6723,TSE:6723,RENESAS ELECTRONICS CORP,Renesas Electronics Corp,name matches,https://www.gurufocus.com/stock/TSE:6723/summary
3611,OK,NYSE,HUBB,HUBB,HUBBELL INC,Hubbell Inc,name matches,https://www.gurufocus.com/stock/HUBB/summary
3612,OK,NYSE,CFG,CFG,CITIZENS FINANCIAL GROUP INC,Citizens Financial Group Inc,name matches,https://www.gurufocus.com/stock/CFG/summary
3613,OK,TPE,2891,TPE:2891,CTBC Financial Holding Co Ltd,CTBC Financial Holding Co Ltd,name matches,https://www.gurufocus.com/stock/TPE:2891/summary
3614,OK,NASDAQ,FLEX,FLEX,FLEX LTD,Flex Ltd,name matches,https://www.gurufocus.com/stock/FLEX/summary
3615,OK,XTER,ADS,XTER:ADS,adidas AG,adidas AG,name matches,https://www.gurufocus.com/stock/XTER:ADS/summary
3616,OK,SAU,1211,SAU:1211,Saudi Arabian Mining Co,Saudi Arabian Mining Co,name matches,https://www.gurufocus.com/stock/SAU:1211/summary
3617,OK,XMAD,ACS,XMAD:ACS,ACS Actividades de Construccion y Servicios SA,ACS Actividades de Construccion y Servicios SA,name matches,https://www.gurufocus.com/stock/XMAD:ACS/summary
3618,OK,NASDAQ,WTW,WTW,WILLIS TOWERS WATSON PLC,Willis Towers Watson PLC,name matches,https://www.gurufocus.com/stock/WTW/summary
3619,OK,NYSE,FE,FE,FIRSTENERGY CORP,FirstEnergy Corp,name matches,https://www.gurufocus.com/stock/FE/summary
3620,OK,NYSE,Q,Q,QNITY ELECTRONICS INC,Qnity Electronics Inc,name matches,https://www.gurufocus.com/stock/Q/summary
3621,OK,NASDAQ,CASY,CASY,CASEYS GENERAL STORES INC,Casey's General Stores Inc,name matches,https://www.gurufocus.com/stock/CASY/summary
3622,OK,XPAR,VIE,XPAR:VIE,Veolia Environnement SA,Veolia Environnement SA,name matches,https://www.gurufocus.com/stock/XPAR:VIE/summary
3623,RESTRICTED,NSE,LT,NSE:LT,LARSEN AND TOUBRO LTD,,403 unsubscribed/restricted region,https://www.gurufocus.com/stock/NSE:LT/summary
3624,OK,NASDAQ,NTRA,NTRA,NATERA INC,Natera Inc,name matches,https://www.gurufocus.com/stock/NTRA/summary
3625,OK,NYSE,EIX,EIX,EDISON INTERNATIONAL,Edison International,name matches,https://www.gurufocus.com/stock/EIX/summary
3626,OK,NYSE,SYF,SYF,SYNCHRONY FINANCIAL,Synchrony Financial,name matches,https://www.gurufocus.com/stock/SYF/summary
3627,OK,NYSE,CNP,CNP,CENTERPOINT ENERGY INC,CenterPoint Energy Inc,name matches,https://www.gurufocus.com/stock/CNP/summary
3628,OK,NYSE,DOW,DOW,DOW INC,Dow Inc,name matches,https://www.gurufocus.com/stock/DOW/summary
3629,OK,TSE,4578,TSE:4578,Otsuka Holdings Co Ltd,Otsuka Holdings Co Ltd,name matches,https://www.gurufocus.com/stock/TSE:4578/summary
3630,OK,NASDAQ,STLD,STLD,STEEL DYNAMICS INC,Steel Dynamics Inc,name matches,https://www.gurufocus.com/stock/STLD/summary
3631,OK,NYSE,DG,DG,DOLLAR GENERAL CORP,Dollar General Corp,name matches,https://www.gurufocus.com/stock/DG/summary
3632,OK,NASDAQ,NTRS,NTRS,NORTHERN TRUST CORP,Northern Trust Corp,name matches,https://www.gurufocus.com/stock/NTRS/summary
3633,OK,HKSE,00857,HKSE:00857,PetroChina Co Ltd,PetroChina Co Ltd,name matches,https://www.gurufocus.com/stock/HKSE:00857/summary
3634,OK,NASDAQ,CRWV,CRWV,CoreWeave Inc,CoreWeave Inc,name matches,https://www.gurufocus.com/stock/CRWV/summary
3635,OK,OHEL,SAMPO,OHEL:SAMPO,Sampo Oyj,Sampo Oyj,name matches,https://www.gurufocus.com/stock/OHEL:SAMPO/summary
3636,OK,NYSE,AMRZ,AMRZ,Amrize Ltd,Amrize Ltd,name matches,https://www.gurufocus.com/stock/AMRZ/summary
3637,OK,MIL,LDO,MIL:LDO,Leonardo SpA,Leonardo SpA,name matches,https://www.gurufocus.com/stock/MIL:LDO/summary
3638,OK,TSE,6762,TSE:6762,TDK CORP,TDK Corp,name matches,https://www.gurufocus.com/stock/TSE:6762/summary
3639,OK,NYSE,RJF,RJF,Raymond James Financial Inc,Raymond James Financial Inc,name matches,https://www.gurufocus.com/stock/RJF/summary
3640,OK,NASDAQ,WDAY,WDAY,Workday Inc,Workday Inc,name matches,https://www.gurufocus.com/stock/WDAY/summary
3641,OK,XKRX,055550,XKRX:055550,Shinhan Financial Group Co Ltd,Shinhan Financial Group Co Ltd,name matches,https://www.gurufocus.com/stock/XKRX:055550/summary
3642,OK,HKSE,02899,HKSE:02899,Zijin Mining Group Co Ltd,Zijin Mining Group Co Ltd,name matches,https://www.gurufocus.com/stock/HKSE:02899/summary
3643,OK,OSL,EQNR,OSL:EQNR,Equinor ASA,Equinor ASA,name matches,https://www.gurufocus.com/stock/OSL:EQNR/summary
3644,RESTRICTED,NSE,BAJFINANCE,NSE:BAJFINANCE,BAJAJ FINANCE LTD,,403 unsubscribed/restricted region,https://www.gurufocus.com/stock/NSE:BAJFINANCE/summary
3645,OK,WAR,PKO,WAR:PKO,PKO Bank Polski SA,PKO Bank Polski SA,name matches,https://www.gurufocus.com/stock/WAR:PKO/summary
3646,OK,XAMS,MT,XAMS:MT,ARCELORMITTAL SA,ArcelorMittal SA,name matches,https://www.gurufocus.com/stock/XAMS:MT/summary
3647,OK,XPAR,STMPA,XPAR:STMPA,STMICROELECTRONICS NV,STMicroelectronics NV,name matches,https://www.gurufocus.com/stock/XPAR:STMPA/summary
3648,OK,NYSE,ES,ES,EVERSOURCE ENERGY,Eversource Energy,name matches,https://www.gurufocus.com/stock/ES/summary
3649,OK,NYSE,ARES,ARES,Ares Management Corp,Ares Management Corp,name matches,https://www.gurufocus.com/stock/ARES/summary
3650,OK,XKRX,000270,XKRX:000270,Kia Corp,Kia Corp,name matches,https://www.gurufocus.com/stock/XKRX:000270/summary
3651,OK,TSE,3382,TSE:3382,Seven & i Holdings Co Ltd,Seven & i Holdings Co Ltd,name matches,https://www.gurufocus.com/stock/TSE:3382/summary
3652,OK,NASDAQ,BIIB,BIIB,BIOGEN INC,Biogen Inc,name matches,https://www.gurufocus.com/stock/BIIB/summary
3653,RESTRICTED,LSE,AV.,LSE:AV.,AVIVA PLC,,403 unsubscribed/restricted region,https://www.gurufocus.com/stock/LSE:AV./summary
3654,OK,NASDAQ,LPLA,LPLA,LPL FINANCIAL HOLDINGS INC,LPL Financial Holdings Inc,name matches,https://www.gurufocus.com/stock/LPLA/summary
3655,OK,XTER,BMW,XTER:BMW,Bayerische Motoren Werke AG,Bayerische Motoren Werke AG,name matches,https://www.gurufocus.com/stock/XTER:BMW/summary
3656,OK,HKSE,02628,HKSE:02628,China Life Insurance Co Ltd,China Life Insurance Co Ltd,name matches,https://www.gurufocus.com/stock/HKSE:02628/summary
3657,OK,NYSE,AER,AER,AERCAP HOLDINGS NV,AerCap Holdings NV,name matches,https://www.gurufocus.com/stock/AER/summary
3658,OK,NASDAQ,FTAI,FTAI,FTAI AVIATION LTD,FTAI Aviation Ltd,name matches,https://www.gurufocus.com/stock/FTAI/summary
3659,OK,NYSE,AWK,AWK,American Water Works Co Inc,American Water Works Co Inc,name matches,https://www.gurufocus.com/stock/AWK/summary
3660,OK,XKRX,086790,XKRX:086790,HANA FINANCIAL GROUP INC,Hana Financial Group Inc,name matches,https://www.gurufocus.com/stock/XKRX:086790/summary
3661,OK,NYSE,LYV,LYV,LIVE NATION ENTERTAINMENT INC,Live Nation Entertainment Inc,name matches,https://www.gurufocus.com/stock/LYV/summary
3662,OK,NASDAQ,CINF,CINF,CINCINNATI FINANCIAL CORP,Cincinnati Financial Corp,name matches,https://www.gurufocus.com/stock/CINF/summary
3663,OK,NASDAQ,CRDO,CRDO,CREDO TECHNOLOGY GROUP HOLDING LTD,Credo Technology Group Holding Ltd,name matches,https://www.gurufocus.com/stock/CRDO/summary
3664,OK,TSE,8015,TSE:8015,TOYOTA TSUSHO CORP,Toyota Tsusho Corp,name matches,https://www.gurufocus.com/stock/TSE:8015/summary
3665,OK,XPAR,ML,XPAR:ML,MICHELIN,Michelin,name matches,https://www.gurufocus.com/stock/XPAR:ML/summary
3666,OK,NYSE,DVN,DVN,DEVON ENERGY CORP,Devon Energy Corp,name matches,https://www.gurufocus.com/stock/DVN/summary
3667,OK,TSE,6273,TSE:6273,SMC Corp,SMC Corp,name matches,https://www.gurufocus.com/stock/TSE:6273/summary
3668,OK,TSE,2802,TSE:2802,Ajinomoto Co Inc,Ajinomoto Co Inc,name matches,https://www.gurufocus.com/stock/TSE:2802/summary
3669,OK,OSTO,ATCO B,OSTO:ATCO B,Atlas Copco AB,Atlas Copco AB,name matches,https://www.gurufocus.com/stock/OSTO:ATCO B/summary
3670,RESTRICTED,DUB,RYA,DUB:RYA,RYANAIR HOLDINGS PLC,,403 unsubscribed/restricted region,https://www.gurufocus.com/stock/DUB:RYA/summary
3671,OK,NYSE,STZ,STZ,Constellation Brands Inc,Constellation Brands Inc,name matches,https://www.gurufocus.com/stock/STZ/summary
3672,OK,NYSE,OMC,OMC,OMNICOM GROUP INC,Omnicom Group Inc,name matches,https://www.gurufocus.com/stock/OMC/summary
3673,OK,NYSE,FIS,FIS,Fidelity National Information Services Inc,Fidelity National Information Services Inc,name matches,https://www.gurufocus.com/stock/FIS/summary
3674,OK,TSE,8308,TSE:8308,RESONA HOLDINGS INC,Resona Holdings Inc,name matches,https://www.gurufocus.com/stock/TSE:8308/summary
3675,OK,TPE,2382,TPE:2382,QUANTA COMPUTER INC,Quanta Computer Inc,name matches,https://www.gurufocus.com/stock/TPE:2382/summary
3676,OK,HKSE,00016,HKSE:00016,SUN HUNG KAI PROPERTIES LTD,Sun Hung Kai Properties Ltd,name matches,https://www.gurufocus.com/stock/HKSE:00016/summary
3677,OK,TSE,8604,TSE:8604,NOMURA HOLDINGS INC,Nomura Holdings Inc,name matches,https://www.gurufocus.com/stock/TSE:8604/summary
3678,OK,NYSE,PPG,PPG,PPG INDUSTRIES INC,PPG Industries Inc,name matches,https://www.gurufocus.com/stock/PPG/summary
3679,OK,NYSE,RF,RF,REGIONS FINANCIAL CORP,Regions Financial Corp,name matches,https://www.gurufocus.com/stock/RF/summary
3680,OK,TPE,3037,TPE:3037,UNIMICRON TECHNOLOGY CORP,Unimicron Technology Corp,name matches,https://www.gurufocus.com/stock/TPE:3037/summary
3681,OK,NYSE,MKL,MKL,MARKEL GROUP INC,Markel Group Inc,name matches,https://www.gurufocus.com/stock/MKL/summary
3682,OK,HKSE,03968,HKSE:03968,China Merchants Bank Co Ltd,China Merchants Bank Co Ltd,name matches,https://www.gurufocus.com/stock/HKSE:03968/summary
3683,OK,TPE,2360,TPE:2360,CHROMA ATE INC,Chroma Ate Inc,name matches,https://www.gurufocus.com/stock/TPE:2360/summary
3684,OK,NYSE,HUM,HUM,HUMANA INC,Humana Inc,name matches,https://www.gurufocus.com/stock/HUM/summary
3685,OK,TSE,8267,TSE:8267,AEON Co Ltd,AEON Co Ltd,name matches,https://www.gurufocus.com/stock/TSE:8267/summary
3686,OK,NYSE,CMS,CMS,CMS ENERGY CORP,CMS Energy Corp,name matches,https://www.gurufocus.com/stock/CMS/summary
3687,RESTRICTED,NSE,TCS,NSE:TCS,TATA CONSULTANCY SERVICES LTD,,403 unsubscribed/restricted region,https://www.gurufocus.com/stock/NSE:TCS/summary
3688,OK,TPE,3017,TPE:3017,Asia Vital Components Co Ltd,Asia Vital Components Co Ltd,name matches,https://www.gurufocus.com/stock/TPE:3017/summary
3689,OK,NYSE,AVB,AVB,AvalonBay Communities Inc,AvalonBay Communities Inc,name matches,https://www.gurufocus.com/stock/AVB/summary
3691,OK,TSE,5020,TSE:5020,ENEOS HOLDINGS INC,ENEOS Holdings Inc,name matches,https://www.gurufocus.com/stock/TSE:5020/summary
3692,OK,NYSE,PHM,PHM,PULTEGROUP INC,PulteGroup Inc,name matches,https://www.gurufocus.com/stock/PHM/summary
3693,OK,XTER,DTG,XTER:DTG,Daimler Truck Holding AG,Daimler Truck Holding AG,name matches,https://www.gurufocus.com/stock/XTER:DTG/summary
3694,OK,NASDAQ,DXCM,DXCM,DEXCOM INC,DexCom Inc,name matches,https://www.gurufocus.com/stock/DXCM/summary
3695,OK,HKSE,02388,HKSE:02388,BOC HONG KONG HOLDINGS LTD,BOC Hong Kong Holdings Ltd,name matches,https://www.gurufocus.com/stock/HKSE:02388/summary
3696,OK,TSE,5108,TSE:5108,BRIDGESTONE CORP,Bridgestone Corp,name matches,https://www.gurufocus.com/stock/TSE:5108/summary
3697,OK,NASDAQ,SOFI,SOFI,SOFI TECHNOLOGIES INC,SoFi Technologies Inc,name matches,https://www.gurufocus.com/stock/SOFI/summary
3698,OK,XAMS,NN,XAMS:NN,NN GROUP NV,NN Group NV,name matches,https://www.gurufocus.com/stock/XAMS:NN/summary
3699,OK,NASDAQ,ALAB,ALAB,ASTERA LABS INC,Astera Labs Inc,name matches,https://www.gurufocus.com/stock/ALAB/summary
3700,OK,TSE,7751,TSE:7751,CANON INC,Canon Inc,name matches,https://www.gurufocus.com/stock/TSE:7751/summary
3701,OK,NASDAQ,UTHR,UTHR,UNITED THERAPEUTICS CORP,United Therapeutics Corp,name matches,https://www.gurufocus.com/stock/UTHR/summary
3702,OK,NYSE,VLTO,VLTO,VERALTO CORP,Veralto Corp,name matches,https://www.gurufocus.com/stock/VLTO/summary
3703,OK,NYSE,NI,NI,NISOURCE INC,NiSource Inc,name matches,https://www.gurufocus.com/stock/NI/summary
3704,OK,NYSE,LH,LH,LABCORP HOLDINGS INC,Labcorp Holdings Inc,name matches,https://www.gurufocus.com/stock/LH/summary
3705,OK,NASDAQ,EXE,EXE,EXPAND ENERGY CORP,Expand Energy Corp,name matches,https://www.gurufocus.com/stock/EXE/summary
3706,RESTRICTED,LSE,ANTO,LSE:ANTO,ANTOFAGASTA PLC,,403 unsubscribed/restricted region,https://www.gurufocus.com/stock/LSE:ANTO/summary
3707,OK,NYSE,DRI,DRI,DARDEN RESTAURANTS INC,Darden Restaurants Inc,name matches,https://www.gurufocus.com/stock/DRI/summary
3708,OK,XKRX,068270,XKRX:068270,CELLTRION INC,Celltrion Inc,name matches,https://www.gurufocus.com/stock/XKRX:068270/summary
3709,OK,ADX,FAB,ADX:FAB,First Abu Dhabi Bank PJSC,First Abu Dhabi Bank PJSC,name matches,https://www.gurufocus.com/stock/ADX:FAB/summary
3710,OK,NYSE,CPAY,CPAY,CORPAY INC,Corpay Inc,name matches,https://www.gurufocus.com/stock/CPAY/summary
3711,OK,XTER,VOW3,XTER:VOW3,Volkswagen AG,Volkswagen AG,name matches,https://www.gurufocus.com/stock/XTER:VOW3/summary
3712,OK,DSMD,QNBK,DSMD:QNBK,Qatar National Bank SAQ,Qatar National Bank SAQ,name matches,https://www.gurufocus.com/stock/DSMD:QNBK/summary
3713,OK,KUW,NBK,KUW:NBK,National Bank of Kuwait SAK,National Bank of Kuwait SAK,name matches,https://www.gurufocus.com/stock/KUW:NBK/summary
3714,OK,XAMS,HEIA,XAMS:HEIA,HEINEKEN NV,Heineken NV,name matches,https://www.gurufocus.com/stock/XAMS:HEIA/summary
3715,OK,HKSE,00001,HKSE:00001,CK HUTCHISON HOLDINGS LTD,CK Hutchison Holdings Ltd,name matches,https://www.gurufocus.com/stock/HKSE:00001/summary
3716,OK,XAMS,PHIA,XAMS:PHIA,KONINKLIJKE PHILIPS NV,Koninklijke Philips NV,name matches,https://www.gurufocus.com/stock/XAMS:PHIA/summary
3717,OK,OHEL,WRT1V,OHEL:WRT1V,Wartsila Corp,Wartsila Corp,name matches,https://www.gurufocus.com/stock/OHEL:WRT1V/summary
3718,OK,DFM,EMAAR,DFM:EMAAR,Emaar Properties PJSC,Emaar Properties PJSC,name matches,https://www.gurufocus.com/stock/DFM:EMAAR/summary
3719,OK,TSE,1605,TSE:1605,INPEX CORP,Inpex Corp,name matches,https://www.gurufocus.com/stock/TSE:1605/summary
3720,RESTRICTED,LSE,NXT,LSE:NXT,NEXT PLC,,403 unsubscribed/restricted region,https://www.gurufocus.com/stock/LSE:NXT/summary
3721,OK,NYSE,SW,SW,SMURFIT WESTROCK PLC,Smurfit WestRock PLC,name matches,https://www.gurufocus.com/stock/SW/summary
3722,OK,HKSE,01801,HKSE:01801,INNOVENT BIOLOGICS INC,Innovent Biologics Inc,name matches,https://www.gurufocus.com/stock/HKSE:01801/summary
3723,OK,NYSE,DGX,DGX,QUEST DIAGNOSTICS INC,Quest Diagnostics Inc,name matches,https://www.gurufocus.com/stock/DGX/summary
3724,OK,HKSE,01288,HKSE:01288,Agricultural Bank of China Ltd,Agricultural Bank of China Ltd,name matches,https://www.gurufocus.com/stock/HKSE:01288/summary
3725,RESTRICTED,DUB,A5G,DUB:A5G,AIB GROUP PLC,,403 unsubscribed/restricted region,https://www.gurufocus.com/stock/DUB:A5G/summary
3726,OK,NYSE,BURL,BURL,BURLINGTON STORES INC,Burlington Stores Inc,name matches,https://www.gurufocus.com/stock/BURL/summary
3727,OK,TPE,2881,TPE:2881,Fubon Financial Holdings Co Ltd,Fubon Financial Holdings Co Ltd,name matches,https://www.gurufocus.com/stock/TPE:2881/summary
3728,OK,XPAR,KER,XPAR:KER,KERING SA,Kering SA,name matches,https://www.gurufocus.com/stock/XPAR:KER/summary
3729,OK,OSTO,SAAB B,OSTO:SAAB B,Saab AB,Saab AB,name matches,https://www.gurufocus.com/stock/OSTO:SAAB B/summary
3730,RESTRICTED,NSE,KOTAKBANK,NSE:KOTAKBANK,KOTAK MAHINDRA BANK LTD,,403 unsubscribed/restricted region,https://www.gurufocus.com/stock/NSE:KOTAKBANK/summary
3731,OK,NASDAQ,ZM,ZM,Zoom Communications Inc,Zoom Communications Inc,name matches,https://www.gurufocus.com/stock/ZM/summary
3732,OK,XPAR,ACA,XPAR:ACA,CREDIT AGRICOLE SA,Credit Agricole SA,name matches,https://www.gurufocus.com/stock/XPAR:ACA/summary
3733,OK,TSE,9020,TSE:9020,East Japan Railway Co,East Japan Railway Co,name matches,https://www.gurufocus.com/stock/TSE:9020/summary
3734,OK,TPE,2303,TPE:2303,UNITED MICRO ELECTRONICS CORP,United Microelectronics Corp,name matches,https://www.gurufocus.com/stock/TPE:2303/summary
3735,OK,XAMS,ABN,XAMS:ABN,ABN AMRO BANK NV,ABN AMRO Bank NV,name matches,https://www.gurufocus.com/stock/XAMS:ABN/summary
3736,OK,XPAR,PUB,XPAR:PUB,PUBLICIS GROUPE SA,Publicis Groupe SA,name matches,https://www.gurufocus.com/stock/XPAR:PUB/summary
3737,OK,XTER,MTX,XTER:MTX,MTU Aero Engines AG,MTU Aero Engines AG,name matches,https://www.gurufocus.com/stock/XTER:MTX/summary
3738,OK,NYSE,EQR,EQR,Equity Residential,Equity Residential,name matches,https://www.gurufocus.com/stock/EQR/summary
3739,OK,MIL,BPE,MIL:BPE,BPER Banca SpA,BPER Banca SpA,name matches,https://www.gurufocus.com/stock/MIL:BPE/summary
3740,OK,XSWX,SCMN,XSWX:SCMN,SWISSCOM AG,Swisscom AG,name matches,https://www.gurufocus.com/stock/XSWX:SCMN/summary
3741,OK,NASDAQ,RVMD,RVMD,REVOLUTION MEDICINES INC,Revolution Medicines Inc,name matches,https://www.gurufocus.com/stock/RVMD/summary
3742,OK,XTER,FRE,XTER:FRE,Fresenius SE & Co KGaA,Fresenius SE & Co KGaA,name matches,https://www.gurufocus.com/stock/XTER:FRE/summary
3743,OK,XKRX,009150,XKRX:009150,Samsung Electro-Mechanics Co Ltd,Samsung Electro-Mechanics Co Ltd,name matches,https://www.gurufocus.com/stock/XKRX:009150/summary
3744,OK,NASDAQ,ILMN,ILMN,ILLUMINA INC,Illumina Inc,name matches,https://www.gurufocus.com/stock/ILMN/summary
3745,OK,NASDAQ,TROW,TROW,T ROWE PRICE GROUP INC,T. Rowe Price Group Inc,name matches,https://www.gurufocus.com/stock/TROW/summary
3746,OK,TSE,6902,TSE:6902,DENSO CORP,Denso Corp,name matches,https://www.gurufocus.com/stock/TSE:6902/summary
3747,OK,TPE,2882,TPE:2882,Cathay Financial Holding Co Ltd,Cathay Financial Holding Co Ltd,name matches,https://www.gurufocus.com/stock/TPE:2882/summary
3748,OK,SAU,7010,SAU:7010,Saudi Telecom Co,Saudi Telecom Co,name matches,https://www.gurufocus.com/stock/SAU:7010/summary
3749,RESTRICTED,NSE,SBIN,NSE:SBIN,STATE BANK OF INDIA,,403 unsubscribed/restricted region,https://www.gurufocus.com/stock/NSE:SBIN/summary
3750,OK,NASDAQ,ENTG,ENTG,ENTEGRIS INC,Entegris Inc,name matches,https://www.gurufocus.com/stock/ENTG/summary
3751,OK,NYSE,P,P,Everpure Inc,Everpure Inc,name matches,https://www.gurufocus.com/stock/P/summary
3752,OK,ISX,BBCA,ISX:BBCA,PT Bank Central Asia Tbk,PT Bank Central Asia Tbk,name matches,https://www.gurufocus.com/stock/ISX:BBCA/summary
3753,OK,TSE,6178,TSE:6178,Japan Post Holdings Co Ltd,Japan Post Holdings Co Ltd,name matches,https://www.gurufocus.com/stock/TSE:6178/summary
3754,OK,XAMS,KPN,XAMS:KPN,KONINKLIJKE KPN NV,Koninklijke KPN NV,name matches,https://www.gurufocus.com/stock/XAMS:KPN/summary
3755,OK,NASDAQ,PFG,PFG,PRINCIPAL FINANCIAL GROUP INC,Principal Financial Group Inc,name matches,https://www.gurufocus.com/stock/PFG/summary
3756,OK,TSE,4901,TSE:4901,FUJIFILM HOLDINGS CORP,FUJIFILM Holdings Corp,name matches,https://www.gurufocus.com/stock/TSE:4901/summary
3757,OK,XTER,VNA,XTER:VNA,VONOVIA SE,Vonovia SE,name matches,https://www.gurufocus.com/stock/XTER:VNA/summary
3758,OK,HKSE,06160,HKSE:06160,BeOne Medicines Ltd,BeOne Medicines Ltd,name matches,https://www.gurufocus.com/stock/HKSE:06160/summary
3759,OK,NYSE,BAP,BAP,CREDICORP LTD,Credicorp Ltd,name matches,https://www.gurufocus.com/stock/BAP/summary
3760,OK,NASDAQ,NTAP,NTAP,NETAPP INC,NetApp Inc,name matches,https://www.gurufocus.com/stock/NTAP/summary
3761,RESTRICTED,LSE,LGEN,LSE:LGEN,LEGAL AND GENERAL GROUP PLC,,403 unsubscribed/restricted region,https://www.gurufocus.com/stock/LSE:LGEN/summary
3762,OK,NASDAQ,CCEP,CCEP,COCA COLA EUROPACIFIC PARTNERS PLC,Coca-Cola Europacific Partners PLC,name matches,https://www.gurufocus.com/stock/CCEP/summary
3763,OK,TSE,7013,TSE:7013,IHI CORP,IHI Corp,name matches,https://www.gurufocus.com/stock/TSE:7013/summary
3764,OK,XPAR,CAP,XPAR:CAP,Capgemini SE,Capgemini SE,name matches,https://www.gurufocus.com/stock/XPAR:CAP/summary
3765,OK,NASDAQ,MDB,MDB,MongoDB Inc,MongoDB Inc,name matches,https://www.gurufocus.com/stock/MDB/summary
3766,OK,OSTO,SHB A,OSTO:SHB A,Svenska Handelsbanken AB,Svenska Handelsbanken AB,name matches,https://www.gurufocus.com/stock/OSTO:SHB A/summary
3767,OK,NYSE,FTV,FTV,FORTIVE CORP,Fortive Corp,name matches,https://www.gurufocus.com/stock/FTV/summary
3768,OK,TSE,8309,TSE:8309,SUMITOMO MITSUI TRUST GROUP INC,Sumitomo Mitsui Trust Group Inc,name matches,https://www.gurufocus.com/stock/TSE:8309/summary
3769,OK,HKSE,00669,HKSE:00669,Techtronic Industries Co Ltd,Techtronic Industries Co Ltd,name matches,https://www.gurufocus.com/stock/HKSE:00669/summary
3770,OK,NYSE,CDE,CDE,COEUR MINING INC,Coeur Mining Inc,name matches,https://www.gurufocus.com/stock/CDE/summary
3771,OK,XKRX,035420,XKRX:035420,NAVER CORP,NAVER Corp,name matches,https://www.gurufocus.com/stock/XKRX:035420/summary
3772,OK,HKSE,01088,HKSE:01088,China Shenhua Energy Co Ltd,China Shenhua Energy Co Ltd,name matches,https://www.gurufocus.com/stock/HKSE:01088/summary
3773,OK,NASDAQ,CHRW,CHRW,CH ROBINSON WORLDWIDE INC,C.H. Robinson Worldwide Inc,name matches,https://www.gurufocus.com/stock/CHRW/summary
3774,OK,NYSE,LDOS,LDOS,LEIDOS HOLDINGS INC,Leidos Holdings Inc,name matches,https://www.gurufocus.com/stock/LDOS/summary
3775,OK,NASDAQ,FSLR,FSLR,FIRST SOLAR INC,First Solar Inc,name matches,https://www.gurufocus.com/stock/FSLR/summary
3776,OK,XKRX,028260,XKRX:028260,SAMSUNG CT CORP,Samsung C&T Corp,name matches,https://www.gurufocus.com/stock/XKRX:028260/summary
3777,OK,NASDAQ,KHC,KHC,The Kraft Heinz Co,The Kraft Heinz Co,name matches,https://www.gurufocus.com/stock/KHC/summary
3778,OK,XSWX,VACN,XSWX:VACN,VAT GROUP AG,VAT Group AG,name matches,https://www.gurufocus.com/stock/XSWX:VACN/summary
3779,OK,MIL,TRN,MIL:TRN,Terna SpA,Terna SpA,name matches,https://www.gurufocus.com/stock/MIL:TRN/summary
3780,OK,NYSE,TWLO,TWLO,Twilio Inc,Twilio Inc,name matches,https://www.gurufocus.com/stock/TWLO/summary
3781,OK,XMAD,SAB,XMAD:SAB,BANCO DE SABADELL SA,Banco de Sabadell SA,name matches,https://www.gurufocus.com/stock/XMAD:SAB/summary
3782,OK,NYSE,DD,DD,DUPONT DE NEMOURS INC,DuPont de Nemours Inc,name matches,https://www.gurufocus.com/stock/DD/summary
3783,OK,XMAD,AENA,XMAD:AENA,AENA SME SA,Aena SME SA,name matches,https://www.gurufocus.com/stock/XMAD:AENA/summary
3784,OK,TSE,6971,TSE:6971,KYOCERA CORP,Kyocera Corp,name matches,https://www.gurufocus.com/stock/TSE:6971/summary
3785,OK,XKRX,006400,XKRX:006400,Samsung SDI Co Ltd,Samsung SDI Co Ltd,name matches,https://www.gurufocus.com/stock/XKRX:006400/summary
3786,OK,MIL,BMPS,MIL:BMPS,Banca Monte dei Paschi di Siena,Banca Monte dei Paschi di Siena,name matches,https://www.gurufocus.com/stock/MIL:BMPS/summary
3787,OK,DFM,EMIRATESNBD,DFM:EMIRATESNBD,Emirates NBD PJSC,Emirates NBD PJSC,name matches,https://www.gurufocus.com/stock/DFM:EMIRATESNBD/summary
3788,OK,NYSE,KEY,KEY,KEYCORP,KeyCorp,name matches,https://www.gurufocus.com/stock/KEY/summary
3789,OK,TSE,9022,TSE:9022,Central Japan Railway Co,Central Japan Railway Co,name matches,https://www.gurufocus.com/stock/TSE:9022/summary
3790,RESTRICTED,LSE,BT.A,LSE:BT.A,BT GROUP PLC,,403 unsubscribed/restricted region,https://www.gurufocus.com/stock/LSE:BT.A/summary
3791,OK,TSE,7936,TSE:7936,ASICS CORP,ASICS Corp,name matches,https://www.gurufocus.com/stock/TSE:7936/summary
3792,RESTRICTED,LSE,IHG,LSE:IHG,INTERCONTINENTAL HOTELS GROUP PLC,,403 unsubscribed/restricted region,https://www.gurufocus.com/stock/LSE:IHG/summary
3793,OK,NYSE,CNC,CNC,CENTENE CORP,Centene Corp,name matches,https://www.gurufocus.com/stock/CNC/summary
3794,OK,NASDAQ,DLTR,DLTR,DOLLAR TREE INC,Dollar Tree Inc,name matches,https://www.gurufocus.com/stock/DLTR/summary
3795,OK,NASDAQ,EVRG,EVRG,EVERGY INC,Evergy Inc,name matches,https://www.gurufocus.com/stock/EVRG/summary
3796,OK,HKSE,06869,HKSE:06869,Yangtze Optical Fibre and Cable Joint Stock Ltd Co,Yangtze Optical Fibre and Cable Joint Stock Ltd Co,name matches,https://www.gurufocus.com/stock/HKSE:06869/summary
3797,OK,NYSE,ZBH,ZBH,ZIMMER BIOMET HOLDINGS INC,Zimmer Biomet Holdings Inc,name matches,https://www.gurufocus.com/stock/ZBH/summary
3798,OK,NASDAQ,RPRX,RPRX,Royalty Pharma PLC,Royalty Pharma PLC,name matches,https://www.gurufocus.com/stock/RPRX/summary
3799,OK,NYSE,AMCR,AMCR,AMCOR PLC,Amcor PLC,name matches,https://www.gurufocus.com/stock/AMCR/summary
3800,RESTRICTED,DUB,BIRG,DUB:BIRG,BANK OF IRELAND GROUP PLC,,403 unsubscribed/restricted region,https://www.gurufocus.com/stock/DUB:BIRG/summary
3801,OK,XTER,HNR1,XTER:HNR1,Hannover Rueck SE,Hannover Rueck SE,name matches,https://www.gurufocus.com/stock/XTER:HNR1/summary
3802,OK,OSTO,EPI A,OSTO:EPI A,Epiroc AB,Epiroc AB,name matches,https://www.gurufocus.com/stock/OSTO:EPI A/summary
3803,OK,WAR,PKN,WAR:PKN,ORLEN SA,Orlen SA,name matches,https://www.gurufocus.com/stock/WAR:PKN/summary
3804,OK,OSL,KOG,OSL:KOG,Kongsberg Gruppen ASA,Kongsberg Gruppen ASA,name matches,https://www.gurufocus.com/stock/OSL:KOG/summary
3805,OK,NYSE,FLUT,FLUT,FLUTTER ENTERTAINMENT PLC,Flutter Entertainment PLC,name matches,https://www.gurufocus.com/stock/FLUT/summary
3806,OK,HKSE,00175,HKSE:00175,GEELY AUTOMOBILE HOLDINGS LTD,Geely Automobile Holdings Ltd,name matches,https://www.gurufocus.com/stock/HKSE:00175/summary
3807,OK,NASDAQ,ASTS,ASTS,AST SpaceMobile Inc,AST SpaceMobile Inc,name matches,https://www.gurufocus.com/stock/ASTS/summary
3808,OK,NYSE,SCCO,SCCO,SOUTHERN COPPER CORP,Southern Copper Corp,name matches,https://www.gurufocus.com/stock/SCCO/summary
3809,RESTRICTED,NSE,MARUTI,NSE:MARUTI,MARUTI SUZUKI INDIA LTD,,403 unsubscribed/restricted region,https://www.gurufocus.com/stock/NSE:MARUTI/summary
3810,OK,OSTO,ALFA,OSTO:ALFA,Alfa Laval AB,Alfa Laval AB,name matches,https://www.gurufocus.com/stock/OSTO:ALFA/summary
3811,OK,NYSE,SNA,SNA,SNAP ON INC,Snap-on Inc,name matches,https://www.gurufocus.com/stock/SNA/summary
3812,OK,NYSE,IFF,IFF,International Flavors & Fragrances Inc,International Flavors & Fragrances Inc,name matches,https://www.gurufocus.com/stock/IFF/summary
3813,OK,NASDAQ,SATS,SATS,EchoStar Corp,EchoStar Corp,name matches,https://www.gurufocus.com/stock/SATS/summary
3814,RESTRICTED,NSE,HINDUNILVR,NSE:HINDUNILVR,HINDUSTAN UNILEVER LTD,,403 unsubscribed/restricted region,https://www.gurufocus.com/stock/NSE:HINDUNILVR/summary
3815,OK,NASDAQ,FWONK,FWONK,Liberty Media Corp,Liberty Media Corp,name matches,https://www.gurufocus.com/stock/FWONK/summary
3816,OK,NASDAQ,LNT,LNT,ALLIANT ENERGY CORP,Alliant Energy Corp,name matches,https://www.gurufocus.com/stock/LNT/summary
3817,OK,NASDAQ,FFIV,FFIV,F5 INC,F5 Inc,name matches,https://www.gurufocus.com/stock/FFIV/summary
3818,OK,NYSE,CF,CF,CF INDUSTRIES HOLDINGS INC,CF Industries Holdings Inc,name matches,https://www.gurufocus.com/stock/CF/summary
3819,OK,TSE,5016,TSE:5016,JX ADVANCED METALS CORP,JX Advanced Metals Corp,name matches,https://www.gurufocus.com/stock/TSE:5016/summary
3820,OK,TSE,5401,TSE:5401,NIPPON STEEL CORP,Nippon Steel Corp,name matches,https://www.gurufocus.com/stock/TSE:5401/summary
3821,OK,XMAD,CLNX,XMAD:CLNX,Cellnex Telecom SA,Cellnex Telecom SA,name matches,https://www.gurufocus.com/stock/XMAD:CLNX/summary
3822,OK,XKRX,012330,XKRX:012330,Hyundai Mobis Co Ltd,Hyundai Mobis Co Ltd,name matches,https://www.gurufocus.com/stock/XKRX:012330/summary
3823,OK,NYSE,PKG,PKG,PACKAGING CORP OF AMERICA,Packaging Corp of America,name matches,https://www.gurufocus.com/stock/PKG/summary
3824,OK,XSWX,BAER,XSWX:BAER,JULIUS BAER GRUPPE AG,Julius Baer Gruppe AG,name matches,https://www.gurufocus.com/stock/XSWX:BAER/summary
3825,OK,NYSE,EL,EL,The Estee Lauder Companies Inc,The Estee Lauder Companies Inc,name matches,https://www.gurufocus.com/stock/EL/summary
3826,OK,NYSE,LYB,LYB,LyondellBasell Industries NV,LyondellBasell Industries NV,name matches,https://www.gurufocus.com/stock/LYB/summary
3827,OK,NASDAQ,CHTR,CHTR,Charter Communications Inc,Charter Communications Inc,name matches,https://www.gurufocus.com/stock/CHTR/summary
3828,OK,NYSE,IP,IP,International Paper Co,International Paper Co,name matches,https://www.gurufocus.com/stock/IP/summary
3829,OK,ADX,EAND,ADX:EAND,Emirates Telecommunications Group Co PJSC,Emirates Telecommunications Group Co PJSC,name matches,https://www.gurufocus.com/stock/ADX:EAND/summary
3830,RESTRICTED,NSE,NTPC,NSE:NTPC,NTPC LTD,,403 unsubscribed/restricted region,https://www.gurufocus.com/stock/NSE:NTPC/summary
3831,OK,XTER,MRK,XTER:MRK,Merck KGaA,Merck KGaA,name matches,https://www.gurufocus.com/stock/XTER:MRK/summary
3832,OK,XSWX,HBAN,XSWX:HBAN,Helvetia Baloise Holding AG,Helvetia Baloise Holding AG,name matches,https://www.gurufocus.com/stock/XSWX:HBAN/summary
3833,OK,NASDAQ,LULU,LULU,LULULEMON ATHLETICA INC,Lululemon Athletica Inc,name matches,https://www.gurufocus.com/stock/LULU/summary
3834,RESTRICTED,NSE,TITAN,NSE:TITAN,TITAN COMPANY LTD,,403 unsubscribed/restricted region,https://www.gurufocus.com/stock/NSE:TITAN/summary
3835,OK,NYSE,GIS,GIS,GENERAL MILLS INC,General Mills Inc,name matches,https://www.gurufocus.com/stock/GIS/summary
3836,OK,NYSE,TSN,TSN,Tyson Foods Inc,Tyson Foods Inc,name matches,https://www.gurufocus.com/stock/TSN/summary
3837,OK,SZSE,300750,SZSE:300750,Contemporary Amperex Technology Co Ltd,Contemporary Amperex Technology Co Ltd,name matches,https://www.gurufocus.com/stock/SZSE:300750/summary
3838,OK,MIL,BAMI,MIL:BAMI,Banco BPM SpA,Banco BPM SpA,name matches,https://www.gurufocus.com/stock/MIL:BAMI/summary
3839,OK,HKSE,09987,HKSE:09987,YUM CHINA HOLDINGS INC,Yum China Holdings Inc,name matches,https://www.gurufocus.com/stock/HKSE:09987/summary
3840,OK,MIL,SRG,MIL:SRG,Snam SpA,Snam SpA,name matches,https://www.gurufocus.com/stock/MIL:SRG/summary
3841,OK,NYSE,LEN,LEN,Lennar Corp,Lennar Corp,name matches,https://www.gurufocus.com/stock/LEN/summary
3842,OK,TSE,8830,TSE:8830,Sumitomo Realty & Development Co Ltd,Sumitomo Realty & Development Co Ltd,name matches,https://www.gurufocus.com/stock/TSE:8830/summary
3843,OK,XMAD,TEF,XMAD:TEF,TELEFONICA SA,Telefonica SA,name matches,https://www.gurufocus.com/stock/XMAD:TEF/summary
3844,OK,TPE,2412,TPE:2412,Chunghwa Telecom Co Ltd,Chunghwa Telecom Co Ltd,name matches,https://www.gurufocus.com/stock/TPE:2412/summary
3845,OK,NYSE,LVS,LVS,LAS VEGAS SANDS CORP,Las Vegas Sands Corp,name matches,https://www.gurufocus.com/stock/LVS/summary
3846,OK,XSWX,SPSN,XSWX:SPSN,SWISS PRIME SITE AG,Swiss Prime Site AG,name matches,https://www.gurufocus.com/stock/XSWX:SPSN/summary
3847,OK,TSE,7269,TSE:7269,SUZUKI MOTOR CORP,Suzuki Motor Corp,name matches,https://www.gurufocus.com/stock/TSE:7269/summary
3848,OK,TSE,4661,TSE:4661,Oriental Land Co Ltd,Oriental Land Co Ltd,name matches,https://www.gurufocus.com/stock/TSE:4661/summary
3849,OK,NYSE,HPQ,HPQ,HP INC,HP Inc,name matches,https://www.gurufocus.com/stock/HPQ/summary
3850,OK,NASDAQ,JBHT,JBHT,JB HUNT TRANSPORT SERVICES INC,JB Hunt Transport Services Inc,name matches,https://www.gurufocus.com/stock/JBHT/summary
3851,OK,TSE,1925,TSE:1925,Daiwa House Industry Co Ltd,Daiwa House Industry Co Ltd,name matches,https://www.gurufocus.com/stock/TSE:1925/summary
3852,OK,NASDAQ,CDW,CDW,CDW CORP,CDW Corp,name matches,https://www.gurufocus.com/stock/CDW/summary
3853,OK,XKRX,005490,XKRX:005490,POSCO Holdings Inc,POSCO Holdings Inc,name matches,https://www.gurufocus.com/stock/XKRX:005490/summary
3854,RESTRICTED,NSE,BEL,NSE:BEL,BHARAT ELECTRONICS LTD,,403 unsubscribed/restricted region,https://www.gurufocus.com/stock/NSE:BEL/summary
3855,OK,TSE,4543,TSE:4543,TERUMO CORP,Terumo Corp,name matches,https://www.gurufocus.com/stock/TSE:4543/summary
3856,OK,NASDAQ,INCY,INCY,INCYTE CORP,Incyte Corp,name matches,https://www.gurufocus.com/stock/INCY/summary
3857,OK,NYSE,WY,WY,Weyerhaeuser Co,Weyerhaeuser Co,name matches,https://www.gurufocus.com/stock/WY/summary
3858,OK,MIL,STLAM,MIL:STLAM,STELLANTIS NV,Stellantis NV,name matches,https://www.gurufocus.com/stock/MIL:STLAM/summary
3859,OK,OSTO,BOL,OSTO:BOL,Boliden AB,Boliden AB,name matches,https://www.gurufocus.com/stock/OSTO:BOL/summary
3860,OK,OSL,NHY,OSL:NHY,Norsk Hydro ASA,Norsk Hydro ASA,name matches,https://www.gurufocus.com/stock/OSL:NHY/summary
3861,OK,NYSE,L,L,LOEWS CORP,Loews Corp,name matches,https://www.gurufocus.com/stock/L/summary
3863,OK,XLIS,EDP,XLIS:EDP,EDP ENERGIAS DE PORTUGAL SA,EDP-Energias De Portugal SA,name matches,https://www.gurufocus.com/stock/XLIS:EDP/summary
3864,OK,NYSE,RDDT,RDDT,Reddit Inc,Reddit Inc,name matches,https://www.gurufocus.com/stock/RDDT/summary
3865,OK,NYSE,RS,RS,Reliance Inc,Reliance Inc,name matches,https://www.gurufocus.com/stock/RS/summary
3866,OK,XKLS,1155,XKLS:1155,Malayan Banking Bhd,Malayan Banking Bhd,name matches,https://www.gurufocus.com/stock/XKLS:1155/summary
3867,OK,XKRX,267260,XKRX:267260,HD Hyundai Electric,HD Hyundai Electric,name matches,https://www.gurufocus.com/stock/XKRX:267260/summary
3868,OK,NYSE,BALL,BALL,BALL CORP,Ball Corp,name matches,https://www.gurufocus.com/stock/BALL/summary
3869,NOT_FOUND,NSE,SHFL,NSE:SHFL,SHRIRAM FINANCE LTD,,404 stock not found,https://www.gurufocus.com/stock/NSE:SHFL/summary
3870,OK,NYSE,HEI.A,HEI.A,Heico Corp,Heico Corp,name matches,https://www.gurufocus.com/stock/HEI.A/summary
3871,RESTRICTED,NSE,SUNPHARMA,NSE:SUNPHARMA,SUN PHARMACEUTICAL INDUSTRIES LTD,,403 unsubscribed/restricted region,https://www.gurufocus.com/stock/NSE:SUNPHARMA/summary
3872,OK,TSE,1812,TSE:1812,KAJIMA CORP,Kajima Corp,name matches,https://www.gurufocus.com/stock/TSE:1812/summary
3873,OK,TPE,2884,TPE:2884,E. Sun Financial Holding Co Ltd,E. Sun Financial Holding Co Ltd,name matches,https://www.gurufocus.com/stock/TPE:2884/summary
3874,OK,NYSE,BG,BG,BUNGE GLOBAL SA,Bunge Global SA,name matches,https://www.gurufocus.com/stock/BG/summary
3875,RESTRICTED,NSE,ULTRACEMCO,NSE:ULTRACEMCO,ULTRATECH CEMENT LTD,,403 unsubscribed/restricted region,https://www.gurufocus.com/stock/NSE:ULTRACEMCO/summary
3876,OK,HKSE,02269,HKSE:02269,WUXI BIOLOGICS CAYMAN INC,WuXi Biologics (Cayman) Inc,name matches,https://www.gurufocus.com/stock/HKSE:02269/summary
3877,RESTRICTED,LSE,RTO,LSE:RTO,RENTOKIL INITIAL PLC,,403 unsubscribed/restricted region,https://www.gurufocus.com/stock/LSE:RTO/summary
3878,OK,TPE,2885,TPE:2885,Yuanta Financial Holdings Co Ltd,Yuanta Financial Holdings Co Ltd,name matches,https://www.gurufocus.com/stock/TPE:2885/summary
3879,OK,TSE,9101,TSE:9101,Nippon Yusen Kabushiki Kaisha,Nippon Yusen Kabushiki Kaisha,name matches,https://www.gurufocus.com/stock/TSE:9101/summary
3880,OK,NASDAQ,AFRM,AFRM,Affirm Holdings Inc,Affirm Holdings Inc,name matches,https://www.gurufocus.com/stock/AFRM/summary
3881,OK,OHEL,UPM,OHEL:UPM,UPM-Kymmene Oyj,UPM-Kymmene Oyj,name matches,https://www.gurufocus.com/stock/OHEL:UPM/summary
3882,OK,NASDAQ,FCNCA,FCNCA,First Citizens BancShares Inc,First Citizens BancShares Inc,name matches,https://www.gurufocus.com/stock/FCNCA/summary
3883,OK,XPAR,RI,XPAR:RI,PERNOD RICARD SA,Pernod Ricard SA,name matches,https://www.gurufocus.com/stock/XPAR:RI/summary
3884,RESTRICTED,NSE,TATASTEEL,NSE:TATASTEEL,TATA STEEL LTD,,403 unsubscribed/restricted region,https://www.gurufocus.com/stock/NSE:TATASTEEL/summary
3885,OK,TSE,9735,TSE:9735,SECOM Co Ltd,SECOM Co Ltd,name matches,https://www.gurufocus.com/stock/TSE:9735/summary
3886,OK,TSE,4507,TSE:4507,Shionogi & Co Ltd,Shionogi & Co Ltd,name matches,https://www.gurufocus.com/stock/TSE:4507/summary
3887,OK,TPE,2886,TPE:2886,Mega Financial Holding Co Ltd,Mega Financial Holding Co Ltd,name matches,https://www.gurufocus.com/stock/TPE:2886/summary
3888,RESTRICTED,NSE,HCLTECH,NSE:HCLTECH,HCL TECHNOLOGIES LTD,,403 unsubscribed/restricted region,https://www.gurufocus.com/stock/NSE:HCLTECH/summary
3889,OK,NYSE,KIM,KIM,Kimco Realty Corp,Kimco Realty Corp,name matches,https://www.gurufocus.com/stock/KIM/summary
3890,OK,NYSE,ESS,ESS,Essex Property Trust Inc,Essex Property Trust Inc,name matches,https://www.gurufocus.com/stock/ESS/summary
3891,OK,TSE,1802,TSE:1802,OBAYASHI CORP,Obayashi Corp,name matches,https://www.gurufocus.com/stock/TSE:1802/summary
3892,OK,NYSE,GPC,GPC,Genuine Parts Co,Genuine Parts Co,name matches,https://www.gurufocus.com/stock/GPC/summary
3893,OK,NYSE,GPN,GPN,GLOBAL PAYMENTS INC,Global Payments Inc,name matches,https://www.gurufocus.com/stock/GPN/summary
3894,OK,TSE,6326,TSE:6326,KUBOTA CORP,Kubota Corp,name matches,https://www.gurufocus.com/stock/TSE:6326/summary
3895,OK,HKSE,00002,HKSE:00002,CLP HOLDINGS LTD,CLP Holdings Ltd,name matches,https://www.gurufocus.com/stock/HKSE:00002/summary
3896,OK,XPAR,URW,XPAR:URW,Unibail-Rodamco-Westfield,Unibail-Rodamco-Westfield,name matches,https://www.gurufocus.com/stock/XPAR:URW/summary
3897,OK,NASDAQ,TRMB,TRMB,TRIMBLE INC,Trimble Inc,name matches,https://www.gurufocus.com/stock/TRMB/summary
3898,OK,TPE,2887,TPE:2887,TS Financial Holding Co Ltd,TS Financial Holding Co Ltd,name matches,https://www.gurufocus.com/stock/TPE:2887/summary
3899,OK,NYSE,DECK,DECK,DECKERS OUTDOOR CORP,Deckers Outdoor Corp,name matches,https://www.gurufocus.com/stock/DECK/summary
3900,OK,NYSE,J,J,JACOBS SOLUTIONS INC,Jacobs Solutions Inc,name matches,https://www.gurufocus.com/stock/J/summary
3901,OK,SGX,BN4,SGX:BN4,KEPPEL LTD,Keppel Ltd,name matches,https://www.gurufocus.com/stock/SGX:BN4/summary
3902,OK,NYSE,CSL,CSL,CARLISLE COMPANIES INC,Carlisle Companies Inc,name matches,https://www.gurufocus.com/stock/CSL/summary
3903,OK,NASDAQ,SSNC,SSNC,SS&C Technologies Holdings Inc,SS&C Technologies Holdings Inc,name matches,https://www.gurufocus.com/stock/SSNC/summary
3904,OK,NYSE,INVH,INVH,INVITATION HOMES INC,Invitation Homes Inc,name matches,https://www.gurufocus.com/stock/INVH/summary
3905,OK,OSTO,ESSITY B,OSTO:ESSITY B,Essity AB,Essity AB,name matches,https://www.gurufocus.com/stock/OSTO:ESSITY B/summary
3906,OK,SHSE,600519,SHSE:600519,Kweichow Moutai Co Ltd,Kweichow Moutai Co Ltd,name matches,https://www.gurufocus.com/stock/SHSE:600519/summary
3907,OK,TSE,2502,TSE:2502,ASAHI GROUP HOLDINGS LTD,Asahi Group Holdings Ltd,name matches,https://www.gurufocus.com/stock/TSE:2502/summary
3908,OK,NYSE,WPC,WPC,W.P. Carey Inc,W.P. Carey Inc,name matches,https://www.gurufocus.com/stock/WPC/summary
3909,OK,NASDAQ,IREN,IREN,IREN LTD,IREN Ltd,name matches,https://www.gurufocus.com/stock/IREN/summary
3910,OK,NYSE,TRU,TRU,TRANSUNION,TransUnion,name matches,https://www.gurufocus.com/stock/TRU/summary
3911,OK,HKSE,01024,HKSE:01024,KUAISHOU TECHNOLOGY,Kuaishou Technology,name matches,https://www.gurufocus.com/stock/HKSE:01024/summary
3912,RESTRICTED,LSE,SN.,LSE:SN.,SMITH AND NEPHEW PLC,,403 unsubscribed/restricted region,https://www.gurufocus.com/stock/LSE:SN./summary
3913,OK,XKRX,316140,XKRX:316140,WOORI FINANCIAL GROUP INC,Woori Financial Group Inc,name matches,https://www.gurufocus.com/stock/XKRX:316140/summary
3914,OK,WAR,PEO,WAR:PEO,Bank Polska Kasa Opieki SA,Bank Polska Kasa Opieki SA,name matches,https://www.gurufocus.com/stock/WAR:PEO/summary
3915,OK,OCSE,ORSTED,OCSE:ORSTED,ORSTED A/S,Orsted AS,name matches,https://www.gurufocus.com/stock/OCSE:ORSTED/summary
3916,OK,OSTO,EQT,OSTO:EQT,EQT AB,EQT AB,name matches,https://www.gurufocus.com/stock/OSTO:EQT/summary
3917,OK,TPE,2327,TPE:2327,YAGEO CORP,Yageo Corp,name matches,https://www.gurufocus.com/stock/TPE:2327/summary
3918,OK,XKLS,1023,XKLS:1023,CIMB Group Holdings Bhd,CIMB Group Holdings Bhd,name matches,https://www.gurufocus.com/stock/XKLS:1023/summary
3919,RESTRICTED,NSE,POWERGRID,NSE:POWERGRID,POWER GRID CORPORATION OF INDIA LT,,403 unsubscribed/restricted region,https://www.gurufocus.com/stock/NSE:POWERGRID/summary
3920,OK,TSE,1928,TSE:1928,SEKISUI HOUSE LTD,Sekisui House Ltd,name matches,https://www.gurufocus.com/stock/TSE:1928/summary
3921,OK,TSE,7012,TSE:7012,KAWASAKI HEAVY INDUSTRIES LTD,Kawasaki Heavy Industries Ltd,name matches,https://www.gurufocus.com/stock/TSE:7012/summary
3922,OK,WAR,KGH,WAR:KGH,KGHM POLSKA MIEDZ SA,KGHM Polska Miedz SA,name matches,https://www.gurufocus.com/stock/WAR:KGH/summary
3923,RESTRICTED,NSE,HINDALCO,NSE:HINDALCO,HINDALCO INDUSTRIES LTD,,403 unsubscribed/restricted region,https://www.gurufocus.com/stock/NSE:HINDALCO/summary
3924,OK,SAU,2010,SAU:2010,Saudi Basic Industries Corp,Saudi Basic Industries Corp,name matches,https://www.gurufocus.com/stock/SAU:2010/summary
3925,OK,BKK,ADVANC,BKK:ADVANC,Advanced Info Service PCL,Advanced Info Service PCL,name matches,https://www.gurufocus.com/stock/BKK:ADVANC/summary
3926,OK,NYSE,GGG,GGG,GRACO INC,Graco Inc,name matches,https://www.gurufocus.com/stock/GGG/summary
3927,OK,TPE,1303,TPE:1303,NAN YA PLASTICS CORP,Nan Ya Plastics Corp,name matches,https://www.gurufocus.com/stock/TPE:1303/summary
3928,OK,TSE,6361,TSE:6361,EBARA CORP,Ebara Corp,name matches,https://www.gurufocus.com/stock/TSE:6361/summary
3929,OK,NASDAQ,NDSN,NDSN,NORDSON CORP,Nordson Corp,name matches,https://www.gurufocus.com/stock/NDSN/summary
3930,OK,NASDAQ,SMCI,SMCI,SUPER MICRO COMPUTER INC,Super Micro Computer Inc,name matches,https://www.gurufocus.com/stock/SMCI/summary
3931,OK,NASDAQ,PODD,PODD,INSULET CORP,Insulet Corp,name matches,https://www.gurufocus.com/stock/PODD/summary
3932,OK,HKSE,09926,HKSE:09926,AKESO INC,Akeso Inc,name matches,https://www.gurufocus.com/stock/HKSE:09926/summary
3933,RESTRICTED,DUB,KRZ,DUB:KRZ,KERRY GROUP PLC,,403 unsubscribed/restricted region,https://www.gurufocus.com/stock/DUB:KRZ/summary
3934,OK,XTER,SHL,XTER:SHL,SIEMENS HEALTHINEERS AG,Siemens Healthineers AG,name matches,https://www.gurufocus.com/stock/XTER:SHL/summary
3935,OK,NASDAQ,COO,COO,The Cooper Companies Inc,The Cooper Companies Inc,name matches,https://www.gurufocus.com/stock/COO/summary
3936,OK,NYSE,MAA,MAA,Mid-America Apartment Communities Inc,Mid-America Apartment Communities Inc,name matches,https://www.gurufocus.com/stock/MAA/summary
3937,OK,SGX,S63,SGX:S63,Singapore Technologies Engineering Ltd,Singapore Technologies Engineering Ltd,name matches,https://www.gurufocus.com/stock/SGX:S63/summary
3938,OK,XPAR,FGR,XPAR:FGR,EIFFAGE SA,Eiffage SA,name matches,https://www.gurufocus.com/stock/XPAR:FGR/summary
3939,OK,MIL,FBK,MIL:FBK,FinecoBank SpA,FinecoBank SpA,name matches,https://www.gurufocus.com/stock/MIL:FBK/summary
3940,OK,NYSE,PNFP,PNFP,PINNACLE FINANCIAL PARTNERS INC,Pinnacle Financial Partners Inc,name matches,https://www.gurufocus.com/stock/PNFP/summary
3941,OK,NASDAQ,FOXA,FOXA,Fox Corp,Fox Corp,name matches,https://www.gurufocus.com/stock/FOXA/summary
3942,OK,NASDAQ,TW,TW,Tradeweb Markets Inc,Tradeweb Markets Inc,name matches,https://www.gurufocus.com/stock/TW/summary
3943,OK,TSE,9532,TSE:9532,Osaka Gas Co Ltd,Osaka Gas Co Ltd,name matches,https://www.gurufocus.com/stock/TSE:9532/summary
3944,OK,NYSE,SUI,SUI,Sun Communities Inc,Sun Communities Inc,name matches,https://www.gurufocus.com/stock/SUI/summary
3945,OK,NYSE,PNR,PNR,Pentair PLC,Pentair PLC,name matches,https://www.gurufocus.com/stock/PNR/summary
3946,OK,XKRX,010140,XKRX:010140,Samsung Heavy Industries Co Ltd,Samsung Heavy Industries Co Ltd,name matches,https://www.gurufocus.com/stock/XKRX:010140/summary
3947,OK,HKSE,00020,HKSE:00020,SenseTime Group Inc,SenseTime Group Inc,name matches,https://www.gurufocus.com/stock/HKSE:00020/summary
3948,OK,NYSE,RKT,RKT,Rocket Companies Inc,Rocket Companies Inc,name matches,https://www.gurufocus.com/stock/RKT/summary
3949,OK,NYSE,TYL,TYL,TYLER TECHNOLOGIES INC,Tyler Technologies Inc,name matches,https://www.gurufocus.com/stock/TYL/summary
3950,OK,NASDAQ,NBIX,NBIX,NEUROCRINE BIOSCIENCES INC,Neurocrine Biosciences Inc,name matches,https://www.gurufocus.com/stock/NBIX/summary
3951,OK,NYSE,DKS,DKS,Dick's Sporting Goods Inc,Dick's Sporting Goods Inc,name matches,https://www.gurufocus.com/stock/DKS/summary
3952,OK,TPE,2890,TPE:2890,SinoPac Financial Holdings Co Ltd,SinoPac Financial Holdings Co Ltd,name matches,https://www.gurufocus.com/stock/TPE:2890/summary
3953,OK,NYSE,EG,EG,EVEREST GROUP LTD,Everest Group Ltd,name matches,https://www.gurufocus.com/stock/EG/summary
3954,OK,ISX,BBRI,ISX:BBRI,PT Bank Rakyat Indonesia (Persero) Tbk,PT Bank Rakyat Indonesia (Persero) Tbk,name matches,https://www.gurufocus.com/stock/ISX:BBRI/summary
3955,OK,XBRU,AGS,XBRU:AGS,Ageas SA/ NV,Ageas SA/ NV,name matches,https://www.gurufocus.com/stock/XBRU:AGS/summary
3956,OK,XPAR,EN,XPAR:EN,Bouygues,Bouygues,name matches,https://www.gurufocus.com/stock/XPAR:EN/summary
3957,OK,NYSE,TXT,TXT,TEXTRON INC,Textron Inc,name matches,https://www.gurufocus.com/stock/TXT/summary
3958,OK,XKRX,032830,XKRX:032830,Samsung Life Insurance Co Ltd,Samsung Life Insurance Co Ltd,name matches,https://www.gurufocus.com/stock/XKRX:032830/summary
3959,OK,TSE,9503,TSE:9503,Kansai Electric Power Co Inc,Kansai Electric Power Co Inc,name matches,https://www.gurufocus.com/stock/TSE:9503/summary
3960,OK,NYSE,NLY,NLY,Annaly Capital Management Inc,Annaly Capital Management Inc,name matches,https://www.gurufocus.com/stock/NLY/summary
3961,OK,ROCO,5274,ROCO:5274,ASPEED TECHNOLOGY INC,Aspeed Technology Inc,name matches,https://www.gurufocus.com/stock/ROCO:5274/summary
3962,OK,SGX,S68,SGX:S68,SINGAPORE EXCHANGE LTD,Singapore Exchange Ltd,name matches,https://www.gurufocus.com/stock/SGX:S68/summary
3963,RESTRICTED,LSE,CCH,LSE:CCH,COCA COLA HBC AG,,403 unsubscribed/restricted region,https://www.gurufocus.com/stock/LSE:CCH/summary
3964,OK,NASDAQ,ZS,ZS,ZSCALER INC,Zscaler Inc,name matches,https://www.gurufocus.com/stock/ZS/summary
3965,OK,TSE,8601,TSE:8601,DAIWA SECURITIES GROUP INC,Daiwa Securities Group Inc,name matches,https://www.gurufocus.com/stock/TSE:8601/summary
3966,OK,NYSE,RPM,RPM,RPM INTERNATIONAL INC,RPM International Inc,name matches,https://www.gurufocus.com/stock/RPM/summary
3967,RESTRICTED,LSE,SVT,LSE:SVT,SEVERN TRENT PLC,,403 unsubscribed/restricted region,https://www.gurufocus.com/stock/LSE:SVT/summary
3968,OK,SAU,1010,SAU:1010,RIYAD BANK,Riyad Bank,name matches,https://www.gurufocus.com/stock/SAU:1010/summary
3969,OK,NASDAQ,REG,REG,Regency Centers Corp,Regency Centers Corp,name matches,https://www.gurufocus.com/stock/REG/summary
3970,OK,TSE,6988,TSE:6988,NITTO DENKO CORP,Nitto Denko Corp,name matches,https://www.gurufocus.com/stock/TSE:6988/summary
3971,OK,NASDAQ,RIVN,RIVN,Rivian Automotive Inc,Rivian Automotive Inc,name matches,https://www.gurufocus.com/stock/RIVN/summary
3972,OK,XTER,G1A,XTER:G1A,GEA GROUP AG,GEA Group AG,name matches,https://www.gurufocus.com/stock/XTER:G1A/summary
3973,OK,TSE,9104,TSE:9104,MITSUI OSK LINES LTD,Mitsui O.S.K. Lines Ltd,name matches,https://www.gurufocus.com/stock/TSE:9104/summary
3974,OK,XMAD,ELE,XMAD:ELE,ENDESA SA,Endesa SA,name matches,https://www.gurufocus.com/stock/XMAD:ELE/summary
3975,OK,NYSE,TOST,TOST,Toast Inc,Toast Inc,name matches,https://www.gurufocus.com/stock/TOST/summary
3976,OK,TSE,4062,TSE:4062,Ibiden Co Ltd,Ibiden Co Ltd,name matches,https://www.gurufocus.com/stock/TSE:4062/summary
3977,OK,TSE,6383,TSE:6383,Daifuku Co Ltd,Daifuku Co Ltd,name matches,https://www.gurufocus.com/stock/TSE:6383/summary
3978,OK,TSE,7832,TSE:7832,BANDAI NAMCO HOLDINGS INC,BANDAI NAMCO Holdings Inc,name matches,https://www.gurufocus.com/stock/TSE:7832/summary
3979,OK,HKSE,02328,HKSE:02328,PICC Property and Casualty Co Ltd,PICC Property and Casualty Co Ltd,name matches,https://www.gurufocus.com/stock/HKSE:02328/summary
3980,OK,NYSE,BBY,BBY,Best Buy Co Inc,Best Buy Co Inc,name matches,https://www.gurufocus.com/stock/BBY/summary
3981,OK,XKLS,1295,XKLS:1295,Public Bank Bhd,Public Bank Bhd,name matches,https://www.gurufocus.com/stock/XKLS:1295/summary
3982,OK,TSE,1801,TSE:1801,TAISEI CORP,Taisei Corp,name matches,https://www.gurufocus.com/stock/TSE:1801/summary
3983,OK,NYSE,MKC,MKC,McCormick & Co Inc,McCormick & Co Inc,name matches,https://www.gurufocus.com/stock/MKC/summary
3984,OK,NYSE,CLX,CLX,Clorox Co,Clorox Co,name matches,https://www.gurufocus.com/stock/CLX/summary
3985,OK,NYSE,IONQ,IONQ,IONQ INC,IonQ Inc,name matches,https://www.gurufocus.com/stock/IONQ/summary
3986,OK,NYSE,AVY,AVY,AVERY DENNISON CORP,Avery Dennison Corp,name matches,https://www.gurufocus.com/stock/AVY/summary
3987,OK,SGX,C38U,SGX:C38U,CapitaLand Integrated Commercial Trust,CapitaLand Integrated Commercial Trust,name matches,https://www.gurufocus.com/stock/SGX:C38U/summary
3988,OK,OSTO,INDU C,OSTO:INDU C,Industrivarden AB,Industrivarden AB,name matches,https://www.gurufocus.com/stock/OSTO:INDU C/summary
3989,OK,OSL,AKRBP,OSL:AKRBP,Aker BP ASA,Aker BP ASA,name matches,https://www.gurufocus.com/stock/OSL:AKRBP/summary
3990,OK,ATH,ETE,ATH:ETE,NATIONAL BANK OF GREECE SA,National Bank of Greece SA,name matches,https://www.gurufocus.com/stock/ATH:ETE/summary
3991,OK,NYSE,ALLE,ALLE,ALLEGION PLC,Allegion PLC,name matches,https://www.gurufocus.com/stock/ALLE/summary
3992,OK,XKRX,051910,XKRX:051910,LG CHEM LTD,LG Chem Ltd,name matches,https://www.gurufocus.com/stock/XKRX:051910/summary
3993,OK,OSTO,TELIA,OSTO:TELIA,Telia Company AB,Telia Company AB,name matches,https://www.gurufocus.com/stock/OSTO:TELIA/summary
3994,OK,BKK,PTT,BKK:PTT,Ptt PCL,Ptt PCL,name matches,https://www.gurufocus.com/stock/BKK:PTT/summary
3995,OK,XKRX,373220,XKRX:373220,LG ENERGY SOLUTION LTD,LG Energy Solution Ltd,name matches,https://www.gurufocus.com/stock/XKRX:373220/summary
3996,OK,TSE,2503,TSE:2503,Kirin Holdings Co Ltd,Kirin Holdings Co Ltd,name matches,https://www.gurufocus.com/stock/TSE:2503/summary
3997,OK,TPE,3665,TPE:3665,BIZLINK HOLDING INC,Bizlink Holding Inc,name matches,https://www.gurufocus.com/stock/TPE:3665/summary
3998,OK,XSWX,RO,XSWX:RO,ROCHE HOLDING AG,Roche Holding AG,name matches,https://www.gurufocus.com/stock/XSWX:RO/summary
3999,OK,TPE,2357,TPE:2357,ASUSTEK COMPUTER INC,Asustek Computer Inc,name matches,https://www.gurufocus.com/stock/TPE:2357/summary
4000,OK,TSE,9531,TSE:9531,Tokyo Gas Co Ltd,Tokyo Gas Co Ltd,name matches,https://www.gurufocus.com/stock/TSE:9531/summary
4001,OK,XTER,HEN3,XTER:HEN3,Henkel AG & Co KGaA,Henkel AG & Co KGaA,name matches,https://www.gurufocus.com/stock/XTER:HEN3/summary
4002,RESTRICTED,LSE,EDV,LSE:EDV,ENDEAVOUR MINING,,403 unsubscribed/restricted region,https://www.gurufocus.com/stock/LSE:EDV/summary
4003,OK,XKRX,207940,XKRX:207940,Samsung BioLogics Co Ltd,Samsung BioLogics Co Ltd,name matches,https://www.gurufocus.com/stock/XKRX:207940/summary
4004,OK,XSWX,SCHP,XSWX:SCHP,Schindler Holding AG,Schindler Holding AG,name matches,https://www.gurufocus.com/stock/XSWX:SCHP/summary
4005,OK,DSMD,QIBK,DSMD:QIBK,Qatar Islamic Bank QPSC,Qatar Islamic Bank QPSC,name matches,https://www.gurufocus.com/stock/DSMD:QIBK/summary
4006,OK,TSE,8697,TSE:8697,JAPAN EXCHANGE GROUP INC,Japan Exchange Group Inc,name matches,https://www.gurufocus.com/stock/TSE:8697/summary
4007,RESTRICTED,LSE,UU.,LSE:UU.,UNITED UTILITIES GROUP PLC,,403 unsubscribed/restricted region,https://www.gurufocus.com/stock/LSE:UU./summary
4008,OK,XPAR,BVI,XPAR:BVI,BUREAU VERITAS SA,Bureau Veritas SA,name matches,https://www.gurufocus.com/stock/XPAR:BVI/summary
4009,OK,TPE,3231,TPE:3231,WISTRON CORP,Wistron Corp,name matches,https://www.gurufocus.com/stock/TPE:3231/summary
4010,OK,NASDAQ,GLPI,GLPI,Gaming and Leisure Properties Inc,Gaming and Leisure Properties Inc,name matches,https://www.gurufocus.com/stock/GLPI/summary
4011,OK,TSE,3407,TSE:3407,ASAHI KASEI CORP,Asahi Kasei Corp,name matches,https://www.gurufocus.com/stock/TSE:3407/summary
4012,OK,NYSE,PINS,PINS,Pinterest Inc,Pinterest Inc,name matches,https://www.gurufocus.com/stock/PINS/summary
4013,OK,HKSE,01378,HKSE:01378,CHINA HONGQIAO GROUP LTD,China Hongqiao Group Ltd,name matches,https://www.gurufocus.com/stock/HKSE:01378/summary
4014,OK,HKSE,09633,HKSE:09633,Nongfu Spring Co Ltd,Nongfu Spring Co Ltd,name matches,https://www.gurufocus.com/stock/HKSE:09633/summary
4015,OK,HKSE,09866,HKSE:09866,NIO Inc,NIO Inc,name matches,https://www.gurufocus.com/stock/HKSE:09866/summary
4016,OK,NYSE,APTV,APTV,APTIV PLC,Aptiv PLC,name matches,https://www.gurufocus.com/stock/APTV/summary
4017,OK,MIL,TEN,MIL:TEN,TENARIS SA,Tenaris SA,name matches,https://www.gurufocus.com/stock/MIL:TEN/summary
4018,OK,TPE,6669,TPE:6669,Wiwynn Corp,Wiwynn Corp,name matches,https://www.gurufocus.com/stock/TPE:6669/summary
4019,OK,HKSE,00386,HKSE:00386,China Petroleum & Chemical Corp,China Petroleum & Chemical Corp,name matches,https://www.gurufocus.com/stock/HKSE:00386/summary
4020,OK,XKRX,033780,XKRX:033780,KTG CORP,KT&G Corp,name matches,https://www.gurufocus.com/stock/XKRX:033780/summary
4021,OK,TPE,2892,TPE:2892,First Financial Holding Co Ltd,First Financial Holding Co Ltd,name matches,https://www.gurufocus.com/stock/TPE:2892/summary
4022,OK,HKSE,00823,HKSE:00823,LINK REAL ESTATE INVESTMENT TRUST,Link Real Estate Investment Trust,name matches,https://www.gurufocus.com/stock/HKSE:00823/summary
4023,OK,OHEL,NESTE,OHEL:NESTE,Neste OYJ,Neste OYJ,name matches,https://www.gurufocus.com/stock/OHEL:NESTE/summary
4024,RESTRICTED,NSE,TVSMOTOR,NSE:TVSMOTOR,TVS MOTOR COMPANY LTD,,403 unsubscribed/restricted region,https://www.gurufocus.com/stock/NSE:TVSMOTOR/summary
4025,OK,NYSE,DOC,DOC,HEALTHPEAK PROPERTIES INC,Healthpeak Properties Inc,name matches,https://www.gurufocus.com/stock/DOC/summary
4026,OK,NASDAQ,CG,CG,The Carlyle Group Inc,The Carlyle Group Inc,name matches,https://www.gurufocus.com/stock/CG/summary
4027,OK,NYSE,MAS,MAS,MASCO CORP,Masco Corp,name matches,https://www.gurufocus.com/stock/MAS/summary
4028,OK,NYSE,ACM,ACM,AECOM,AECOM,name matches,https://www.gurufocus.com/stock/ACM/summary
4029,RESTRICTED,LSE,INF,LSE:INF,INFORMA PLC,,403 unsubscribed/restricted region,https://www.gurufocus.com/stock/LSE:INF/summary
4030,OK,XPAR,CA,XPAR:CA,Carrefour,Carrefour,name matches,https://www.gurufocus.com/stock/XPAR:CA/summary
4031,OK,OCSE,CARL B,OCSE:CARL B,Carlsberg AS,Carlsberg AS,name matches,https://www.gurufocus.com/stock/OCSE:CARL B/summary
4032,OK,TSE,9766,TSE:9766,KONAMI GROUP CORP,Konami Group Corp,name matches,https://www.gurufocus.com/stock/TSE:9766/summary
4033,RESTRICTED,LSE,SGRO,LSE:SGRO,SEGRO REIT PLC,,403 unsubscribed/restricted region,https://www.gurufocus.com/stock/LSE:SGRO/summary
4034,RESTRICTED,DUB,KRX,DUB:KRX,KINGSPAN GROUP PLC,,403 unsubscribed/restricted region,https://www.gurufocus.com/stock/DUB:KRX/summary
4035,OK,HKSE,00288,HKSE:00288,WH GROUP LTD,WH Group Ltd,name matches,https://www.gurufocus.com/stock/HKSE:00288/summary
4036,OK,IST,ASELS,IST:ASELS,Aselsan Elektronik Sanayi Ve Ticaret AS,Aselsan Elektronik Sanayi Ve Ticaret AS,name matches,https://www.gurufocus.com/stock/IST:ASELS/summary
4037,OK,TPE,2368,TPE:2368,GOLD CIRCUIT ELECTRONICS LTD,Gold Circuit Electronics Ltd,name matches,https://www.gurufocus.com/stock/TPE:2368/summary
4038,OK,NYSE,GDDY,GDDY,GoDaddy Inc,GoDaddy Inc,name matches,https://www.gurufocus.com/stock/GDDY/summary
4039,OK,WAR,PZU,WAR:PZU,Powszechny Zaklad Ubezpieczen SA,Powszechny Zaklad Ubezpieczen SA,name matches,https://www.gurufocus.com/stock/WAR:PZU/summary
4040,OK,SAU,1150,SAU:1150,ALINMA BANK,Alinma Bank,name matches,https://www.gurufocus.com/stock/SAU:1150/summary
4041,OK,XMAD,BKT,XMAD:BKT,BANKINTER SA,Bankinter SA,name matches,https://www.gurufocus.com/stock/XMAD:BKT/summary
4042,OK,HKSE,01109,HKSE:01109,CHINA RESOURCES LAND LTD,China Resources Land Ltd,name matches,https://www.gurufocus.com/stock/HKSE:01109/summary
4043,RESTRICTED,LSE,CNA,LSE:CNA,CENTRICA PLC,,403 unsubscribed/restricted region,https://www.gurufocus.com/stock/LSE:CNA/summary
4044,OK,TSE,7733,TSE:7733,OLYMPUS CORP,Olympus Corp,name matches,https://www.gurufocus.com/stock/TSE:7733/summary
4045,OK,TSE,7532,TSE:7532,Pan Pacific International Holdings Corp,Pan Pacific International Holdings Corp,name matches,https://www.gurufocus.com/stock/TSE:7532/summary
4046,OK,OSL,TEL,OSL:TEL,Telenor ASA,Telenor ASA,name matches,https://www.gurufocus.com/stock/OSL:TEL/summary
4047,OK,SZSE,300015,SZSE:300015,Aier Eye Hospital Group Co Ltd,Aier Eye Hospital Group Co Ltd,name matches,https://www.gurufocus.com/stock/SZSE:300015/summary
4048,OK,NASDAQ,CHKP,CHKP,Check Point Software Technologies Ltd,Check Point Software Technologies Ltd,name matches,https://www.gurufocus.com/stock/CHKP/summary
4049,OK,TSE,4307,TSE:4307,NOMURA RESEARCH INSTITUTE LTD,Nomura Research Institute Ltd,name matches,https://www.gurufocus.com/stock/TSE:4307/summary
4050,OK,OHEL,FORTUM,OHEL:FORTUM,Fortum Oyj,Fortum Oyj,name matches,https://www.gurufocus.com/stock/OHEL:FORTUM/summary
4051,OK,NASDAQ,HTHT,HTHT,H World Group Ltd,H World Group Ltd,name matches,https://www.gurufocus.com/stock/HTHT/summary
4052,OK,TSE,7453,TSE:7453,Ryohin Keikaku Co Ltd,Ryohin Keikaku Co Ltd,name matches,https://www.gurufocus.com/stock/TSE:7453/summary
4053,OK,NYSE,UDR,UDR,UDR Inc,UDR Inc,name matches,https://www.gurufocus.com/stock/UDR/summary
4054,OK,NASDAQ,OKTA,OKTA,Okta Inc,Okta Inc,name matches,https://www.gurufocus.com/stock/OKTA/summary
4055,OK,SGX,J36,SGX:J36,JARDINE MATHESON HOLDINGS LTD,Jardine Matheson Holdings Ltd,name matches,https://www.gurufocus.com/stock/SGX:J36/summary
4056,OK,NASDAQ,DPZ,DPZ,DOMINOS PIZZA INC,Domino's Pizza Inc,name matches,https://www.gurufocus.com/stock/DPZ/summary
4057,OK,NYSE,DAL,DAL,DELTA AIR LINES INC,Delta Air Lines Inc,name matches,https://www.gurufocus.com/stock/DAL/summary
4058,OK,HKSE,02057,HKSE:02057,ZTO EXPRESS (CAYMAN) INC,ZTO Express (Cayman) Inc,name matches,https://www.gurufocus.com/stock/HKSE:02057/summary
4059,OK,XAMS,AGN,XAMS:AGN,AEGON LTD,Aegon Ltd,name matches,https://www.gurufocus.com/stock/XAMS:AGN/summary
4060,OK,TSE,8795,TSE:8795,TD HOLDINGS INC,T&D Holdings Inc,name matches,https://www.gurufocus.com/stock/TSE:8795/summary
4061,OK,OHEL,METSO,OHEL:METSO,Metso Corp,Metso Corp,name matches,https://www.gurufocus.com/stock/OHEL:METSO/summary
4062,RESTRICTED,NSE,EICHERMOT,NSE:EICHERMOT,EICHER MOTORS LTD,,403 unsubscribed/restricted region,https://www.gurufocus.com/stock/NSE:EICHERMOT/summary
4064,OK,HKSE,01113,HKSE:01113,CK ASSET HOLDINGS LTD,CK Asset Holdings Ltd,name matches,https://www.gurufocus.com/stock/HKSE:01113/summary
4065,OK,TSE,6594,TSE:6594,NIDEC CORP,Nidec Corp,name matches,https://www.gurufocus.com/stock/TSE:6594/summary
4066,OK,HKSE,02601,HKSE:02601,China Pacific Insurance (Group) Co Ltd,China Pacific Insurance (Group) Co Ltd,name matches,https://www.gurufocus.com/stock/HKSE:02601/summary
4067,OK,XKRX,010120,XKRX:010120,LS Electric Co Ltd,LS Electric Co Ltd,name matches,https://www.gurufocus.com/stock/XKRX:010120/summary
4068,OK,NASDAQ,TEAM,TEAM,Atlassian Corp,Atlassian Corp,name matches,https://www.gurufocus.com/stock/TEAM/summary
4069,OK,ATH,EUROB,ATH:EUROB,EUROBANK SA,Eurobank SA,name matches,https://www.gurufocus.com/stock/ATH:EUROB/summary
4070,OK,SAU,2020,SAU:2020,SABIC Agri-Nutrient Co,SABIC Agri-Nutrient Co,name matches,https://www.gurufocus.com/stock/SAU:2020/summary
4071,MISMATCH,MIL,TIT,MIL:TIT,TIM S.p.A.,Telecom Italia SpA,GF says 'Telecom Italia SpA',https://www.gurufocus.com/stock/MIL:TIT/summary
4072,OK,OSL,ORK,OSL:ORK,Orkla ASA,Orkla ASA,name matches,https://www.gurufocus.com/stock/OSL:ORK/summary
4073,OK,NYSE,FNF,FNF,FIDELITY NATIONAL FINANCIAL INC,Fidelity National Financial Inc,name matches,https://www.gurufocus.com/stock/FNF/summary
4074,OK,TSE,9502,TSE:9502,Chubu Electric Power Co Inc,Chubu Electric Power Co Inc,name matches,https://www.gurufocus.com/stock/TSE:9502/summary
4076,OK,OSTO,HM B,OSTO:HM B,H & M Hennes & Mauritz AB,H & M Hennes & Mauritz AB,name matches,https://www.gurufocus.com/stock/OSTO:HM B/summary
4077,OK,XLIS,GALP,XLIS:GALP,Galp Energia SGPS SA,Galp Energia SGPS SA,name matches,https://www.gurufocus.com/stock/XLIS:GALP/summary
4078,OK,HKSE,00992,HKSE:00992,LENOVO GROUP LTD,Lenovo Group Ltd,name matches,https://www.gurufocus.com/stock/HKSE:00992/summary
4079,OK,XKRX,086520,XKRX:086520,Ecopro Co Ltd,Ecopro Co Ltd,name matches,https://www.gurufocus.com/stock/XKRX:086520/summary
4080,OK,OSL,YAR,OSL:YAR,Yara International ASA,Yara International ASA,name matches,https://www.gurufocus.com/stock/OSL:YAR/summary
4081,OK,XKRX,035720,XKRX:035720,KAKAO CORP,Kakao Corp,name matches,https://www.gurufocus.com/stock/XKRX:035720/summary
4082,RESTRICTED,LSE,SMIN,LSE:SMIN,SMITHS GROUP PLC,,403 unsubscribed/restricted region,https://www.gurufocus.com/stock/LSE:SMIN/summary
4083,OK,XAMS,ASRNL,XAMS:ASRNL,ASR NEDERLAND NV,ASR Nederland NV,name matches,https://www.gurufocus.com/stock/XAMS:ASRNL/summary
4084,OK,NASDAQ,DKNG,DKNG,DraftKings Inc,DraftKings Inc,name matches,https://www.gurufocus.com/stock/DKNG/summary
4085,OK,XAMS,AKZA,XAMS:AKZA,AKZO NOBEL NV,Akzo Nobel NV,name matches,https://www.gurufocus.com/stock/XAMS:AKZA/summary
4086,OK,NYSE,HUBS,HUBS,HUBSPOT INC,HubSpot Inc,name matches,https://www.gurufocus.com/stock/HUBS/summary
4087,OK,BKK,CPALL,BKK:CPALL,CP All PCL,CP All PCL,name matches,https://www.gurufocus.com/stock/BKK:CPALL/summary
4088,OK,HKSE,00006,HKSE:00006,POWER ASSETS HOLDINGS LTD,Power Assets Holdings Ltd,name matches,https://www.gurufocus.com/stock/HKSE:00006/summary
4089,OK,TSE,8473,TSE:8473,SBI HOLDINGS INC,SBI Holdings Inc,name matches,https://www.gurufocus.com/stock/TSE:8473/summary
4090,OK,XKRX,196170,XKRX:196170,ALTEOGEN INC,Alteogen Inc,name matches,https://www.gurufocus.com/stock/XKRX:196170/summary
4091,OK,XKLS,5347,XKLS:5347,Tenaga Nasional Bhd,Tenaga Nasional Bhd,name matches,https://www.gurufocus.com/stock/XKLS:5347/summary
4092,OK,NYSE,SOLV,SOLV,SOLVENTUM CORP,Solventum Corp,name matches,https://www.gurufocus.com/stock/SOLV/summary
4093,RESTRICTED,NSE,ONGC,NSE:ONGC,OIL AND NATURAL GAS LTD,,403 unsubscribed/restricted region,https://www.gurufocus.com/stock/NSE:ONGC/summary
4094,OK,NYSE,EQH,EQH,EQUITABLE HOLDINGS INC,Equitable Holdings Inc,name matches,https://www.gurufocus.com/stock/EQH/summary
4095,OK,XKRX,329180,XKRX:329180,HD Hyundai Heavy Industries,HD Hyundai Heavy Industries,name matches,https://www.gurufocus.com/stock/XKRX:329180/summary
4096,OK,XPAR,AC,XPAR:AC,ACCOR SA,Accor SA,name matches,https://www.gurufocus.com/stock/XPAR:AC/summary
4097,OK,HKSE,02015,HKSE:02015,Li Auto Inc,Li Auto Inc,name matches,https://www.gurufocus.com/stock/HKSE:02015/summary
4098,OK,TSE,7735,TSE:7735,Screen Holdings Co Ltd,Screen Holdings Co Ltd,name matches,https://www.gurufocus.com/stock/TSE:7735/summary
4099,OK,XKRX,064350,XKRX:064350,Hyundai Rotem Co,Hyundai Rotem Co,name matches,https://www.gurufocus.com/stock/XKRX:064350/summary
4100,OK,XAMS,HEIO,XAMS:HEIO,HEINEKEN HOLDING NV,Heineken Holding NV,name matches,https://www.gurufocus.com/stock/XAMS:HEIO/summary
4101,OK,HKSE,09868,HKSE:09868,XPeng Inc,XPeng Inc,name matches,https://www.gurufocus.com/stock/HKSE:09868/summary
4102,RESTRICTED,LSE,ITRK,LSE:ITRK,INTERTEK GROUP PLC,,403 unsubscribed/restricted region,https://www.gurufocus.com/stock/LSE:ITRK/summary
4103,OK,XKRX,042660,XKRX:042660,Hanwha Ocean,Hanwha Ocean,name matches,https://www.gurufocus.com/stock/XKRX:042660/summary
4104,OK,XKRX,298040,XKRX:298040,Hyosung Heavy Industries Co Ltd,Hyosung Heavy Industries Co Ltd,name matches,https://www.gurufocus.com/stock/XKRX:298040/summary
4105,RESTRICTED,NSE,ITC,NSE:ITC,ITC LTD,,403 unsubscribed/restricted region,https://www.gurufocus.com/stock/NSE:ITC/summary
4106,OK,NASDAQ,TTD,TTD,The Trade Desk Inc,The Trade Desk Inc,name matches,https://www.gurufocus.com/stock/TTD/summary
4107,RESTRICTED,NSE,INDIGO,NSE:INDIGO,INTERGLOBE AVIATION LTD,,403 unsubscribed/restricted region,https://www.gurufocus.com/stock/NSE:INDIGO/summary
4108,RESTRICTED,NSE,TECHM,NSE:TECHM,TECH MAHINDRA LTD,,403 unsubscribed/restricted region,https://www.gurufocus.com/stock/NSE:TECHM/summary
4109,OK,TPE,1216,TPE:1216,UNI-PRESIDENT ENTERPRISES CORP,Uni-President Enterprises Corp,name matches,https://www.gurufocus.com/stock/TPE:1216/summary
4110,OK,HKSE,09992,HKSE:09992,POP MART INTERNATIONAL GROUP LTD,Pop Mart International Group Ltd,name matches,https://www.gurufocus.com/stock/HKSE:09992/summary
4111,OK,TPE,2449,TPE:2449,King Yuan Electronics Co Ltd,King Yuan Electronics Co Ltd,name matches,https://www.gurufocus.com/stock/TPE:2449/summary
4112,OK,NASDAQ,GEN,GEN,GEN DIGITAL INC,Gen Digital Inc,name matches,https://www.gurufocus.com/stock/GEN/summary
4113,OK,NASDAQ,NWSA,NWSA,News Corp,News Corp,name matches,https://www.gurufocus.com/stock/NWSA/summary
4114,OK,TPE,2883,TPE:2883,KGI Financial Holding Co Ltd,KGI Financial Holding Co Ltd,name matches,https://www.gurufocus.com/stock/TPE:2883/summary
4115,RESTRICTED,LSE,PSON,LSE:PSON,PEARSON PLC,,403 unsubscribed/restricted region,https://www.gurufocus.com/stock/LSE:PSON/summary
4116,OK,XKRX,009540,XKRX:009540,HD Korea Shipbuilding & Offshore Engineering,HD Korea Shipbuilding & Offshore Engineering,name matches,https://www.gurufocus.com/stock/XKRX:009540/summary
4117,OK,XKRX,000810,XKRX:000810,Samsung Fire & Marine Insurance Co Ltd,Samsung Fire & Marine Insurance Co Ltd,name matches,https://www.gurufocus.com/stock/XKRX:000810/summary
4118,OK,ADX,ADCB,ADX:ADCB,ABU DHABI COMMERCIAL BANK,Abu Dhabi Commercial Bank,name matches,https://www.gurufocus.com/stock/ADX:ADCB/summary
4119,OK,TSE,3402,TSE:3402,TORAY INDUSTRIES INC,Toray Industries Inc,name matches,https://www.gurufocus.com/stock/TSE:3402/summary
4120,OK,ISX,BMRI,ISX:BMRI,PT Bank Mandiri (Persero) Tbk,PT Bank Mandiri (Persero) Tbk,name matches,https://www.gurufocus.com/stock/ISX:BMRI/summary
4121,OK,TSE,7186,TSE:7186,YOKOHAMA FINANCIAL GROUP INC,Yokohama Financial Group Inc,name matches,https://www.gurufocus.com/stock/TSE:7186/summary
4122,OK,TPE,3653,TPE:3653,Jentech Precision Industrial Co Ltd,Jentech Precision Industrial Co Ltd,name matches,https://www.gurufocus.com/stock/TPE:3653/summary
4123,OK,SAU,1060,SAU:1060,Saudi British Bank,Saudi British Bank,name matches,https://www.gurufocus.com/stock/SAU:1060/summary
4124,OK,TPE,2301,TPE:2301,LITE ON TECHNOLOGY CORP,Lite-On Technology Corp,name matches,https://www.gurufocus.com/stock/TPE:2301/summary
4125,RESTRICTED,LSE,BNZL,LSE:BNZL,BUNZL,,403 unsubscribed/restricted region,https://www.gurufocus.com/stock/LSE:BNZL/summary
4126,OK,TPE,7769,TPE:7769,HONPRECISION INC,Hon Precision Inc,name matches,https://www.gurufocus.com/stock/TPE:7769/summary
4127,OK,MIL,PST,MIL:PST,Poste Italiane SpA,Poste Italiane SpA,name matches,https://www.gurufocus.com/stock/MIL:PST/summary
4128,OK,XKRX,047810,XKRX:047810,KOREA AEROSPACE INDUSTRIES LTD,Korea Aerospace Industries Ltd,name matches,https://www.gurufocus.com/stock/XKRX:047810/summary
4129,OK,XTER,FME,XTER:FME,FRESENIUS MEDICAL CARE AG,Fresenius Medical Care AG,name matches,https://www.gurufocus.com/stock/XTER:FME/summary
4130,OK,NYSE,IOT,IOT,Samsara Inc,Samsara Inc,name matches,https://www.gurufocus.com/stock/IOT/summary
4131,OK,OCSE,TRYG,OCSE:TRYG,Tryg AS,Tryg AS,name matches,https://www.gurufocus.com/stock/OCSE:TRYG/summary
4132,OK,XKRX,006800,XKRX:006800,MIRAE ASSET SECURITIES CO LTD,Mirae Asset Securities Co Ltd,name matches,https://www.gurufocus.com/stock/XKRX:006800/summary
4133,OK,TSE,8951,TSE:8951,Nippon Building Fund Inc,Nippon Building Fund Inc,name matches,https://www.gurufocus.com/stock/TSE:8951/summary
4134,RESTRICTED,LSE,MKS,LSE:MKS,MARKS AND SPENCER GROUP PLC,,403 unsubscribed/restricted region,https://www.gurufocus.com/stock/LSE:MKS/summary
4135,OK,TSE,1803,TSE:1803,SHIMIZU CORP,Shimizu Corp,name matches,https://www.gurufocus.com/stock/TSE:1803/summary
4136,OK,TPE,2880,TPE:2880,Hua Nan Financial Holdings Co Ltd,Hua Nan Financial Holdings Co Ltd,name matches,https://www.gurufocus.com/stock/TPE:2880/summary
4137,OK,NYSE,CNH,CNH,CNH Industrial NV,CNH Industrial NV,name matches,https://www.gurufocus.com/stock/CNH/summary
4138,RESTRICTED,NSE,SBILIFE,NSE:SBILIFE,SBI LIFE INSURANCE COMPANY LTD,,403 unsubscribed/restricted region,https://www.gurufocus.com/stock/NSE:SBILIFE/summary
4139,OK,OSTO,TEL2 B,OSTO:TEL2 B,Tele2 AB,Tele2 AB,name matches,https://www.gurufocus.com/stock/OSTO:TEL2 B/summary
4140,RESTRICTED,NSE,JSWSTEEL,NSE:JSWSTEEL,JSW STEEL LTD,,403 unsubscribed/restricted region,https://www.gurufocus.com/stock/NSE:JSWSTEEL/summary
4141,RESTRICTED,NSE,VEDL,NSE:VEDL,VEDANTA LTD,,403 unsubscribed/restricted region,https://www.gurufocus.com/stock/NSE:VEDL/summary
4142,OK,XKRX,066570,XKRX:066570,LG ELECTRONICS INC,LG Electronics Inc,name matches,https://www.gurufocus.com/stock/XKRX:066570/summary
4143,RESTRICTED,NSE,ASIANPAINT,NSE:ASIANPAINT,ASIAN PAINTS LTD,,403 unsubscribed/restricted region,https://www.gurufocus.com/stock/NSE:ASIANPAINT/summary
4144,OK,HKSE,00003,HKSE:00003,Hong Kong and China Gas Co Ltd,Hong Kong and China Gas Co Ltd,name matches,https://www.gurufocus.com/stock/HKSE:00003/summary
4145,RESTRICTED,NSE,DIVISLAB,NSE:DIVISLAB,DIVIS LABORATORIES LTD,,403 unsubscribed/restricted region,https://www.gurufocus.com/stock/NSE:DIVISLAB/summary
4146,RESTRICTED,LSE,FRES,LSE:FRES,FRESNILLO PLC,,403 unsubscribed/restricted region,https://www.gurufocus.com/stock/LSE:FRES/summary
4147,OK,MIL,UNI,MIL:UNI,UNIPOL ASSICURAZIONI SPA,Unipol Assicurazioni SpA,name matches,https://www.gurufocus.com/stock/MIL:UNI/summary
4148,OK,SGX,A17U,SGX:A17U,CAPITALAND ASCENDAS REIT,CapitaLand Ascendas REIT,name matches,https://www.gurufocus.com/stock/SGX:A17U/summary
4149,OK,OSTO,SKF B,OSTO:SKF B,SKF AB,SKF AB,name matches,https://www.gurufocus.com/stock/OSTO:SKF B/summary
4150,OK,TSE,6504,TSE:6504,Fuji Electric Co Ltd,Fuji Electric Co Ltd,name matches,https://www.gurufocus.com/stock/TSE:6504/summary
4151,OK,ADX,ALDAR,ADX:ALDAR,Aldar Properties PJSC,Aldar Properties PJSC,name matches,https://www.gurufocus.com/stock/ADX:ALDAR/summary
4152,OK,OSL,MOWI,OSL:MOWI,Mowi ASA,Mowi ASA,name matches,https://www.gurufocus.com/stock/OSL:MOWI/summary
4153,RESTRICTED,LSE,KGF,LSE:KGF,KINGFISHER PLC,,403 unsubscribed/restricted region,https://www.gurufocus.com/stock/LSE:KGF/summary
4154,OK,BKK,GULF,BKK:GULF,Gulf Development PCL,Gulf Development PCL,name matches,https://www.gurufocus.com/stock/BKK:GULF/summary
4155,OK,OSTO,EPI B,OSTO:EPI B,Epiroc AB,Epiroc AB,name matches,https://www.gurufocus.com/stock/OSTO:EPI B/summary
4156,OK,NYSE,BLDR,BLDR,BUILDERS FIRSTSOURCE INC,Builders FirstSource Inc,name matches,https://www.gurufocus.com/stock/BLDR/summary
4157,OK,XTER,BNR,XTER:BNR,Brenntag SE,Brenntag SE,name matches,https://www.gurufocus.com/stock/XTER:BNR/summary
4158,RESTRICTED,LSE,MRO,LSE:MRO,MELROSE INDUSTRIES PLC,,403 unsubscribed/restricted region,https://www.gurufocus.com/stock/LSE:MRO/summary
4159,OK,TPE,5880,TPE:5880,Taiwan Cooperative Financial Holding Co Ltd,Taiwan Cooperative Financial Holding Co Ltd,name matches,https://www.gurufocus.com/stock/TPE:5880/summary
4160,OK,HKSE,03993,HKSE:03993,CMOC GROUP LTD,CMOC Group Ltd,name matches,https://www.gurufocus.com/stock/HKSE:03993/summary
4161,RESTRICTED,NSE,TMCV,NSE:TMCV,TATA MOTORS LTD,,403 unsubscribed/restricted region,https://www.gurufocus.com/stock/NSE:TMCV/summary
4162,RESTRICTED,NSE,APOLLOHOSP,NSE:APOLLOHOSP,APOLLO HOSPITALS ENTERPRISE LTD,,403 unsubscribed/restricted region,https://www.gurufocus.com/stock/NSE:APOLLOHOSP/summary
4163,RESTRICTED,LSE,SBRY,LSE:SBRY,SAINSBURY(J) PLC,,403 unsubscribed/restricted region,https://www.gurufocus.com/stock/LSE:SBRY/summary
4164,OK,PHS,ICT,PHS:ICT,International Container Terminal Services Inc,International Container Terminal Services Inc,name matches,https://www.gurufocus.com/stock/PHS:ICT/summary
4165,OK,ATH,TPEIR,ATH:TPEIR,PIRAEUS BANK SA,Piraeus Bank SA,name matches,https://www.gurufocus.com/stock/ATH:TPEIR/summary
4166,OK,ATH,ALPHA,ATH:ALPHA,ALPHA BANK SA,Alpha Bank SA,name matches,https://www.gurufocus.com/stock/ATH:ALPHA/summary
4167,OK,HKSE,00998,HKSE:00998,China Citic Bank Corp Ltd,China Citic Bank Corp Ltd,name matches,https://www.gurufocus.com/stock/HKSE:00998/summary
4168,OK,XPRA,CEZ,XPRA:CEZ,CEZ AS,CEZ AS,name matches,https://www.gurufocus.com/stock/XPRA:CEZ/summary
4169,OK,OSTO,SKA B,OSTO:SKA B,Skanska AB,Skanska AB,name matches,https://www.gurufocus.com/stock/OSTO:SKA B/summary
4170,OK,NYSE,UHS,UHS,Universal Health Services Inc,Universal Health Services Inc,name matches,https://www.gurufocus.com/stock/UHS/summary
4171,RESTRICTED,LSE,ADM,LSE:ADM,ADMIRAL GROUP PLC,,403 unsubscribed/restricted region,https://www.gurufocus.com/stock/LSE:ADM/summary
4172,OK,XKLS,8869,XKLS:8869,Press Metal Aluminium Holdings Bhd,Press Metal Aluminium Holdings Bhd,name matches,https://www.gurufocus.com/stock/XKLS:8869/summary
4173,OK,NASDAQ,GRAB,GRAB,Grab Holdings Ltd,Grab Holdings Ltd,name matches,https://www.gurufocus.com/stock/GRAB/summary
4174,OK,OCSE,COLO B,OCSE:COLO B,Coloplast AS,Coloplast AS,name matches,https://www.gurufocus.com/stock/OCSE:COLO B/summary
4175,OK,ISX,ASII,ISX:ASII,PT Astra International Tbk,PT Astra International Tbk,name matches,https://www.gurufocus.com/stock/ISX:ASII/summary
4176,OK,OCSE,MAERSK B,OCSE:MAERSK B,A P Moller Maersk AS,A P Moller Maersk AS,name matches,https://www.gurufocus.com/stock/OCSE:MAERSK B/summary
4177,OK,IST,BIMAS,IST:BIMAS,Bim Birlesik Magazalar AS,Bim Birlesik Magazalar AS,name matches,https://www.gurufocus.com/stock/IST:BIMAS/summary
4178,RESTRICTED,LSE,WISE,LSE:WISE,WISE PLC CLASS A,,403 unsubscribed/restricted region,https://www.gurufocus.com/stock/LSE:WISE/summary
4179,OK,XKRX,000720,XKRX:000720,Hyundai Engineering & Construction Co Ltd,Hyundai Engineering & Construction Co Ltd,name matches,https://www.gurufocus.com/stock/XKRX:000720/summary
4180,OK,XTER,BEI,XTER:BEI,BEIERSDORF AG,Beiersdorf AG,name matches,https://www.gurufocus.com/stock/XTER:BEI/summary
4181,OK,HKSE,01347,HKSE:01347,Hua Hong Grace Semiconductor Ltd,Hua Hong Grace Semiconductor Ltd,name matches,https://www.gurufocus.com/stock/HKSE:01347/summary
4182,OK,TPE,2379,TPE:2379,REALTEK SEMICONDUCTOR CORP,Realtek Semiconductor Corp,name matches,https://www.gurufocus.com/stock/TPE:2379/summary
4183,RESTRICTED,NSE,BAJAJFINSV,NSE:BAJAJFINSV,BAJAJ FINSERV LTD,,403 unsubscribed/restricted region,https://www.gurufocus.com/stock/NSE:BAJAJFINSV/summary
4184,RESTRICTED,LSE,MNG,LSE:MNG,MG PLC,,403 unsubscribed/restricted region,https://www.gurufocus.com/stock/LSE:MNG/summary
4185,OK,XKRX,042700,XKRX:042700,HANMI Semiconductor Co Ltd,HANMI Semiconductor Co Ltd,name matches,https://www.gurufocus.com/stock/XKRX:042700/summary
4186,RESTRICTED,NSE,NESTLEIND,NSE:NESTLEIND,NESTLE INDIA LTD,,403 unsubscribed/restricted region,https://www.gurufocus.com/stock/NSE:NESTLEIND/summary
4187,OK,XTER,QIA,XTER:QIA,QIAGEN NV,Qiagen NV,name matches,https://www.gurufocus.com/stock/XTER:QIA/summary
4188,RESTRICTED,LSE,ABF,LSE:ABF,ASSOCIATED BRITISH FOODS PLC,,403 unsubscribed/restricted region,https://www.gurufocus.com/stock/LSE:ABF/summary
4189,OK,BKK,AOT,BKK:AOT,Airports Of Thailand PLC,Airports Of Thailand PLC,name matches,https://www.gurufocus.com/stock/BKK:AOT/summary
4190,OK,HKSE,02338,HKSE:02338,Weichai Power Co Ltd,Weichai Power Co Ltd,name matches,https://www.gurufocus.com/stock/HKSE:02338/summary
4192,OK,XPAR,GET,XPAR:GET,Getlink SE,Getlink SE,name matches,https://www.gurufocus.com/stock/XPAR:GET/summary
4193,OK,ISX,TLKM,ISX:TLKM,PT Telkom Indonesia (Persero) Tbk,PT Telkom Indonesia (Persero) Tbk,name matches,https://www.gurufocus.com/stock/ISX:TLKM/summary
4194,OK,NASDAQ,FUTU,FUTU,Futu Holdings Ltd,Futu Holdings Ltd,name matches,https://www.gurufocus.com/stock/FUTU/summary
4195,OK,XTER,KBX,XTER:KBX,KNORR BREMSE AG,Knorr-Bremse AG,name matches,https://www.gurufocus.com/stock/XTER:KBX/summary
4196,RESTRICTED,NSE,TRENT,NSE:TRENT,TRENT LTD,,403 unsubscribed/restricted region,https://www.gurufocus.com/stock/NSE:TRENT/summary
4197,OK,TSE,9021,TSE:9021,West Japan Railway Co,West Japan Railway Co,name matches,https://www.gurufocus.com/stock/TSE:9021/summary
4198,OK,XLIS,BCP,XLIS:BCP,BANCO COMERCIAL PORTUGUES SA,Banco Comercial Portugues SA,name matches,https://www.gurufocus.com/stock/XLIS:BCP/summary
4199,RESTRICTED,NSE,MAXHEALTH,NSE:MAXHEALTH,MAX HEALTHCARE INSTITUTE LTD,,403 unsubscribed/restricted region,https://www.gurufocus.com/stock/NSE:MAXHEALTH/summary
4200,OK,TSE,7270,TSE:7270,SUBARU CORP,Subaru Corp,name matches,https://www.gurufocus.com/stock/TSE:7270/summary
4201,OK,SHSE,600036,SHSE:600036,China Merchants Bank Co Ltd,China Merchants Bank Co Ltd,name matches,https://www.gurufocus.com/stock/SHSE:600036/summary
4202,RESTRICTED,NSE,GRASIM,NSE:GRASIM,GRASIM INDUSTRIES LTD,,403 unsubscribed/restricted region,https://www.gurufocus.com/stock/NSE:GRASIM/summary
4203,OK,NASDAQ,FOX,FOX,Fox Corp,Fox Corp,name matches,https://www.gurufocus.com/stock/FOX/summary
4204,RESTRICTED,NSE,DRREDDY,NSE:DRREDDY,DR REDDYS LABORATORIES LTD,,403 unsubscribed/restricted region,https://www.gurufocus.com/stock/NSE:DRREDDY/summary
4205,OK,XBRU,GBLB,XBRU:GBLB,Groupe Bruxelles Lambert SA,Groupe Bruxelles Lambert SA,name matches,https://www.gurufocus.com/stock/XBRU:GBLB/summary
4206,OK,BKK,PTTEP,BKK:PTTEP,PTT Exploration & Production PCL,PTT Exploration & Production PCL,name matches,https://www.gurufocus.com/stock/BKK:PTTEP/summary
4207,OK,SGX,H78,SGX:H78,HONGKONG LAND HOLDINGS LTD,Hongkong Land Holdings Ltd,name matches,https://www.gurufocus.com/stock/SGX:H78/summary
4208,OK,SAU,1050,SAU:1050,BANQUE SAUDI FRANSI,Banque Saudi Fransi,name matches,https://www.gurufocus.com/stock/SAU:1050/summary
4209,RESTRICTED,NSE,COALINDIA,NSE:COALINDIA,COAL INDIA LTD,,403 unsubscribed/restricted region,https://www.gurufocus.com/stock/NSE:COALINDIA/summary
4210,OK,TSE,4523,TSE:4523,Eisai Co Ltd,Eisai Co Ltd,name matches,https://www.gurufocus.com/stock/TSE:4523/summary
4211,OK,ADX,ADIB,ADX:ADIB,ABU DHABI ISLAMIC BANK,Abu Dhabi Islamic Bank,name matches,https://www.gurufocus.com/stock/ADX:ADIB/summary
4212,RESTRICTED,NSE,CIPLA,NSE:CIPLA,CIPLA LTD,,403 unsubscribed/restricted region,https://www.gurufocus.com/stock/NSE:CIPLA/summary
4213,OK,SGX,C6L,SGX:C6L,SINGAPORE AIRLINES LTD,Singapore Airlines Ltd,name matches,https://www.gurufocus.com/stock/SGX:C6L/summary
4214,RESTRICTED,NSE,ADANIPORTS,NSE:ADANIPORTS,ADANI PORTS AND SPECIAL ECONOMIC Z,,403 unsubscribed/restricted region,https://www.gurufocus.com/stock/NSE:ADANIPORTS/summary
4215,OK,HKSE,00027,HKSE:00027,GALAXY ENTERTAINMENT GROUP LTD,Galaxy Entertainment Group Ltd,name matches,https://www.gurufocus.com/stock/HKSE:00027/summary
4216,OK,NASDAQ,UAL,UAL,UNITED AIRLINES HOLDINGS INC,United Airlines Holdings Inc,name matches,https://www.gurufocus.com/stock/UAL/summary
4217,OK,XKRX,079550,XKRX:079550,LIG Defense&Aerospace Co Ltd,LIG Defense&Aerospace Co Ltd,name matches,https://www.gurufocus.com/stock/XKRX:079550/summary
4218,OK,XTER,HEN,XTER:HEN,Henkel AG & Co KGaA,Henkel AG & Co KGaA,name matches,https://www.gurufocus.com/stock/XTER:HEN/summary
4219,OK,OSTO,SCA B,OSTO:SCA B,Svenska Cellulosa AB,Svenska Cellulosa AB,name matches,https://www.gurufocus.com/stock/OSTO:SCA B/summary
4220,OK,XTER,CON,XTER:CON,CONTINENTAL AG,Continental AG,name matches,https://www.gurufocus.com/stock/XTER:CON/summary
4221,OK,XPAR,ALO,XPAR:ALO,ALSTOM SA,Alstom SA,name matches,https://www.gurufocus.com/stock/XPAR:ALO/summary
4222,OK,TPE,3008,TPE:3008,Largan Precision Co Ltd,Largan Precision Co Ltd,name matches,https://www.gurufocus.com/stock/TPE:3008/summary
4223,OK,TSE,7912,TSE:7912,Dai Nippon Printing Co Ltd,Dai Nippon Printing Co Ltd,name matches,https://www.gurufocus.com/stock/TSE:7912/summary
4224,OK,OSTO,TREL B,OSTO:TREL B,Trelleborg AB,Trelleborg AB,name matches,https://www.gurufocus.com/stock/OSTO:TREL B/summary
4225,OK,XPAR,RNO,XPAR:RNO,RENAULT SA,Renault SA,name matches,https://www.gurufocus.com/stock/XPAR:RNO/summary
4226,OK,SHSE,601899,SHSE:601899,Zijin Mining Group Co Ltd,Zijin Mining Group Co Ltd,name matches,https://www.gurufocus.com/stock/SHSE:601899/summary
4227,OK,NASDAQ,XP,XP,XP Inc,XP Inc,name matches,https://www.gurufocus.com/stock/XP/summary
4228,RESTRICTED,NSE,PFC,NSE:PFC,POWER FINANCE CORPORATION LTD,,403 unsubscribed/restricted region,https://www.gurufocus.com/stock/NSE:PFC/summary
4229,OK,XMAD,NTGY,XMAD:NTGY,NATURGY ENERGY GROUP SA,Naturgy Energy Group SA,name matches,https://www.gurufocus.com/stock/XMAD:NTGY/summary
4230,RESTRICTED,NSE,JIOFIN,NSE:JIOFIN,JIO FINANCIAL SERVICES LTD,,403 unsubscribed/restricted region,https://www.gurufocus.com/stock/NSE:JIOFIN/summary
4231,OK,BKK,CPN,BKK:CPN,Central Pattana PCL,Central Pattana PCL,name matches,https://www.gurufocus.com/stock/BKK:CPN/summary
4232,RESTRICTED,NSE,BAJAJ-AUTO,NSE:BAJAJ-AUTO,BAJAJ AUTO LTD,,403 unsubscribed/restricted region,https://www.gurufocus.com/stock/NSE:BAJAJ-AUTO/summary
4233,RESTRICTED,NSE,ADANIPOWER,NSE:ADANIPOWER,ADANI POWER LTD,,403 unsubscribed/restricted region,https://www.gurufocus.com/stock/NSE:ADANIPOWER/summary
4234,OK,TSE,4689,TSE:4689,LY CORP,LY Corp,name matches,https://www.gurufocus.com/stock/TSE:4689/summary
4235,OK,TSE,4911,TSE:4911,Shiseido Co Ltd,Shiseido Co Ltd,name matches,https://www.gurufocus.com/stock/TSE:4911/summary
4236,OK,SAU,7020,SAU:7020,Etihad Etisalat Co JSC,Etihad Etisalat Co JSC,name matches,https://www.gurufocus.com/stock/SAU:7020/summary
4237,RESTRICTED,NSE,TMPV,NSE:TMPV,TATA MOTORS PASSENGER VEHICLES LTD,,403 unsubscribed/restricted region,https://www.gurufocus.com/stock/NSE:TMPV/summary
4238,OK,OHEL,STERV,OHEL:STERV,Stora Enso Oyj,Stora Enso Oyj,name matches,https://www.gurufocus.com/stock/OHEL:STERV/summary
4239,RESTRICTED,NSE,CHOLAFIN,NSE:CHOLAFIN,CHOLAMANDALAM INVESTMENT AND FINAN,,403 unsubscribed/restricted region,https://www.gurufocus.com/stock/NSE:CHOLAFIN/summary
4240,OK,TSE,8593,TSE:8593,MITSUBISHI HC CAPITAL INC,Mitsubishi HC Capital Inc,name matches,https://www.gurufocus.com/stock/TSE:8593/summary
4241,OK,HKSE,03328,HKSE:03328,Bank of Communications Co Ltd,Bank of Communications Co Ltd,name matches,https://www.gurufocus.com/stock/HKSE:03328/summary
4242,OK,XLIS,JMT,XLIS:JMT,Jeronimo Martins SGPS SA,Jeronimo Martins SGPS SA,name matches,https://www.gurufocus.com/stock/XLIS:JMT/summary
4243,RESTRICTED,NSE,TATACONSUM,NSE:TATACONSUM,TATA CONSUMER PRODUCTS LTD,,403 unsubscribed/restricted region,https://www.gurufocus.com/stock/NSE:TATACONSUM/summary
4244,OK,XPAR,AM,XPAR:AM,DASSAULT AVIATION SA,Dassault Aviation SA,name matches,https://www.gurufocus.com/stock/XPAR:AM/summary
4245,OK,XKRX,138040,XKRX:138040,Meritz Financial Group,Meritz Financial Group,name matches,https://www.gurufocus.com/stock/XKRX:138040/summary
4246,OK,XKRX,034730,XKRX:034730,SK INC,SK Inc,name matches,https://www.gurufocus.com/stock/XKRX:034730/summary
4247,OK,BKK,BDMS,BKK:BDMS,Bangkok Dusit Medical Services PCL,Bangkok Dusit Medical Services PCL,name matches,https://www.gurufocus.com/stock/BKK:BDMS/summary
4248,OK,NYSE,JBS,JBS,JBS NV,JBS NV,name matches,https://www.gurufocus.com/stock/JBS/summary
4249,OK,SGX,BS6,SGX:BS6,Yangzijiang Shipbuilding (Holdings) Ltd,Yangzijiang Shipbuilding (Holdings) Ltd,name matches,https://www.gurufocus.com/stock/SGX:BS6/summary
4250,OK,TPE,3443,TPE:3443,GLOBAL UNICHIP CORP,Global Unichip Corp,name matches,https://www.gurufocus.com/stock/TPE:3443/summary
4251,OK,SAU,2082,SAU:2082,ACWA POWER CO,ACWA Power Co,name matches,https://www.gurufocus.com/stock/SAU:2082/summary
4252,RESTRICTED,NSE,DMART,NSE:DMART,AVENUE SUPERMARTS LTD,,403 unsubscribed/restricted region,https://www.gurufocus.com/stock/NSE:DMART/summary
4253,OK,NASDAQ,Z,Z,Zillow Group Inc,Zillow Group Inc,name matches,https://www.gurufocus.com/stock/Z/summary
4254,OK,TSE,4755,TSE:4755,RAKUTEN GROUP INC,Rakuten Group Inc,name matches,https://www.gurufocus.com/stock/TSE:4755/summary
4255,OK,XKRX,071050,XKRX:071050,Korea Investment Holdings Co Ltd,Korea Investment Holdings Co Ltd,name matches,https://www.gurufocus.com/stock/XKRX:071050/summary
4256,OK,SGX,9CI,SGX:9CI,CAPITALAND INVESTMENT LTD,CapitaLand Investment Ltd,name matches,https://www.gurufocus.com/stock/SGX:9CI/summary
4257,OK,HKSE,01177,HKSE:01177,SINO BIOPHARMACEUTICAL LTD,Sino Biopharmaceutical Ltd,name matches,https://www.gurufocus.com/stock/HKSE:01177/summary
4258,OK,SHSE,601825,SHSE:601825,Shanghai Rural Commercial Bank Co Ltd,Shanghai Rural Commercial Bank Co Ltd,name matches,https://www.gurufocus.com/stock/SHSE:601825/summary
4259,OK,TPE,2002,TPE:2002,CHINA STEEL CORP,China Steel Corp,name matches,https://www.gurufocus.com/stock/TPE:2002/summary
4260,OK,TSE,4188,TSE:4188,MITSUBISHI CHEMICAL GROUP CORP,Mitsubishi Chemical Group Corp,name matches,https://www.gurufocus.com/stock/TSE:4188/summary
4261,OK,TSE,8331,TSE:8331,The Chiba Bank Ltd,The Chiba Bank Ltd,name matches,https://www.gurufocus.com/stock/TSE:8331/summary
4262,RESTRICTED,NSE,LUPIN,NSE:LUPIN,LUPIN LTD,,403 unsubscribed/restricted region,https://www.gurufocus.com/stock/NSE:LUPIN/summary
4263,OK,MIL,IG,MIL:IG,Italgas SpA,Italgas SpA,name matches,https://www.gurufocus.com/stock/MIL:IG/summary
4264,OK,HKSE,02359,HKSE:02359,Wuxi AppTec Co Ltd,Wuxi AppTec Co Ltd,name matches,https://www.gurufocus.com/stock/HKSE:02359/summary
4265,OK,OSTO,SECU B,OSTO:SECU B,Securitas AB,Securitas AB,name matches,https://www.gurufocus.com/stock/OSTO:SECU B/summary
4266,OK,NYSE,OKLO,OKLO,Oklo Inc,Oklo Inc,name matches,https://www.gurufocus.com/stock/OKLO/summary
4267,OK,HKSE,02319,HKSE:02319,China Mengniu Dairy Co Ltd,China Mengniu Dairy Co Ltd,name matches,https://www.gurufocus.com/stock/HKSE:02319/summary
4268,OK,SZSE,300308,SZSE:300308,Zhongji Innolight Co Ltd,Zhongji Innolight Co Ltd,name matches,https://www.gurufocus.com/stock/SZSE:300308/summary
4269,OK,HKSE,00066,HKSE:00066,MTR Corp Ltd,MTR Corp Ltd,name matches,https://www.gurufocus.com/stock/HKSE:00066/summary
4270,OK,TSE,6586,TSE:6586,MAKITA CORP,Makita Corp,name matches,https://www.gurufocus.com/stock/TSE:6586/summary
4271,OK,XTER,G24,XTER:G24,Scout24 SE,Scout24 SE,name matches,https://www.gurufocus.com/stock/XTER:G24/summary
4272,OK,TSE,7202,TSE:7202,ISUZU MOTORS LTD,Isuzu Motors Ltd,name matches,https://www.gurufocus.com/stock/TSE:7202/summary
4273,RESTRICTED,NSE,ETERNAL,NSE:ETERNAL,ETERNAL LTD,,403 unsubscribed/restricted region,https://www.gurufocus.com/stock/NSE:ETERNAL/summary
4274,OK,OSTO,BEIJ B,OSTO:BEIJ B,Beijer Ref AB,Beijer Ref AB,name matches,https://www.gurufocus.com/stock/OSTO:BEIJ B/summary
4275,OK,TSE,5019,TSE:5019,Idemitsu Kosan Co Ltd,Idemitsu Kosan Co Ltd,name matches,https://www.gurufocus.com/stock/TSE:5019/summary
4276,OK,NYSE,BVN,BVN,Compania De Minas Buenaventura SAA,Compania De Minas Buenaventura SAA,name matches,https://www.gurufocus.com/stock/BVN/summary
4277,OK,TSE,3003,TSE:3003,Hulic Co Ltd,Hulic Co Ltd,name matches,https://www.gurufocus.com/stock/TSE:3003/summary
4278,OK,TSE,6479,TSE:6479,MINEBEA MITSUMI INC,Minebea Mitsumi Inc,name matches,https://www.gurufocus.com/stock/TSE:6479/summary
4279,OK,TSE,9042,TSE:9042,HANKYU HANSHIN HOLDINGS INC,Hankyu Hanshin Holdings Inc,name matches,https://www.gurufocus.com/stock/TSE:9042/summary
4280,OK,TSE,7259,TSE:7259,AISIN CORP,Aisin Corp,name matches,https://www.gurufocus.com/stock/TSE:7259/summary
4281,OK,XKRX,015760,XKRX:015760,KOREA ELECTRIC POWER CORP,Korea Electric Power Corp,name matches,https://www.gurufocus.com/stock/XKRX:015760/summary
4282,RESTRICTED,LSE,SDLF,LSE:SDLF,STANDARD LIFE PLC,,403 unsubscribed/restricted region,https://www.gurufocus.com/stock/LSE:SDLF/summary
4283,OK,SZSE,002594,SZSE:002594,BYD Co Ltd,BYD Co Ltd,name matches,https://www.gurufocus.com/stock/SZSE:002594/summary
4284,OK,OSTO,SOBI,OSTO:SOBI,Swedish Orphan Biovitrum AB,Swedish Orphan Biovitrum AB,name matches,https://www.gurufocus.com/stock/OSTO:SOBI/summary
4285,OK,XKRX,272210,XKRX:272210,Hanwha Systems Co Ltd,Hanwha Systems Co Ltd,name matches,https://www.gurufocus.com/stock/XKRX:272210/summary
4286,OK,SHSE,600900,SHSE:600900,China Yangtze Power Co Ltd,China Yangtze Power Co Ltd,name matches,https://www.gurufocus.com/stock/SHSE:600900/summary
4287,OK,OCSE,MAERSK A,OCSE:MAERSK A,A P Moller Maersk AS,A P Moller Maersk AS,name matches,https://www.gurufocus.com/stock/OCSE:MAERSK A/summary
4288,OK,TSE,5201,TSE:5201,AGC INC,AGC Inc,name matches,https://www.gurufocus.com/stock/TSE:5201/summary
4289,RESTRICTED,NSE,BRITANNIA,NSE:BRITANNIA,BRITANNIA INDUSTRIES LTD,,403 unsubscribed/restricted region,https://www.gurufocus.com/stock/NSE:BRITANNIA/summary
4290,RESTRICTED,LSE,LAND,LSE:LAND,LAND SECURITIES GROUP REIT PLC,,403 unsubscribed/restricted region,https://www.gurufocus.com/stock/LSE:LAND/summary
4291,RESTRICTED,NSE,HEROMOTOCO,NSE:HEROMOTOCO,HERO MOTOCORP LTD,,403 unsubscribed/restricted region,https://www.gurufocus.com/stock/NSE:HEROMOTOCO/summary
4292,OK,XTER,PAH3,XTER:PAH3,Porsche Automobil Holding SE,Porsche Automobil Holding SE,name matches,https://www.gurufocus.com/stock/XTER:PAH3/summary
4293,OK,TPE,3661,TPE:3661,ALCHIP TECHNOLOGIES LTD,Alchip Technologies Ltd,name matches,https://www.gurufocus.com/stock/TPE:3661/summary
4294,RESTRICTED,NSE,TATAPOWER,NSE:TATAPOWER,TATA POWER LTD,,403 unsubscribed/restricted region,https://www.gurufocus.com/stock/NSE:TATAPOWER/summary
4295,OK,TSE,8113,TSE:8113,UNICHARM CORP,Unicharm Corp,name matches,https://www.gurufocus.com/stock/TSE:8113/summary
4296,OK,XMAD,IAG,XMAD:IAG,International Consolidated Airlines Group SA,International Consolidated Airlines Group SA,name matches,https://www.gurufocus.com/stock/XMAD:IAG/summary
4297,OK,HKSE,06690,HKSE:06690,Haier Smart Home Co Ltd,Haier Smart Home Co Ltd,name matches,https://www.gurufocus.com/stock/HKSE:06690/summary
4298,OK,XAMS,MICC,XAMS:MICC,The Magnum Ice Cream Co NV,The Magnum Ice Cream Co NV,name matches,https://www.gurufocus.com/stock/XAMS:MICC/summary
4299,OK,XKRX,000150,XKRX:000150,DOOSAN CORP,Doosan Corp,name matches,https://www.gurufocus.com/stock/XKRX:000150/summary
4300,OK,XKRX,278470,XKRX:278470,APR Co Ltd,APR Co Ltd,name matches,https://www.gurufocus.com/stock/XKRX:278470/summary
4301,OK,TSE,7309,TSE:7309,SHIMANO INC,Shimano Inc,name matches,https://www.gurufocus.com/stock/TSE:7309/summary
4302,OK,XAMS,EXO,XAMS:EXO,EXOR NV,EXOR NV,name matches,https://www.gurufocus.com/stock/XAMS:EXO/summary
4303,OK,XTER,HOT,XTER:HOT,HOCHTIEF AG,Hochtief AG,name matches,https://www.gurufocus.com/stock/XTER:HOT/summary
4304,OK,XTER,BMW3,XTER:BMW3,Bayerische Motoren Werke AG,Bayerische Motoren Werke AG,name matches,https://www.gurufocus.com/stock/XTER:BMW3/summary
4305,OK,XKRX,247540,XKRX:247540,Ecopro BM Co Ltd,Ecopro BM Co Ltd,name matches,https://www.gurufocus.com/stock/XKRX:247540/summary
4306,OK,XMAD,RED,XMAD:RED,REDEIA CORPORACION SA,Redeia Corporacion SA,name matches,https://www.gurufocus.com/stock/XMAD:RED/summary
4307,OK,TSE,6841,TSE:6841,YOKOGAWA ELECTRIC CORP,Yokogawa Electric Corp,name matches,https://www.gurufocus.com/stock/TSE:6841/summary
4308,OK,TPE,1301,TPE:1301,FORMOSA PLASTICS CORP,Formosa Plastics Corp,name matches,https://www.gurufocus.com/stock/TPE:1301/summary
4309,OK,HKSE,03692,HKSE:03692,Hansoh Pharmaceutical Group Co Ltd,Hansoh Pharmaceutical Group Co Ltd,name matches,https://www.gurufocus.com/stock/HKSE:03692/summary
4310,OK,OHEL,ELISA,OHEL:ELISA,Elisa Oyj,Elisa Oyj,name matches,https://www.gurufocus.com/stock/OHEL:ELISA/summary
4311,OK,HKSE,01171,HKSE:01171,Yankuang Energy Group Co Ltd,Yankuang Energy Group Co Ltd,name matches,https://www.gurufocus.com/stock/HKSE:01171/summary
4312,OK,XPAR,IPN,XPAR:IPN,IPSEN SA,Ipsen SA,name matches,https://www.gurufocus.com/stock/XPAR:IPN/summary
4313,OK,TPE,2059,TPE:2059,King Slide Works Co Ltd,King Slide Works Co Ltd,name matches,https://www.gurufocus.com/stock/TPE:2059/summary
4314,OK,XBRU,ELI,XBRU:ELI,Elia Group SA/NV,Elia Group SA/NV,name matches,https://www.gurufocus.com/stock/XBRU:ELI/summary
4315,OK,XSWX,UHR,XSWX:UHR,THE SWATCH GROUP AG,The Swatch Group AG,name matches,https://www.gurufocus.com/stock/XSWX:UHR/summary
4316,OK,TPE,3034,TPE:3034,NOVATEK MICROELECTRONICS CORP,Novatek Microelectronics Corp,name matches,https://www.gurufocus.com/stock/TPE:3034/summary
4317,NOT_FOUND,NSE,GVTD,NSE:GVTD,GE VERNOVA TD INDIA LTD,,404 stock not found,https://www.gurufocus.com/stock/NSE:GVTD/summary
4318,RESTRICTED,NSE,PERSISTENT,NSE:PERSISTENT,PERSISTENT SYSTEMS LTD,,403 unsubscribed/restricted region,https://www.gurufocus.com/stock/NSE:PERSISTENT/summary
4319,OK,XTER,TLX,XTER:TLX,TALANX AG,Talanx AG,name matches,https://www.gurufocus.com/stock/XTER:TLX/summary
4320,OK,NYSE,SNAP,SNAP,Snap Inc,Snap Inc,name matches,https://www.gurufocus.com/stock/SNAP/summary
4321,OK,XKRX,028300,XKRX:028300,HLB Co Ltd,HLB Co Ltd,name matches,https://www.gurufocus.com/stock/XKRX:028300/summary
4322,OK,HKSE,00267,HKSE:00267,CITIC LTD,CITIC Ltd,name matches,https://www.gurufocus.com/stock/HKSE:00267/summary
4323,OK,NYSE,H,H,Hyatt Hotels Corp,Hyatt Hotels Corp,name matches,https://www.gurufocus.com/stock/H/summary
4324,OK,SHSE,601318,SHSE:601318,Ping An Insurance (Group) Co. of China Ltd,Ping An Insurance (Group) Co. of China Ltd,name matches,https://www.gurufocus.com/stock/SHSE:601318/summary
4325,OK,WAR,LPP,WAR:LPP,LPP SA,LPP SA,name matches,https://www.gurufocus.com/stock/WAR:LPP/summary
4326,RESTRICTED,NSE,HDFCLIFE,NSE:HDFCLIFE,HDFC LIFE INSURANCE COMPANY LTD,,403 unsubscribed/restricted region,https://www.gurufocus.com/stock/NSE:HDFCLIFE/summary
4327,OK,XKRX,267250,XKRX:267250,HD Hyundai,HD Hyundai,name matches,https://www.gurufocus.com/stock/XKRX:267250/summary
4328,OK,SHSE,601138,SHSE:601138,Foxconn Industrial Internet Co Ltd,Foxconn Industrial Internet Co Ltd,name matches,https://www.gurufocus.com/stock/SHSE:601138/summary
4329,OK,TSE,3659,TSE:3659,NEXON Co Ltd,NEXON Co Ltd,name matches,https://www.gurufocus.com/stock/TSE:3659/summary
4330,OK,XKRX,003550,XKRX:003550,LG CORP,LG Corp,name matches,https://www.gurufocus.com/stock/XKRX:003550/summary
4331,RESTRICTED,NSE,VBL,NSE:VBL,VARUN BEVERAGES LTD,,403 unsubscribed/restricted region,https://www.gurufocus.com/stock/NSE:VBL/summary
4332,OK,HKSE,09901,HKSE:09901,New Oriental Education & Technology Group Inc,New Oriental Education & Technology Group Inc,name matches,https://www.gurufocus.com/stock/HKSE:09901/summary
4333,OK,OCSE,PNDORA,OCSE:PNDORA,Pandora AS,Pandora AS,name matches,https://www.gurufocus.com/stock/OCSE:PNDORA/summary
4334,OK,HKSE,06618,HKSE:06618,JD HEALTH INTERNATIONAL INC,JD Health International Inc,name matches,https://www.gurufocus.com/stock/HKSE:06618/summary
4335,OK,XTER,LHA,XTER:LHA,DEUTSCHE LUFTHANSA AG,Deutsche Lufthansa AG,name matches,https://www.gurufocus.com/stock/XTER:LHA/summary
4336,OK,HKSE,02600,HKSE:02600,Aluminum Corp of China Ltd,Aluminum Corp of China Ltd,name matches,https://www.gurufocus.com/stock/HKSE:02600/summary
4337,OK,HKSE,01816,HKSE:01816,CGN Power Co Ltd,CGN Power Co Ltd,name matches,https://www.gurufocus.com/stock/HKSE:01816/summary
4338,OK,SHSE,601901,SHSE:601901,Founder Securities Co Ltd,Founder Securities Co Ltd,name matches,https://www.gurufocus.com/stock/SHSE:601901/summary
4339,OK,HKSE,01308,HKSE:01308,SITC International Holdings Co Ltd,SITC International Holdings Co Ltd,name matches,https://www.gurufocus.com/stock/HKSE:01308/summary
4340,OK,NASDAQ,ERIE,ERIE,Erie Indemnity Co,Erie Indemnity Co,name matches,https://www.gurufocus.com/stock/ERIE/summary
4341,OK,TSE,4612,TSE:4612,Nippon Paint Holdings Co Ltd,Nippon Paint Holdings Co Ltd,name matches,https://www.gurufocus.com/stock/TSE:4612/summary
4342,OK,OHEL,KESKOB,OHEL:KESKOB,Kesko Oyj,Kesko Oyj,name matches,https://www.gurufocus.com/stock/OHEL:KESKOB/summary
4343,OK,TPE,3481,TPE:3481,INNOLUX CORP,Innolux Corp,name matches,https://www.gurufocus.com/stock/TPE:3481/summary
4344,RESTRICTED,NSE,CUMMINSIND,NSE:CUMMINSIND,CUMMINS INDIA LTD,,403 unsubscribed/restricted region,https://www.gurufocus.com/stock/NSE:CUMMINSIND/summary
4345,OK,TSE,7272,TSE:7272,Yamaha Motor Co Ltd,Yamaha Motor Co Ltd,name matches,https://www.gurufocus.com/stock/TSE:7272/summary
4346,OK,SHSE,600030,SHSE:600030,CITIC Securities Co Ltd,CITIC Securities Co Ltd,name matches,https://www.gurufocus.com/stock/SHSE:600030/summary
4347,OK,TSE,4204,TSE:4204,Sekisui Chemical Co Ltd,Sekisui Chemical Co Ltd,name matches,https://www.gurufocus.com/stock/TSE:4204/summary
4348,OK,TSE,2801,TSE:2801,KIKKOMAN CORP,Kikkoman Corp,name matches,https://www.gurufocus.com/stock/TSE:2801/summary
4349,OK,TPE,3533,TPE:3533,Lotes Co Ltd,Lotes Co Ltd,name matches,https://www.gurufocus.com/stock/TPE:3533/summary
4350,OK,NYSE,HRL,HRL,HORMEL FOODS CORP,Hormel Foods Corp,name matches,https://www.gurufocus.com/stock/HRL/summary
4351,OK,HKSE,06823,HKSE:06823,HKT Trust and HKT Ltd,HKT Trust and HKT Ltd,name matches,https://www.gurufocus.com/stock/HKSE:06823/summary
4352,RESTRICTED,NSE,INDUSTOWER,NSE:INDUSTOWER,INDUS TOWERS LTD,,403 unsubscribed/restricted region,https://www.gurufocus.com/stock/NSE:INDUSTOWER/summary
4353,OK,TPE,2603,TPE:2603,EVERGREEN MARINE CORP (TAIWAN) LTD,Evergreen Marine Corp (Taiwan) Ltd,name matches,https://www.gurufocus.com/stock/TPE:2603/summary
4354,OK,IST,TUPRS,IST:TUPRS,Tupras-Turkiye Petrol Rafineleri AS,Tupras-Turkiye Petrol Rafineleri AS,name matches,https://www.gurufocus.com/stock/IST:TUPRS/summary
4355,OK,ROCO,3529,ROCO:3529,EMEMORY TECHNOLOGY INC,eMemory Technology Inc,name matches,https://www.gurufocus.com/stock/ROCO:3529/summary
4356,OK,DSMD,ORDS,DSMD:ORDS,Ooredoo QPSC,Ooredoo QPSC,name matches,https://www.gurufocus.com/stock/DSMD:ORDS/summary
4357,OK,TPE,3045,TPE:3045,Taiwan Mobile Co Ltd,Taiwan Mobile Co Ltd,name matches,https://www.gurufocus.com/stock/TPE:3045/summary
4358,OK,TSE,1878,TSE:1878,Daito Trust Construction Co Ltd,Daito Trust Construction Co Ltd,name matches,https://www.gurufocus.com/stock/TSE:1878/summary
4359,OK,XTER,ZAL,XTER:ZAL,Zalando SE,Zalando SE,name matches,https://www.gurufocus.com/stock/XTER:ZAL/summary
4360,OK,SZSE,002379,SZSE:002379,Shandong Hongqiao Aluminum Industry Holding Co Ltd,Shandong Hongqiao Aluminum Industry Holding Co Ltd,name matches,https://www.gurufocus.com/stock/SZSE:002379/summary
4361,OK,HKSE,01658,HKSE:01658,Postal Savings Bank Of China Co Ltd,Postal Savings Bank Of China Co Ltd,name matches,https://www.gurufocus.com/stock/HKSE:01658/summary
4362,OK,HKSE,02688,HKSE:02688,ENN ENERGY HOLDINGS LTD,ENN Energy Holdings Ltd,name matches,https://www.gurufocus.com/stock/HKSE:02688/summary
4363,OK,XTER,HAG,XTER:HAG,HENSOLDT AG,Hensoldt AG,name matches,https://www.gurufocus.com/stock/XTER:HAG/summary
4364,OK,SZSE,300122,SZSE:300122,Chongqing Zhifei Biological Products Co Ltd,Chongqing Zhifei Biological Products Co Ltd,name matches,https://www.gurufocus.com/stock/SZSE:300122/summary
4365,OK,HKSE,00358,HKSE:00358,Jiangxi Copper Co Ltd,Jiangxi Copper Co Ltd,name matches,https://www.gurufocus.com/stock/HKSE:00358/summary
4366,OK,TPE,1326,TPE:1326,FORMOSA CHEMICALS  FIBRE CORP,Formosa Chemicals & Fibre Corp,name matches,https://www.gurufocus.com/stock/TPE:1326/summary
4367,OK,HKSE,01818,HKSE:01818,Zhaojin Mining Industry Co Ltd,Zhaojin Mining Industry Co Ltd,name matches,https://www.gurufocus.com/stock/HKSE:01818/summary
4368,OK,IST,AKBNK,IST:AKBNK,Akbank TAS,Akbank TAS,name matches,https://www.gurufocus.com/stock/IST:AKBNK/summary
4369,OK,NYSE,TME,TME,TENCENT MUSIC ENTERTAINMENT GROUP,Tencent Music Entertainment Group,name matches,https://www.gurufocus.com/stock/TME/summary
4370,RESTRICTED,NSE,ASHOKLEY,NSE:ASHOKLEY,ASHOK LEYLAND LTD,,403 unsubscribed/restricted region,https://www.gurufocus.com/stock/NSE:ASHOKLEY/summary
4371,OK,DSMD,IQCD,DSMD:IQCD,Industries Qatar QSC,Industries Qatar QSC,name matches,https://www.gurufocus.com/stock/DSMD:IQCD/summary
4372,OK,HKSE,00012,HKSE:00012,Henderson Land Development Co Ltd,Henderson Land Development Co Ltd,name matches,https://www.gurufocus.com/stock/HKSE:00012/summary
4373,OK,XTER,P911,XTER:P911,Dr. Ing. h.c. F. Porsche AG,Dr. Ing. h.c. F. Porsche AG,name matches,https://www.gurufocus.com/stock/XTER:P911/summary
4374,OK,HKSE,00788,HKSE:00788,China Tower Corp Ltd,China Tower Corp Ltd,name matches,https://www.gurufocus.com/stock/HKSE:00788/summary
4375,RESTRICTED,NSE,BPCL,NSE:BPCL,BHARAT PETROLEUM LTD,,403 unsubscribed/restricted region,https://www.gurufocus.com/stock/NSE:BPCL/summary
4376,OK,HKSE,00291,HKSE:00291,China Resources Beer (Holdings) Co Ltd,China Resources Beer (Holdings) Co Ltd,name matches,https://www.gurufocus.com/stock/HKSE:00291/summary
4377,RESTRICTED,NSE,WIPRO,NSE:WIPRO,WIPRO LTD,,403 unsubscribed/restricted region,https://www.gurufocus.com/stock/NSE:WIPRO/summary
4378,OK,HKSE,00688,HKSE:00688,CHINA OVERSEAS LAND INVESTMENT LTD,China Overseas Land & Investment Ltd,name matches,https://www.gurufocus.com/stock/HKSE:00688/summary
4379,OK,BKK,SCC,BKK:SCC,Siam Cement PCL,Siam Cement PCL,name matches,https://www.gurufocus.com/stock/BKK:SCC/summary
4380,OK,SAU,4013,SAU:4013,Dr Sulaiman Al Habib Medical Services Group,Dr Sulaiman Al Habib Medical Services Group,name matches,https://www.gurufocus.com/stock/SAU:4013/summary
4381,RESTRICTED,NSE,INDHOTEL,NSE:INDHOTEL,INDIAN HOTELS LTD,,403 unsubscribed/restricted region,https://www.gurufocus.com/stock/NSE:INDHOTEL/summary
4382,OK,XKLS,5225,XKLS:5225,IHH Healthcare Bhd,IHH Healthcare Bhd,name matches,https://www.gurufocus.com/stock/XKLS:5225/summary
4383,OK,TPE,5871,TPE:5871,Chailease Holding Co Ltd,Chailease Holding Co Ltd,name matches,https://www.gurufocus.com/stock/TPE:5871/summary
4384,OK,HKSE,09626,HKSE:09626,BILIBILI INC,Bilibili Inc,name matches,https://www.gurufocus.com/stock/HKSE:09626/summary
4385,OK,TSE,9843,TSE:9843,Nitori Holdings Co Ltd,Nitori Holdings Co Ltd,name matches,https://www.gurufocus.com/stock/TSE:9843/summary
4386,OK,TSE,8729,TSE:8729,SONY FINANCIAL GROUP INC,Sony Financial Group Inc,name matches,https://www.gurufocus.com/stock/TSE:8729/summary
4387,OK,TSE,8136,TSE:8136,Sanrio Co Ltd,Sanrio Co Ltd,name matches,https://www.gurufocus.com/stock/TSE:8136/summary
4388,OK,HKSE,02382,HKSE:02382,Sunny Optical Technology (Group) Co Ltd,Sunny Optical Technology (Group) Co Ltd,name matches,https://www.gurufocus.com/stock/HKSE:02382/summary
4389,OK,TPE,2801,TPE:2801,CHANG HWA COMMERCIAL BANK LTD,Chang Hwa Commercial Bank Ltd,name matches,https://www.gurufocus.com/stock/TPE:2801/summary
4390,OK,HKSE,01530,HKSE:01530,3SBIO INC,3SBio Inc,name matches,https://www.gurufocus.com/stock/HKSE:01530/summary
4391,OK,TSE,9107,TSE:9107,Kawasaki Kisen Kaisha Ltd,Kawasaki Kisen Kaisha Ltd,name matches,https://www.gurufocus.com/stock/TSE:9107/summary
4393,OK,HKSE,09698,HKSE:09698,GDS Holdings Ltd,GDS Holdings Ltd,name matches,https://www.gurufocus.com/stock/HKSE:09698/summary
4394,OK,XPAR,RXL,XPAR:RXL,REXEL SA,Rexel SA,name matches,https://www.gurufocus.com/stock/XPAR:RXL/summary
4395,OK,TSE,9005,TSE:9005,TOKYU CORP,Tokyu Corp,name matches,https://www.gurufocus.com/stock/TSE:9005/summary
4396,OK,ADX,ADNOCGAS,ADX:ADNOCGAS,ADNOC GAS PLC,ADNOC Gas PLC,name matches,https://www.gurufocus.com/stock/ADX:ADNOCGAS/summary
4397,OK,WAR,EBP,WAR:EBP,Erste Bank Polska SA,Erste Bank Polska SA,name matches,https://www.gurufocus.com/stock/WAR:EBP/summary
4398,OK,XKLS,6033,XKLS:6033,Petronas Gas Bhd,Petronas Gas Bhd,name matches,https://www.gurufocus.com/stock/XKLS:6033/summary
4399,OK,MIL,CPR,MIL:CPR,DAVIDE CAMPARI MILANO NV,Davide Campari-Milano NV,name matches,https://www.gurufocus.com/stock/MIL:CPR/summary
4400,RESTRICTED,NSE,POLICYBZR,NSE:POLICYBZR,PB FINTECH LTD,,403 unsubscribed/restricted region,https://www.gurufocus.com/stock/NSE:POLICYBZR/summary
4401,OK,XKRX,086280,XKRX:086280,Hyundai Glovis Co Ltd,Hyundai Glovis Co Ltd,name matches,https://www.gurufocus.com/stock/XKRX:086280/summary
4402,OK,BUD,MOL,BUD:MOL,MOL Hungarian Oil and Gas PLC,MOL Hungarian Oil and Gas PLC,name matches,https://www.gurufocus.com/stock/BUD:MOL/summary
4403,OK,DFM,DEWA,DFM:DEWA,Dubai Electricity & Water Authority PJSC,Dubai Electricity & Water Authority PJSC,name matches,https://www.gurufocus.com/stock/DFM:DEWA/summary
4404,OK,SAU,2280,SAU:2280,Almarai Co,Almarai Co,name matches,https://www.gurufocus.com/stock/SAU:2280/summary
4405,OK,TSE,7911,TSE:7911,TOPPAN HOLDINGS INC,Toppan Holdings Inc,name matches,https://www.gurufocus.com/stock/TSE:7911/summary
4406,RESTRICTED,NSE,AUBANK,NSE:AUBANK,AU SMALL FINANCE BANK LTD,,403 unsubscribed/restricted region,https://www.gurufocus.com/stock/NSE:AUBANK/summary
4407,RESTRICTED,NSE,TORNTPHARM,NSE:TORNTPHARM,TORRENT PHARMACEUTICALS LTD,,403 unsubscribed/restricted region,https://www.gurufocus.com/stock/NSE:TORNTPHARM/summary
4408,OK,XPAR,BOL,XPAR:BOL,Bollore SE,Bollore SE,name matches,https://www.gurufocus.com/stock/XPAR:BOL/summary
4409,OK,XPAR,LI,XPAR:LI,Klepierre,Klepierre,name matches,https://www.gurufocus.com/stock/XPAR:LI/summary
4410,OK,XKRX,003670,XKRX:003670,Posco Future M,Posco Future M,name matches,https://www.gurufocus.com/stock/XKRX:003670/summary
4411,OK,TPE,6446,TPE:6446,PHARMAESSENTIA CORP,PharmaEssentia Corp,name matches,https://www.gurufocus.com/stock/TPE:6446/summary
4412,OK,TSE,5411,TSE:5411,JFE HOLDINGS INC,JFE Holdings Inc,name matches,https://www.gurufocus.com/stock/TSE:5411/summary
4413,OK,TSE,4091,TSE:4091,NIPPON SANSO HOLDINGS CORP,Nippon Sanso Holdings Corp,name matches,https://www.gurufocus.com/stock/TSE:4091/summary
4414,OK,HKSE,01339,HKSE:01339,The People's Insurance Co (Group) of China Ltd,The People's Insurance Co (Group) of China Ltd,name matches,https://www.gurufocus.com/stock/HKSE:01339/summary
4415,OK,TSE,9024,TSE:9024,SEIBU HOLDINGS INC,Seibu Holdings Inc,name matches,https://www.gurufocus.com/stock/TSE:9024/summary
4416,OK,TPE,2834,TPE:2834,Taiwan Business Bank,Taiwan Business Bank,name matches,https://www.gurufocus.com/stock/TPE:2834/summary
4417,RESTRICTED,LSE,WTB,LSE:WTB,WHITBREAD PLC,,403 unsubscribed/restricted region,https://www.gurufocus.com/stock/LSE:WTB/summary
4418,OK,HKSE,01928,HKSE:01928,SANDS CHINA LTD,Sands China Ltd,name matches,https://www.gurufocus.com/stock/HKSE:01928/summary
4419,RESTRICTED,NSE,POLYCAB,NSE:POLYCAB,POLYCAB INDIA LTD,,403 unsubscribed/restricted region,https://www.gurufocus.com/stock/NSE:POLYCAB/summary
4420,OK,XTER,LEG,XTER:LEG,LEG Immobilien SE,LEG Immobilien SE,name matches,https://www.gurufocus.com/stock/XTER:LEG/summary
4421,OK,XPRA,KOMB,XPRA:KOMB,Komercni Banka AS,Komercni Banka AS,name matches,https://www.gurufocus.com/stock/XPRA:KOMB/summary
4422,OK,XSWX,AVOL,XSWX:AVOL,AVOLTA AG,Avolta AG,name matches,https://www.gurufocus.com/stock/XSWX:AVOL/summary
4423,RESTRICTED,NSE,CGPOWER,NSE:CGPOWER,CG POWER AND INDUSTRIAL SOLUTIONS,,403 unsubscribed/restricted region,https://www.gurufocus.com/stock/NSE:CGPOWER/summary
4424,OK,TSE,7201,TSE:7201,Nissan Motor Co Ltd,Nissan Motor Co Ltd,name matches,https://www.gurufocus.com/stock/TSE:7201/summary
4425,OK,SAU,1140,SAU:1140,BANK ALBILAD,Bank Albilad,name matches,https://www.gurufocus.com/stock/SAU:1140/summary
4426,OK,SHSE,688303,SHSE:688303,Xinjiang Daqo New Energy Co Ltd,Xinjiang Daqo New Energy Co Ltd,name matches,https://www.gurufocus.com/stock/SHSE:688303/summary
4427,OK,XKLS,5183,XKLS:5183,Petronas Chemicals Group Bhd,Petronas Chemicals Group Bhd,name matches,https://www.gurufocus.com/stock/XKLS:5183/summary
4428,OK,WAR,ALE,WAR:ALE,Allegro.EU SA,Allegro.EU SA,name matches,https://www.gurufocus.com/stock/WAR:ALE/summary
4429,OK,SHSE,688256,SHSE:688256,Cambricon Technologies Corp Ltd,Cambricon Technologies Corp Ltd,name matches,https://www.gurufocus.com/stock/SHSE:688256/summary
4430,OK,MIL,BMED,MIL:BMED,BANCA MEDIOLANUM,Banca Mediolanum,name matches,https://www.gurufocus.com/stock/MIL:BMED/summary
4431,OK,HKSE,03606,HKSE:03606,Fuyao Glass Industry Group Co Ltd,Fuyao Glass Industry Group Co Ltd,name matches,https://www.gurufocus.com/stock/HKSE:03606/summary
4432,RESTRICTED,NSE,ICICIGI,NSE:ICICIGI,ICICI LOMBARD GENERAL INSURANCE CO,,403 unsubscribed/restricted region,https://www.gurufocus.com/stock/NSE:ICICIGI/summary
4433,OK,XAMS,CSG,XAMS:CSG,CSG NV,CSG NV,name matches,https://www.gurufocus.com/stock/XAMS:CSG/summary
4434,OK,SHSE,601288,SHSE:601288,Agricultural Bank of China Ltd,Agricultural Bank of China Ltd,name matches,https://www.gurufocus.com/stock/SHSE:601288/summary
4435,OK,TSE,7701,TSE:7701,SHIMADZU CORP,Shimadzu Corp,name matches,https://www.gurufocus.com/stock/TSE:7701/summary
4436,OK,ROCO,3293,ROCO:3293,International Games System Co Ltd,International Games System Co Ltd,name matches,https://www.gurufocus.com/stock/ROCO:3293/summary
4437,OK,TSE,9435,TSE:9435,HIKARI TSUSHIN INC,Hikari Tsushin Inc,name matches,https://www.gurufocus.com/stock/TSE:9435/summary
4438,OK,TPE,4958,TPE:4958,ZHEN DING TECHNOLOGY HOLDING LTD,Zhen Ding Technology Holding Ltd,name matches,https://www.gurufocus.com/stock/TPE:4958/summary
4439,OK,SZSE,000858,SZSE:000858,Wuliangye Yibin Co Ltd,Wuliangye Yibin Co Ltd,name matches,https://www.gurufocus.com/stock/SZSE:000858/summary
4440,OK,TSE,7181,TSE:7181,Japan Post Insurance Co Ltd,Japan Post Insurance Co Ltd,name matches,https://www.gurufocus.com/stock/TSE:7181/summary
4441,OK,ROCO,5347,ROCO:5347,Vanguard International Semiconductor Corp,Vanguard International Semiconductor Corp,name matches,https://www.gurufocus.com/stock/ROCO:5347/summary
4442,OK,HKSE,01208,HKSE:01208,MMG LTD,MMG Ltd,name matches,https://www.gurufocus.com/stock/HKSE:01208/summary
4443,OK,XKRX,096770,XKRX:096770,SK Innovation Co Ltd,SK Innovation Co Ltd,name matches,https://www.gurufocus.com/stock/XKRX:096770/summary
4444,RESTRICTED,NSE,RECLTD,NSE:RECLTD,REC LTD,,403 unsubscribed/restricted region,https://www.gurufocus.com/stock/NSE:RECLTD/summary
4445,OK,SZSE,300502,SZSE:300502,Eoptolink Technology Inc Ltd,Eoptolink Technology Inc Ltd,name matches,https://www.gurufocus.com/stock/SZSE:300502/summary
4446,OK,TPE,5876,TPE:5876,The Shanghai Commercial and Savings Bank,The Shanghai Commercial and Savings Bank,name matches,https://www.gurufocus.com/stock/TPE:5876/summary
4447,OK,HKSE,01336,HKSE:01336,New China Life Insurance Co Ltd,New China Life Insurance Co Ltd,name matches,https://www.gurufocus.com/stock/HKSE:01336/summary
4448,OK,HKSE,01038,HKSE:01038,CK Infrastructure Holdings Ltd,CK Infrastructure Holdings Ltd,name matches,https://www.gurufocus.com/stock/HKSE:01038/summary
4449,OK,SGX,U96,SGX:U96,SEMBCORP INDUSTRIES LTD,Sembcorp Industries Ltd,name matches,https://www.gurufocus.com/stock/SGX:U96/summary
4450,OK,XKRX,017670,XKRX:017670,SK Telecom Co Ltd,SK Telecom Co Ltd,name matches,https://www.gurufocus.com/stock/XKRX:017670/summary
4451,OK,HKSE,02313,HKSE:02313,Shenzhou International Group Holdings Ltd,Shenzhou International Group Holdings Ltd,name matches,https://www.gurufocus.com/stock/HKSE:02313/summary
4452,RESTRICTED,NSE,HDFCAMC,NSE:HDFCAMC,HDFC ASSET MANAGEMENT COMPANY LTD,,403 unsubscribed/restricted region,https://www.gurufocus.com/stock/NSE:HDFCAMC/summary
4453,RESTRICTED,NSE,NAUKRI,NSE:NAUKRI,INFO EDGE INDIA LTD,,403 unsubscribed/restricted region,https://www.gurufocus.com/stock/NSE:NAUKRI/summary
4454,OK,XMAD,IDR,XMAD:IDR,INDRA SISTEMAS SA,Indra Sistemas SA,name matches,https://www.gurufocus.com/stock/XMAD:IDR/summary
4455,OK,HKSE,00083,HKSE:00083,Sino Land Co Ltd,Sino Land Co Ltd,name matches,https://www.gurufocus.com/stock/HKSE:00083/summary
4456,RESTRICTED,NSE,MUTHOOTFIN,NSE:MUTHOOTFIN,MUTHOOT FINANCE LTD,,403 unsubscribed/restricted region,https://www.gurufocus.com/stock/NSE:MUTHOOTFIN/summary
4457,RESTRICTED,LSE,ENT,LSE:ENT,ENTAIN PLC,,403 unsubscribed/restricted region,https://www.gurufocus.com/stock/LSE:ENT/summary
4458,OK,TPE,1101,TPE:1101,TCC Group Holdings Co Ltd,TCC Group Holdings Co Ltd,name matches,https://www.gurufocus.com/stock/TPE:1101/summary
4459,OK,HKSE,00836,HKSE:00836,China Resources Power Holdings Co Ltd,China Resources Power Holdings Co Ltd,name matches,https://www.gurufocus.com/stock/HKSE:00836/summary
4460,RESTRICTED,NSE,SWIGGY,NSE:SWIGGY,SWIGGY LTD,,403 unsubscribed/restricted region,https://www.gurufocus.com/stock/NSE:SWIGGY/summary
4461,RESTRICTED,NSE,PIDILITIND,NSE:PIDILITIND,PIDILITE INDUSTRIES LTD,,403 unsubscribed/restricted region,https://www.gurufocus.com/stock/NSE:PIDILITIND/summary
4462,RESTRICTED,NSE,INDUSINDBK,NSE:INDUSINDBK,INDUSIND BANK LTD,,403 unsubscribed/restricted region,https://www.gurufocus.com/stock/NSE:INDUSINDBK/summary
4463,OK,ISX,DSSA,ISX:DSSA,PT Dian Swastatika Sentosa Tbk,PT Dian Swastatika Sentosa Tbk,name matches,https://www.gurufocus.com/stock/ISX:DSSA/summary
4464,OK,DFM,DIB,DFM:DIB,Dubai Islamic Bank PJSC,Dubai Islamic Bank PJSC,name matches,https://www.gurufocus.com/stock/DFM:DIB/summary
4465,OK,PHS,BDO,PHS:BDO,BDO UNIBANK INC,BDO Unibank Inc,name matches,https://www.gurufocus.com/stock/PHS:BDO/summary
4466,OK,XSWX,EMSN,XSWX:EMSN,EMS-CHEMIE HOLDING AG,Ems-Chemie Holding AG,name matches,https://www.gurufocus.com/stock/XSWX:EMSN/summary
4467,OK,XSWX,BCVN,XSWX:BCVN,Banque Cantonale Vaudoise,Banque Cantonale Vaudoise,name matches,https://www.gurufocus.com/stock/XSWX:BCVN/summary
4468,RESTRICTED,NSE,PAYTM,NSE:PAYTM,ONE COMMUNICATIONS LTD,,403 unsubscribed/restricted region,https://www.gurufocus.com/stock/NSE:PAYTM/summary
4469,OK,HKSE,01997,HKSE:01997,Wharf Real Estate Investment Co Ltd,Wharf Real Estate Investment Co Ltd,name matches,https://www.gurufocus.com/stock/HKSE:01997/summary
4470,OK,HKSE,06030,HKSE:06030,CITIC Securities Co Ltd,CITIC Securities Co Ltd,name matches,https://www.gurufocus.com/stock/HKSE:06030/summary
4471,OK,TPE,2395,TPE:2395,Advantech Co Ltd,Advantech Co Ltd,name matches,https://www.gurufocus.com/stock/TPE:2395/summary
4472,OK,TPE,2912,TPE:2912,PRESIDENT CHAIN STORE CORP,President Chain Store Corp,name matches,https://www.gurufocus.com/stock/TPE:2912/summary
4473,RESTRICTED,NSE,FORTIS,NSE:FORTIS,FORTIS HEALTHCARE LTD,,403 unsubscribed/restricted region,https://www.gurufocus.com/stock/NSE:FORTIS/summary
4474,OK,HKSE,00300,HKSE:00300,Midea Group Co Ltd,Midea Group Co Ltd,name matches,https://www.gurufocus.com/stock/HKSE:00300/summary
4475,RESTRICTED,NSE,DLF,NSE:DLF,DLF LTD,,403 unsubscribed/restricted region,https://www.gurufocus.com/stock/NSE:DLF/summary
4476,RESTRICTED,NSE,GODREJCP,NSE:GODREJCP,GODREJ CONSUMER PRODUCTS LTD,,403 unsubscribed/restricted region,https://www.gurufocus.com/stock/NSE:GODREJCP/summary
4477,OK,HKSE,02099,HKSE:02099,China Gold International Resources Corp Ltd,China Gold International Resources Corp Ltd,name matches,https://www.gurufocus.com/stock/HKSE:02099/summary
4478,OK,IST,KCHOL,IST:KCHOL,Koc Holding AS,Koc Holding AS,name matches,https://www.gurufocus.com/stock/IST:KCHOL/summary
4479,OK,XMAD,ANA,XMAD:ANA,ACCIONA SA,Acciona SA,name matches,https://www.gurufocus.com/stock/XMAD:ANA/summary
4480,OK,HKSE,01919,HKSE:01919,COSCO SHIPPING Holdings Co Ltd,COSCO SHIPPING Holdings Co Ltd,name matches,https://www.gurufocus.com/stock/HKSE:01919/summary
4481,OK,XSWX,BARN,XSWX:BARN,BARRY CALLEBAUT AG,Barry Callebaut AG,name matches,https://www.gurufocus.com/stock/XSWX:BARN/summary
4482,OK,KUW,ZAIN,KUW:ZAIN,Mobile Telecommunications Co KSC,Mobile Telecommunications Co KSC,name matches,https://www.gurufocus.com/stock/KUW:ZAIN/summary
4483,RESTRICTED,NSE,BHARATFORG,NSE:BHARATFORG,BHARAT FORGE LTD,,403 unsubscribed/restricted region,https://www.gurufocus.com/stock/NSE:BHARATFORG/summary
4484,OK,TPE,1519,TPE:1519,Fortune Electric Co Ltd,Fortune Electric Co Ltd,name matches,https://www.gurufocus.com/stock/TPE:1519/summary
4485,OK,HKSE,03808,HKSE:03808,SINOTRUK (HONG KONG) LTD,Sinotruk (Hong Kong) Ltd,name matches,https://www.gurufocus.com/stock/HKSE:03808/summary
4486,OK,KUW,BOUBYAN,KUW:BOUBYAN,Boubyan Bank KSC,Boubyan Bank KSC,name matches,https://www.gurufocus.com/stock/KUW:BOUBYAN/summary
4487,OK,XTER,DHER,XTER:DHER,Delivery Hero SE,Delivery Hero SE,name matches,https://www.gurufocus.com/stock/XTER:DHER/summary
4488,OK,TSE,9602,TSE:9602,Toho Co Ltd,Toho Co Ltd,name matches,https://www.gurufocus.com/stock/TSE:9602/summary
4489,OK,TSE,2413,TSE:2413,M3 INC,M3 Inc,name matches,https://www.gurufocus.com/stock/TSE:2413/summary
4490,OK,ADX,ADNOCDRILL,ADX:ADNOCDRILL,ADNOC Drilling Company PJSC,ADNOC Drilling Company PJSC,name matches,https://www.gurufocus.com/stock/ADX:ADNOCDRILL/summary
4491,OK,BKK,TRUE,BKK:TRUE,True Corp PCL,True Corp PCL,name matches,https://www.gurufocus.com/stock/BKK:TRUE/summary
4492,RESTRICTED,NSE,SUZLON,NSE:SUZLON,SUZLON ENERGY LTD,,403 unsubscribed/restricted region,https://www.gurufocus.com/stock/NSE:SUZLON/summary
4493,OK,SHSE,688041,SHSE:688041,Hygon Information Technology Co Ltd,Hygon Information Technology Co Ltd,name matches,https://www.gurufocus.com/stock/SHSE:688041/summary
4494,OK,XPAR,SW,XPAR:SW,Sodexo,Sodexo,name matches,https://www.gurufocus.com/stock/XPAR:SW/summary
4495,RESTRICTED,NSE,SOLARINDS,NSE:SOLARINDS,SOLAR INDUSTRIES INDIA LTD,,403 unsubscribed/restricted region,https://www.gurufocus.com/stock/NSE:SOLARINDS/summary
4496,OK,NYSE,VIPS,VIPS,Vipshop Holdings Ltd,Vipshop Holdings Ltd,name matches,https://www.gurufocus.com/stock/VIPS/summary
4497,RESTRICTED,NSE,IOC,NSE:IOC,INDIAN OIL CORP LTD,,403 unsubscribed/restricted region,https://www.gurufocus.com/stock/NSE:IOC/summary
4498,RESTRICTED,NSE,HAVELLS,NSE:HAVELLS,HAVELLS INDIA LTD,,403 unsubscribed/restricted region,https://www.gurufocus.com/stock/NSE:HAVELLS/summary
4499,OK,SZSE,002422,SZSE:002422,Sichuan Kelun Pharmaceutical Co Ltd,Sichuan Kelun Pharmaceutical Co Ltd,name matches,https://www.gurufocus.com/stock/SZSE:002422/summary
4500,RESTRICTED,NSE,MOTHERSON,NSE:MOTHERSON,SAMVARDHANA MOTHERSON INTERNATIONA,,403 unsubscribed/restricted region,https://www.gurufocus.com/stock/NSE:MOTHERSON/summary
4501,OK,ATH,PPC,ATH:PPC,Public Power Corp SA,Public Power Corp SA,name matches,https://www.gurufocus.com/stock/ATH:PPC/summary
4502,OK,HKSE,09660,HKSE:09660,HORIZON ROBOTICS,Horizon Robotics,name matches,https://www.gurufocus.com/stock/HKSE:09660/summary
4503,RESTRICTED,NSE,DIXON,NSE:DIXON,DIXON TECHNOLOGIES (INDIA) LTD,,403 unsubscribed/restricted region,https://www.gurufocus.com/stock/NSE:DIXON/summary
4504,OK,TPE,4904,TPE:4904,Far EasTone Telecommunications Co Ltd,Far EasTone Telecommunications Co Ltd,name matches,https://www.gurufocus.com/stock/TPE:4904/summary
4505,OK,TSE,3088,TSE:3088,MatsukiyoCocokara & Co,MatsukiyoCocokara & Co,name matches,https://www.gurufocus.com/stock/TSE:3088/summary
4506,OK,TSE,7550,TSE:7550,Zensho Holdings Co Ltd,Zensho Holdings Co Ltd,name matches,https://www.gurufocus.com/stock/TSE:7550/summary
4507,OK,TPE,1590,TPE:1590,AIRTAC INTERNATIONAL GROUP,Airtac International Group,name matches,https://www.gurufocus.com/stock/TPE:1590/summary
4508,OK,TPE,4938,TPE:4938,PEGATRON CORP,Pegatron Corp,name matches,https://www.gurufocus.com/stock/TPE:4938/summary
4509,RESTRICTED,NSE,GAIL,NSE:GAIL,GAIL INDIA LTD,,403 unsubscribed/restricted region,https://www.gurufocus.com/stock/NSE:GAIL/summary
4510,OK,SAU,1080,SAU:1080,ARAB NATIONAL BANK,Arab National Bank,name matches,https://www.gurufocus.com/stock/SAU:1080/summary
4511,OK,NASDAQ,BZ,BZ,Kanzhun Ltd,Kanzhun Ltd,name matches,https://www.gurufocus.com/stock/BZ/summary
4512,OK,TSE,3626,TSE:3626,TIS INC,TIS Inc,name matches,https://www.gurufocus.com/stock/TSE:3626/summary
4513,OK,DFM,EMAARDEV,DFM:EMAARDEV,Emaar Development PJSC,Emaar Development PJSC,name matches,https://www.gurufocus.com/stock/DFM:EMAARDEV/summary
4514,OK,SZSE,002475,SZSE:002475,Luxshare Precision Industry Co Ltd,Luxshare Precision Industry Co Ltd,name matches,https://www.gurufocus.com/stock/SZSE:002475/summary
4515,OK,XBRU,TUB,XBRU:TUB,FINANCIERE DE TUBIZE SA,Financiere de Tubize SA,name matches,https://www.gurufocus.com/stock/XBRU:TUB/summary
4516,OK,XLIS,EDPR,XLIS:EDPR,EDP Renewables SA,EDP Renewables SA,name matches,https://www.gurufocus.com/stock/XLIS:EDPR/summary
4517,OK,MIL,BZU,MIL:BZU,Buzzi SpA,Buzzi SpA,name matches,https://www.gurufocus.com/stock/MIL:BZU/summary
4518,OK,IST,THYAO,IST:THYAO,Turk Hava Yollari AO,Turk Hava Yollari AO,name matches,https://www.gurufocus.com/stock/IST:THYAO/summary
4519,OK,HKSE,00966,HKSE:00966,China Taiping Insurance Holdings Co Ltd,China Taiping Insurance Holdings Co Ltd,name matches,https://www.gurufocus.com/stock/HKSE:00966/summary
4520,OK,SGX,F34,SGX:F34,WILMAR INTERNATIONAL LTD,Wilmar International Ltd,name matches,https://www.gurufocus.com/stock/SGX:F34/summary
4521,OK,PHS,SMPH,PHS:SMPH,SM PRIME HOLDINGS INC,SM Prime Holdings Inc,name matches,https://www.gurufocus.com/stock/PHS:SMPH/summary
4522,OK,WAR,CDR,WAR:CDR,CD PROJEKT SA,CD Projekt SA,name matches,https://www.gurufocus.com/stock/WAR:CDR/summary
4523,OK,SZSE,002352,SZSE:002352,SF Holding Co Ltd,SF Holding Co Ltd,name matches,https://www.gurufocus.com/stock/SZSE:002352/summary
4524,RESTRICTED,NSE,POWERINDIA,NSE:POWERINDIA,HITACHI ENERGY INDIA LTD,,403 unsubscribed/restricted region,https://www.gurufocus.com/stock/NSE:POWERINDIA/summary
4525,RESTRICTED,NSE,JINDALSTEL,NSE:JINDALSTEL,JINDAL STEEL LTD,,403 unsubscribed/restricted region,https://www.gurufocus.com/stock/NSE:JINDALSTEL/summary
4526,OK,SHSE,600999,SHSE:600999,"China Merchants Securities Asset Management Co.,Ltd","China Merchants Securities Asset Management Co.,Ltd",name matches,https://www.gurufocus.com/stock/SHSE:600999/summary
4527,OK,TSE,6869,TSE:6869,SYSMEX CORP,Sysmex Corp,name matches,https://www.gurufocus.com/stock/TSE:6869/summary
4528,OK,XBRU,SYENS,XBRU:SYENS,Syensqo SA,Syensqo SA,name matches,https://www.gurufocus.com/stock/XBRU:SYENS/summary
4529,RESTRICTED,NSE,UNITDSPR,NSE:UNITDSPR,UNITED SPIRITS LTD,,403 unsubscribed/restricted region,https://www.gurufocus.com/stock/NSE:UNITDSPR/summary
4530,OK,TPE,2207,TPE:2207,Hotai Motor Co Ltd,Hotai Motor Co Ltd,name matches,https://www.gurufocus.com/stock/TPE:2207/summary
4531,OK,SHSE,603993,SHSE:603993,CMOC Group Ltd,CMOC Group Ltd,name matches,https://www.gurufocus.com/stock/SHSE:603993/summary
4532,OK,HKSE,02259,HKSE:02259,Zijin Gold International Co Ltd,Zijin Gold International Co Ltd,name matches,https://www.gurufocus.com/stock/HKSE:02259/summary
4533,OK,TSE,2587,TSE:2587,SUNTORY BEVERAGE  FOOD LTD,Suntory Beverage & Food Ltd,name matches,https://www.gurufocus.com/stock/TSE:2587/summary
4534,OK,XKRX,005387,XKRX:005387,Hyundai Motor Co,Hyundai Motor Co,name matches,https://www.gurufocus.com/stock/XKRX:005387/summary
4535,OK,NYSE,TAL,TAL,TAL Education Group,TAL Education Group,name matches,https://www.gurufocus.com/stock/TAL/summary
4536,OK,TSE,3391,TSE:3391,TSURUHA HOLDINGS INC,Tsuruha Holdings Inc,name matches,https://www.gurufocus.com/stock/TSE:3391/summary
4537,OK,HKSE,02333,HKSE:02333,Great Wall Motor Co Ltd,Great Wall Motor Co Ltd,name matches,https://www.gurufocus.com/stock/HKSE:02333/summary
4538,OK,HKSE,03908,HKSE:03908,China International Capital Corp Ltd,China International Capital Corp Ltd,name matches,https://www.gurufocus.com/stock/HKSE:03908/summary
4539,OK,XKRX,259960,XKRX:259960,KRAFTON INC,Krafton Inc,name matches,https://www.gurufocus.com/stock/XKRX:259960/summary
4540,OK,OSTO,BALD B,OSTO:BALD B,Fastighets AB Balder,Fastighets AB Balder,name matches,https://www.gurufocus.com/stock/OSTO:BALD B/summary
4541,OK,ISX,BBNI,ISX:BBNI,PT Bank Negara Indonesia (Persero) Tbk,PT Bank Negara Indonesia (Persero) Tbk,name matches,https://www.gurufocus.com/stock/ISX:BBNI/summary
4542,OK,HKSE,00902,HKSE:00902,Huaneng Power International Inc,Huaneng Power International Inc,name matches,https://www.gurufocus.com/stock/HKSE:00902/summary
4543,OK,SZSE,002371,SZSE:002371,NAURA Technology Group Co Ltd,NAURA Technology Group Co Ltd,name matches,https://www.gurufocus.com/stock/SZSE:002371/summary
4544,OK,ATH,HTO,ATH:HTO,Hellenic Telecommunication Organization SA,Hellenic Telecommunication Organization SA,name matches,https://www.gurufocus.com/stock/ATH:HTO/summary
4545,OK,SZSE,000776,SZSE:000776,GF Securities Co Ltd,GF Securities Co Ltd,name matches,https://www.gurufocus.com/stock/SZSE:000776/summary
4546,OK,XAMS,INPST,XAMS:INPST,INPOST SA,Inpost SA,name matches,https://www.gurufocus.com/stock/XAMS:INPST/summary
4547,OK,XKLS,1015,XKLS:1015,AMMB Holdings Bhd,AMMB Holdings Bhd,name matches,https://www.gurufocus.com/stock/XKLS:1015/summary
4548,OK,SAU,7203,SAU:7203,ELM Co,ELM Co,name matches,https://www.gurufocus.com/stock/SAU:7203/summary
4549,RESTRICTED,NSE,MARICO,NSE:MARICO,MARICO LTD,,403 unsubscribed/restricted region,https://www.gurufocus.com/stock/NSE:MARICO/summary
4550,OK,HKSE,01898,HKSE:01898,China Coal Energy Co Ltd,China Coal Energy Co Ltd,name matches,https://www.gurufocus.com/stock/HKSE:01898/summary
4551,RESTRICTED,NSE,PHOENIXLTD,NSE:PHOENIXLTD,PHOENIX MILLS LTD,,403 unsubscribed/restricted region,https://www.gurufocus.com/stock/NSE:PHOENIXLTD/summary
4552,OK,OSTO,SAGA B,OSTO:SAGA B,AB Sagax,AB Sagax,name matches,https://www.gurufocus.com/stock/OSTO:SAGA B/summary
4553,OK,DFM,SALIK,DFM:SALIK,SALIK COMPANY P.J.S.C,Salik Company PJSC,name matches,https://www.gurufocus.com/stock/DFM:SALIK/summary
4554,OK,XKRX,018260,XKRX:018260,Samsung SDS Co Ltd,Samsung SDS Co Ltd,name matches,https://www.gurufocus.com/stock/XKRX:018260/summary
4555,OK,PHS,BPI,PHS:BPI,BANK OF THE PHILIPPINE ISLANDS,Bank of the Philippine Islands,name matches,https://www.gurufocus.com/stock/PHS:BPI/summary
4556,RESTRICTED,NSE,APLAPOLLO,NSE:APLAPOLLO,APL APOLLO TUBES LTD,,403 unsubscribed/restricted region,https://www.gurufocus.com/stock/NSE:APLAPOLLO/summary
4557,OK,TPE,2376,TPE:2376,Gigabyte Technology Co Ltd,Gigabyte Technology Co Ltd,name matches,https://www.gurufocus.com/stock/TPE:2376/summary
4558,OK,OSL,GJF,OSL:GJF,Gjensidige Forsikring ASA,Gjensidige Forsikring ASA,name matches,https://www.gurufocus.com/stock/OSL:GJF/summary
4559,RESTRICTED,NSE,AUROPHARMA,NSE:AUROPHARMA,AUROBINDO PHARMA LTD,,403 unsubscribed/restricted region,https://www.gurufocus.com/stock/NSE:AUROPHARMA/summary
4560,RESTRICTED,NSE,ADANIENT,NSE:ADANIENT,ADANI ENTERPRISES LTD,,403 unsubscribed/restricted region,https://www.gurufocus.com/stock/NSE:ADANIENT/summary
4561,RESTRICTED,NSE,ABB,NSE:ABB,ABB INDIA LTD,,403 unsubscribed/restricted region,https://www.gurufocus.com/stock/NSE:ABB/summary
4562,OK,ISX,AMMN,ISX:AMMN,PT Amman Mineral Internasional Tbk,PT Amman Mineral Internasional Tbk,name matches,https://www.gurufocus.com/stock/ISX:AMMN/summary
4563,RESTRICTED,NSE,VOLTAS,NSE:VOLTAS,VOLTAS LTD,,403 unsubscribed/restricted region,https://www.gurufocus.com/stock/NSE:VOLTAS/summary
4564,OK,SHSE,688036,SHSE:688036,Shenzhen Transsion Holdings Co Ltd,Shenzhen Transsion Holdings Co Ltd,name matches,https://www.gurufocus.com/stock/SHSE:688036/summary
4565,OK,TSE,4768,TSE:4768,OTSUKA CORP,Otsuka Corp,name matches,https://www.gurufocus.com/stock/TSE:4768/summary
4566,OK,XKLS,5398,XKLS:5398,Gamuda Bhd,Gamuda Bhd,name matches,https://www.gurufocus.com/stock/XKLS:5398/summary
4567,RESTRICTED,LSE,BTRW,LSE:BTRW,BARRATT REDROW PLC,,403 unsubscribed/restricted region,https://www.gurufocus.com/stock/LSE:BTRW/summary
4568,OK,ROCO,6488,ROCO:6488,GlobalWafers Co Ltd,GlobalWafers Co Ltd,name matches,https://www.gurufocus.com/stock/ROCO:6488/summary
4569,OK,HKSE,00019,HKSE:00019,Swire Pacific Ltd,Swire Pacific Ltd,name matches,https://www.gurufocus.com/stock/HKSE:00019/summary
4570,OK,XKRX,352820,XKRX:352820,HYBE,HYBE,name matches,https://www.gurufocus.com/stock/XKRX:352820/summary
4571,OK,HKSE,06881,HKSE:06881,China Galaxy Securities Co Ltd,China Galaxy Securities Co Ltd,name matches,https://www.gurufocus.com/stock/HKSE:06881/summary
4572,OK,XPAR,AMUN,XPAR:AMUN,AMUNDI SA,Amundi SA,name matches,https://www.gurufocus.com/stock/XPAR:AMUN/summary
4573,OK,XPAR,BIM,XPAR:BIM,BIOMERIEUX SA,BioMerieux SA,name matches,https://www.gurufocus.com/stock/XPAR:BIM/summary
4574,OK,SHSE,600406,SHSE:600406,NARI Technology Co Ltd,NARI Technology Co Ltd,name matches,https://www.gurufocus.com/stock/SHSE:600406/summary
4575,RESTRICTED,NSE,SIEMENS,NSE:SIEMENS,SIEMENS LTD,,403 unsubscribed/restricted region,https://www.gurufocus.com/stock/NSE:SIEMENS/summary
4576,OK,SHSE,603893,SHSE:603893,Rockchip Electronics Co Ltd,Rockchip Electronics Co Ltd,name matches,https://www.gurufocus.com/stock/SHSE:603893/summary
4577,OK,SHSE,601328,SHSE:601328,Bank of Communications Co Ltd,Bank of Communications Co Ltd,name matches,https://www.gurufocus.com/stock/SHSE:601328/summary
4578,OK,HKSE,01772,HKSE:01772,Ganfeng Lithium Group Co Ltd,Ganfeng Lithium Group Co Ltd,name matches,https://www.gurufocus.com/stock/HKSE:01772/summary
4579,OK,HKSE,06886,HKSE:06886,Huatai Securities Co Ltd,Huatai Securities Co Ltd,name matches,https://www.gurufocus.com/stock/HKSE:06886/summary
4580,RESTRICTED,NSE,TIINDIA,NSE:TIINDIA,TUBE INVESTMENTS OF INDIA LTD,,403 unsubscribed/restricted region,https://www.gurufocus.com/stock/NSE:TIINDIA/summary
4581,OK,HKSE,00135,HKSE:00135,Kunlun Energy Co Ltd,Kunlun Energy Co Ltd,name matches,https://www.gurufocus.com/stock/HKSE:00135/summary
4582,OK,HKSE,01787,HKSE:01787,Shandong Gold Mining Co Ltd,Shandong Gold Mining Co Ltd,name matches,https://www.gurufocus.com/stock/HKSE:01787/summary
4583,OK,DSMD,QGTS,DSMD:QGTS,Qatar Gas Transport Co Ltd (Nakilat) QSC,Qatar Gas Transport Co Ltd (Nakilat) QSC,name matches,https://www.gurufocus.com/stock/DSMD:QGTS/summary
4584,OK,HKSE,02268,HKSE:02268,WUXI XDC CAYMAN INC,WuXi XDC Cayman Inc,name matches,https://www.gurufocus.com/stock/HKSE:02268/summary
4585,OK,XKLS,5819,XKLS:5819,Hong Leong Bank Bhd,Hong Leong Bank Bhd,name matches,https://www.gurufocus.com/stock/XKLS:5819/summary
4586,OK,XSWX,BKW,XSWX:BKW,BKW AG,BKW AG,name matches,https://www.gurufocus.com/stock/XSWX:BKW/summary
4587,OK,XPAR,GFC,XPAR:GFC,Gecina Nom,Gecina Nom,name matches,https://www.gurufocus.com/stock/XPAR:GFC/summary
4588,OK,SZSE,002384,SZSE:002384,Suzhou Dongshan Precision Manufacturing Co Ltd,Suzhou Dongshan Precision Manufacturing Co Ltd,name matches,https://www.gurufocus.com/stock/SZSE:002384/summary
4589,OK,SHSE,600309,SHSE:600309,Wanhua Chemical Group Co Ltd,Wanhua Chemical Group Co Ltd,name matches,https://www.gurufocus.com/stock/SHSE:600309/summary
4590,OK,SZSE,000895,SZSE:000895,Henan Shuanghui Investment & Development Co Ltd,Henan Shuanghui Investment & Development Co Ltd,name matches,https://www.gurufocus.com/stock/SZSE:000895/summary
4591,OK,HKSE,01209,HKSE:01209,China Resources Mixc Lifestyle Services Ltd,China Resources Mixc Lifestyle Services Ltd,name matches,https://www.gurufocus.com/stock/HKSE:01209/summary
4592,RESTRICTED,NSE,SRF,NSE:SRF,SRF LTD,,403 unsubscribed/restricted region,https://www.gurufocus.com/stock/NSE:SRF/summary
4593,OK,XKRX,003230,XKRX:003230,Sam Yang Foods Co Ltd,Sam Yang Foods Co Ltd,name matches,https://www.gurufocus.com/stock/XKRX:003230/summary
4594,RESTRICTED,NSE,AMBUJACEM,NSE:AMBUJACEM,AMBUJA CEMENTS LTD,,403 unsubscribed/restricted region,https://www.gurufocus.com/stock/NSE:AMBUJACEM/summary
4595,OK,SHSE,601211,SHSE:601211,Guotai Haitong Securities Co Ltd,Guotai Haitong Securities Co Ltd,name matches,https://www.gurufocus.com/stock/SHSE:601211/summary
4596,OK,DSMD,CBQK,DSMD:CBQK,The Commercial Bank (Q.S.C.),The Commercial Bank (Q.S.C.),name matches,https://www.gurufocus.com/stock/DSMD:CBQK/summary
4597,RESTRICTED,NSE,WAAREEENER,NSE:WAAREEENER,WAAREE ENERGIES LTD,,403 unsubscribed/restricted region,https://www.gurufocus.com/stock/NSE:WAAREEENER/summary
4598,OK,XTER,EVK,XTER:EVK,EVONIK INDUSTRIES AG,Evonik Industries AG,name matches,https://www.gurufocus.com/stock/XTER:EVK/summary
4599,OK,HKSE,00270,HKSE:00270,GUANGDONG INVESTMENT LTD,Guangdong Investment Ltd,name matches,https://www.gurufocus.com/stock/HKSE:00270/summary
4600,OK,TPE,2324,TPE:2324,COMPAL ELECTRONICS INC,Compal Electronics Inc,name matches,https://www.gurufocus.com/stock/TPE:2324/summary
4601,RESTRICTED,LSE,SDR,LSE:SDR,SCHRODERS PLC,,403 unsubscribed/restricted region,https://www.gurufocus.com/stock/LSE:SDR/summary
4602,RESTRICTED,NSE,BANKBARODA,NSE:BANKBARODA,BANK OF BARODA LTD,,403 unsubscribed/restricted region,https://www.gurufocus.com/stock/NSE:BANKBARODA/summary
4603,OK,XKRX,011200,XKRX:011200,HMM,HMM,name matches,https://www.gurufocus.com/stock/XKRX:011200/summary
4604,OK,SAU,5110,SAU:5110,Saudi Energy Co,Saudi Energy Co,name matches,https://www.gurufocus.com/stock/SAU:5110/summary
4605,OK,HKSE,03898,HKSE:03898,Zhuzhou CRRC Times Electric Co Ltd,Zhuzhou CRRC Times Electric Co Ltd,name matches,https://www.gurufocus.com/stock/HKSE:03898/summary
4606,OK,XKLS,5211,XKLS:5211,SUNWAY BHD,Sunway Bhd,name matches,https://www.gurufocus.com/stock/XKLS:5211/summary
4607,OK,BUD,RICHTER,BUD:RICHTER,Chemical Works of Gedeon Richter PLC,Chemical Works of Gedeon Richter PLC,name matches,https://www.gurufocus.com/stock/BUD:RICHTER/summary
4608,RESTRICTED,NSE,UPL,NSE:UPL,UPL LTD,,403 unsubscribed/restricted region,https://www.gurufocus.com/stock/NSE:UPL/summary
4609,OK,WAR,MIL,WAR:MIL,BANK MILLENNIUM SA,Bank Millennium SA,name matches,https://www.gurufocus.com/stock/WAR:MIL/summary
4610,RESTRICTED,NSE,NYKAA,NSE:NYKAA,FSN E-COMMERCE VENTURES LTD,,403 unsubscribed/restricted region,https://www.gurufocus.com/stock/NSE:NYKAA/summary
4611,OK,XKRX,000100,XKRX:000100,YUHAN CORP,Yuhan Corp,name matches,https://www.gurufocus.com/stock/XKRX:000100/summary
4612,OK,HKSE,00241,HKSE:00241,Alibaba Health Information Technology Ltd,Alibaba Health Information Technology Ltd,name matches,https://www.gurufocus.com/stock/HKSE:00241/summary
4613,RESTRICTED,NSE,SUNDARMFIN,NSE:SUNDARMFIN,SUNDARAM FINANCE LTD,,403 unsubscribed/restricted region,https://www.gurufocus.com/stock/NSE:SUNDARMFIN/summary
4614,RESTRICTED,NSE,JSL,NSE:JSL,JINDAL STAINLESS LTD,,403 unsubscribed/restricted region,https://www.gurufocus.com/stock/NSE:JSL/summary
4615,OK,ROCO,8069,ROCO:8069,E INK HOLDINGS INC,E Ink Holdings Inc,name matches,https://www.gurufocus.com/stock/ROCO:8069/summary
4616,OK,OSTO,LUND B,OSTO:LUND B,L E Lundbergforetagen AB,L E Lundbergforetagen AB,name matches,https://www.gurufocus.com/stock/OSTO:LUND B/summary
4617,OK,HKSE,02018,HKSE:02018,AAC TECHNOLOGIES HOLDINGS INC,AAC Technologies Holdings Inc,name matches,https://www.gurufocus.com/stock/HKSE:02018/summary
4618,RESTRICTED,LSE,AAF,LSE:AAF,AIRTEL AFRICA PLC,,403 unsubscribed/restricted region,https://www.gurufocus.com/stock/LSE:AAF/summary
4619,OK,SHSE,600276,SHSE:600276,Jiangsu Hengrui Pharmaceuticals Co Ltd,Jiangsu Hengrui Pharmaceuticals Co Ltd,name matches,https://www.gurufocus.com/stock/SHSE:600276/summary
4620,OK,HKSE,02611,HKSE:02611,Guotai Haitong Securities Co Ltd,Guotai Haitong Securities Co Ltd,name matches,https://www.gurufocus.com/stock/HKSE:02611/summary
4621,OK,BKK,CPF,BKK:CPF,Charoen Pokphand Foods PCL,Charoen Pokphand Foods PCL,name matches,https://www.gurufocus.com/stock/BKK:CPF/summary
4622,OK,IST,TCELL,IST:TCELL,Turkcell Iletisim Hizmetleri AS,Turkcell Iletisim Hizmetleri AS,name matches,https://www.gurufocus.com/stock/IST:TCELL/summary
4623,OK,XKRX,034220,XKRX:034220,LG Display Co Ltd,LG Display Co Ltd,name matches,https://www.gurufocus.com/stock/XKRX:034220/summary
4624,OK,TPE,2356,TPE:2356,INVENTEC CORP,Inventec Corp,name matches,https://www.gurufocus.com/stock/TPE:2356/summary
4625,OK,SAU,8210,SAU:8210,Bupa Arabia for Cooperative Insurance Co,Bupa Arabia for Cooperative Insurance Co,name matches,https://www.gurufocus.com/stock/SAU:8210/summary
4626,OK,XKRX,005830,XKRX:005830,DB Insurance Co Ltd,DB Insurance Co Ltd,name matches,https://www.gurufocus.com/stock/XKRX:005830/summary
4627,RESTRICTED,NSE,HYUNDAI,NSE:HYUNDAI,HYUNDAI MOTOR INDIA LTD,,403 unsubscribed/restricted region,https://www.gurufocus.com/stock/NSE:HYUNDAI/summary
4628,OK,OSL,SALM,OSL:SALM,SalMar ASA,SalMar ASA,name matches,https://www.gurufocus.com/stock/OSL:SALM/summary
4629,OK,ISX,TPIA,ISX:TPIA,PT Chandra Asri Pacific Tbk,PT Chandra Asri Pacific Tbk,name matches,https://www.gurufocus.com/stock/ISX:TPIA/summary
4630,OK,TPE,2474,TPE:2474,Catcher Technology Co Ltd,Catcher Technology Co Ltd,name matches,https://www.gurufocus.com/stock/TPE:2474/summary
4631,OK,XBRU,SOF,XBRU:SOF,SOFINA SA,Sofina SA,name matches,https://www.gurufocus.com/stock/XBRU:SOF/summary
4632,OK,HKSE,06862,HKSE:06862,HAIDILAO INTERNATIONAL HOLDING LTD,Haidilao International Holding Ltd,name matches,https://www.gurufocus.com/stock/HKSE:06862/summary
4633,OK,ATH,BELA,ATH:BELA,JUMBO SA,Jumbo SA,name matches,https://www.gurufocus.com/stock/ATH:BELA/summary
4634,OK,XMAD,GRF,XMAD:GRF,Grifols SA,Grifols SA,name matches,https://www.gurufocus.com/stock/XMAD:GRF/summary
4635,RESTRICTED,NSE,GMRAIRPORT,NSE:GMRAIRPORT,GMR AIRPORTS LTD,,403 unsubscribed/restricted region,https://www.gurufocus.com/stock/NSE:GMRAIRPORT/summary
4636,OK,HKSE,01988,HKSE:01988,China Minsheng Banking Corp Ltd,China Minsheng Banking Corp Ltd,name matches,https://www.gurufocus.com/stock/HKSE:01988/summary
4637,OK,HKSE,02618,HKSE:02618,JD LOGISTICS INC,JD Logistics Inc,name matches,https://www.gurufocus.com/stock/HKSE:02618/summary
4638,OK,TSE,3092,TSE:3092,ZOZO INC,Zozo Inc,name matches,https://www.gurufocus.com/stock/TSE:3092/summary
4639,OK,HKSE,01766,HKSE:01766,CRRC Corp Ltd,CRRC Corp Ltd,name matches,https://www.gurufocus.com/stock/HKSE:01766/summary
4640,OK,SHSE,601166,SHSE:601166,Industrial Bank Co Ltd,Industrial Bank Co Ltd,name matches,https://www.gurufocus.com/stock/SHSE:601166/summary
4641,OK,SZSE,000333,SZSE:000333,Midea Group Co Ltd,Midea Group Co Ltd,name matches,https://www.gurufocus.com/stock/SZSE:000333/summary
4642,OK,SHSE,600026,SHSE:600026,COSCO SHIPPING Energy Transportation Co Ltd,COSCO SHIPPING Energy Transportation Co Ltd,name matches,https://www.gurufocus.com/stock/SHSE:600026/summary
4643,OK,NASDAQ,STNE,STNE,StoneCo Ltd,StoneCo Ltd,name matches,https://www.gurufocus.com/stock/STNE/summary
4644,OK,HKSE,09863,HKSE:09863,Zhejiang Leapmotor Technology Co Ltd,Zhejiang Leapmotor Technology Co Ltd,name matches,https://www.gurufocus.com/stock/HKSE:09863/summary
4645,OK,XAMS,RAND,XAMS:RAND,Randstad NV,Randstad NV,name matches,https://www.gurufocus.com/stock/XAMS:RAND/summary
4646,OK,HKSE,01519,HKSE:01519,JT GLOBAL EXPRESS LTD,J&T Global Express Ltd,name matches,https://www.gurufocus.com/stock/HKSE:01519/summary
4647,OK,HKSE,00151,HKSE:00151,WANT WANT CHINA HOLDINGS LTD,Want Want China Holdings Ltd,name matches,https://www.gurufocus.com/stock/HKSE:00151/summary
4648,OK,SHSE,600028,SHSE:600028,China Petroleum & Chemical Corp,China Petroleum & Chemical Corp,name matches,https://www.gurufocus.com/stock/SHSE:600028/summary
4649,OK,TSE,9202,TSE:9202,ANA HOLDINGS INC,ANA Holdings Inc,name matches,https://www.gurufocus.com/stock/TSE:9202/summary
4650,OK,XKLS,6742,XKLS:6742,YTL Power International Bhd,YTL Power International Bhd,name matches,https://www.gurufocus.com/stock/XKLS:6742/summary
4651,OK,HKSE,00268,HKSE:00268,Kingdee International Software Group Co Ltd,Kingdee International Software Group Co Ltd,name matches,https://www.gurufocus.com/stock/HKSE:00268/summary
4652,RESTRICTED,NSE,HINDPETRO,NSE:HINDPETRO,HINDUSTAN PETROLEUM CORP LTD,,403 unsubscribed/restricted region,https://www.gurufocus.com/stock/NSE:HINDPETRO/summary
4653,OK,XKRX,0126Z0,XKRX:0126Z0,Samsung Epis Holdings Co Ltd,Samsung Epis Holdings Co Ltd,name matches,https://www.gurufocus.com/stock/XKRX:0126Z0/summary
4654,OK,XAMS,CVC,XAMS:CVC,CVC CAPITAL PARTNERS PLC,CVC Capital Partners PLC,name matches,https://www.gurufocus.com/stock/XAMS:CVC/summary
4655,RESTRICTED,NSE,MANKIND,NSE:MANKIND,MANKIND PHARMA LTD,,403 unsubscribed/restricted region,https://www.gurufocus.com/stock/NSE:MANKIND/summary
4656,RESTRICTED,NSE,BHEL,NSE:BHEL,BHARAT HEAVY ELECTRICALS LTD,,403 unsubscribed/restricted region,https://www.gurufocus.com/stock/NSE:BHEL/summary
4657,OK,HKSE,00168,HKSE:00168,Tsingtao Brewery Co Ltd,Tsingtao Brewery Co Ltd,name matches,https://www.gurufocus.com/stock/HKSE:00168/summary
4658,OK,SHSE,688012,SHSE:688012,Advanced Micro-fabrication Equipment Inc,Advanced Micro-fabrication Equipment Inc,name matches,https://www.gurufocus.com/stock/SHSE:688012/summary
4659,OK,NASDAQ,MNDY,MNDY,MONDAYCOM LTD,Monday.Com Ltd,name matches,https://www.gurufocus.com/stock/MNDY/summary
4660,OK,DSMD,MARK,DSMD:MARK,AlRayan Bank,AlRayan Bank,name matches,https://www.gurufocus.com/stock/DSMD:MARK/summary
4661,OK,ISX,BRMS,ISX:BRMS,PT Bumi Resources Minerals Tbk,PT Bumi Resources Minerals Tbk,name matches,https://www.gurufocus.com/stock/ISX:BRMS/summary
4662,RESTRICTED,NSE,YESBANK,NSE:YESBANK,YES BANK LTD,,403 unsubscribed/restricted region,https://www.gurufocus.com/stock/NSE:YESBANK/summary
4663,OK,SZSE,002001,SZSE:002001,Zhejiang Nhu Co Ltd,Zhejiang Nhu Co Ltd,name matches,https://www.gurufocus.com/stock/SZSE:002001/summary
4664,OK,XKRX,010950,XKRX:010950,S-OIL CORP,S-Oil Corp,name matches,https://www.gurufocus.com/stock/XKRX:010950/summary
4665,RESTRICTED,NSE,BOSCHLTD,NSE:BOSCHLTD,BOSCH LTD,,403 unsubscribed/restricted region,https://www.gurufocus.com/stock/NSE:BOSCHLTD/summary
4666,RESTRICTED,NSE,ABCAPITAL,NSE:ABCAPITAL,ADITYA BIRLA CAPITAL LTD,,403 unsubscribed/restricted region,https://www.gurufocus.com/stock/NSE:ABCAPITAL/summary
4667,OK,TSE,4151,TSE:4151,Kyowa Kirin Co Ltd,Kyowa Kirin Co Ltd,name matches,https://www.gurufocus.com/stock/TSE:4151/summary
4668,OK,OSTO,INDU A,OSTO:INDU A,Industrivarden AB,Industrivarden AB,name matches,https://www.gurufocus.com/stock/OSTO:INDU A/summary
4669,OK,WAR,MBK,WAR:MBK,MBANK SA,mBank SA,name matches,https://www.gurufocus.com/stock/WAR:MBK/summary
4670,OK,HKSE,00144,HKSE:00144,China Merchants Port Holdings Co Ltd,China Merchants Port Holdings Co Ltd,name matches,https://www.gurufocus.com/stock/HKSE:00144/summary
4671,OK,OSTO,HOLM B,OSTO:HOLM B,Holmen AB,Holmen AB,name matches,https://www.gurufocus.com/stock/OSTO:HOLM B/summary
4672,OK,HKSE,01099,HKSE:01099,Sinopharm Group Co Ltd,Sinopharm Group Co Ltd,name matches,https://www.gurufocus.com/stock/HKSE:01099/summary
4673,OK,SZSE,000792,SZSE:000792,Qinghai Salt Lake Industry Co Ltd,Qinghai Salt Lake Industry Co Ltd,name matches,https://www.gurufocus.com/stock/SZSE:000792/summary
4674,OK,TSE,3064,TSE:3064,MonotaRO Co Ltd,MonotaRO Co Ltd,name matches,https://www.gurufocus.com/stock/TSE:3064/summary
4675,RESTRICTED,NSE,LTF,NSE:LTF,LT FINANCE LTD,,403 unsubscribed/restricted region,https://www.gurufocus.com/stock/NSE:LTF/summary
4676,OK,ATH,ALWN,ATH:ALWN,ALLWYN AG,Allwyn AG,name matches,https://www.gurufocus.com/stock/ATH:ALWN/summary
4677,RESTRICTED,NSE,TORNTPOWER,NSE:TORNTPOWER,TORRENT POWER LTD,,403 unsubscribed/restricted region,https://www.gurufocus.com/stock/NSE:TORNTPOWER/summary
4678,RESTRICTED,NSE,JSWENERGY,NSE:JSWENERGY,JSW ENERGY LTD,,403 unsubscribed/restricted region,https://www.gurufocus.com/stock/NSE:JSWENERGY/summary
4679,OK,HKSE,09880,HKSE:09880,Ubtech Robotics Corp Ltd,Ubtech Robotics Corp Ltd,name matches,https://www.gurufocus.com/stock/HKSE:09880/summary
4680,RESTRICTED,NSE,ENRIN,NSE:ENRIN,SIEMENS ENERGY INDIA LTD,,403 unsubscribed/restricted region,https://www.gurufocus.com/stock/NSE:ENRIN/summary
4681,OK,TPE,6919,TPE:6919,Caliway Biopharmaceuticals Co Ltd,Caliway Biopharmaceuticals Co Ltd,name matches,https://www.gurufocus.com/stock/TPE:6919/summary
4682,RESTRICTED,NSE,VMM,NSE:VMM,VISHAL MEGA MART LTD,,403 unsubscribed/restricted region,https://www.gurufocus.com/stock/NSE:VMM/summary
4683,OK,ADX,ADNOCLS,ADX:ADNOCLS,ADNOC LOGISTICS  SERVICES PLC,Adnoc Logistics & Services PLC,name matches,https://www.gurufocus.com/stock/ADX:ADNOCLS/summary
4684,OK,HKSE,03888,HKSE:03888,Kingsoft Corp Ltd,Kingsoft Corp Ltd,name matches,https://www.gurufocus.com/stock/HKSE:03888/summary
4685,OK,TPE,2609,TPE:2609,YANG MING MARINE TRANSPORT CORP,Yang Ming Marine Transport Corp,name matches,https://www.gurufocus.com/stock/TPE:2609/summary
4686,OK,PHS,ALI,PHS:ALI,AYALA LAND INC,Ayala Land Inc,name matches,https://www.gurufocus.com/stock/PHS:ALI/summary
4687,OK,HKSE,00322,HKSE:00322,Tingyi (Cayman Islands) Holding Corp,Tingyi (Cayman Islands) Holding Corp,name matches,https://www.gurufocus.com/stock/HKSE:00322/summary
4688,RESTRICTED,NSE,COROMANDEL,NSE:COROMANDEL,COROMANDEL INTERNATIONAL LTD,,403 unsubscribed/restricted region,https://www.gurufocus.com/stock/NSE:COROMANDEL/summary
4689,OK,TPE,1102,TPE:1102,ASIA CEMENT CORP,Asia Cement Corp,name matches,https://www.gurufocus.com/stock/TPE:1102/summary
4690,OK,HKSE,00914,HKSE:00914,Anhui Conch Cement Co Ltd,Anhui Conch Cement Co Ltd,name matches,https://www.gurufocus.com/stock/HKSE:00914/summary
4691,RESTRICTED,NSE,NHPC,NSE:NHPC,NHPC LTD,,403 unsubscribed/restricted region,https://www.gurufocus.com/stock/NSE:NHPC/summary
4692,OK,ISX,UNTR,ISX:UNTR,PT United Tractors Tbk,PT United Tractors Tbk,name matches,https://www.gurufocus.com/stock/ISX:UNTR/summary
4693,OK,KUW,MABANEE,KUW:MABANEE,Mabanee Co KPSC,Mabanee Co KPSC,name matches,https://www.gurufocus.com/stock/KUW:MABANEE/summary
4694,OK,XKLS,1066,XKLS:1066,RHB Bank Bhd,RHB Bank Bhd,name matches,https://www.gurufocus.com/stock/XKLS:1066/summary
4695,OK,DFM,AIRARABIA,DFM:AIRARABIA,Air Arabia PJSC,Air Arabia PJSC,name matches,https://www.gurufocus.com/stock/DFM:AIRARABIA/summary
4696,OK,SAU,4300,SAU:4300,Dar Alarkan Real Estate Development Co,Dar Alarkan Real Estate Development Co,name matches,https://www.gurufocus.com/stock/SAU:4300/summary
4697,OK,HKSE,00136,HKSE:00136,CHINA RUYI HOLDINGS LTD,China Ruyi Holdings Ltd,name matches,https://www.gurufocus.com/stock/HKSE:00136/summary
4698,OK,HKSE,02525,HKSE:02525,Hesai Group,Hesai Group,name matches,https://www.gurufocus.com/stock/HKSE:02525/summary
4699,OK,HKSE,06990,HKSE:06990,Sichuan Kelun-Biotech Biopharmaceutical Co Ltd,Sichuan Kelun-Biotech Biopharmaceutical Co Ltd,name matches,https://www.gurufocus.com/stock/HKSE:06990/summary
4700,OK,SHSE,600332,SHSE:600332,Guangzhou Baiyunshan Pharmaceutical Holdings Co Ltd,Guangzhou Baiyunshan Pharmaceutical Holdings Co Ltd,name matches,https://www.gurufocus.com/stock/SHSE:600332/summary
4701,OK,HKSE,00392,HKSE:00392,BEIJING ENTERPRISES HOLDINGS LTD,Beijing Enterprises Holdings Ltd,name matches,https://www.gurufocus.com/stock/HKSE:00392/summary
4702,OK,ISX,BRPT,ISX:BRPT,PT Barito Pacific Tbk,PT Barito Pacific Tbk,name matches,https://www.gurufocus.com/stock/ISX:BRPT/summary
4703,OK,WAR,BDX,WAR:BDX,BUDIMEX SA,Budimex SA,name matches,https://www.gurufocus.com/stock/WAR:BDX/summary
4704,OK,SHSE,603259,SHSE:603259,Wuxi AppTec Co Ltd,Wuxi AppTec Co Ltd,name matches,https://www.gurufocus.com/stock/SHSE:603259/summary
4705,OK,ISX,BREN,ISX:BREN,PT Barito Renewables Energy Tbk,PT Barito Renewables Energy Tbk,name matches,https://www.gurufocus.com/stock/ISX:BREN/summary
4706,OK,TPE,2618,TPE:2618,EVA AIRWAYS CORP,Eva Airways Corp,name matches,https://www.gurufocus.com/stock/TPE:2618/summary
4707,OK,IST,SAHOL,IST:SAHOL,Haci Omer Sabanci Holding AS,Haci Omer Sabanci Holding AS,name matches,https://www.gurufocus.com/stock/IST:SAHOL/summary
4708,RESTRICTED,NSE,NMDC,NSE:NMDC,NMDC LTD,,403 unsubscribed/restricted region,https://www.gurufocus.com/stock/NSE:NMDC/summary
4709,OK,SZSE,002653,SZSE:002653,Haisco Pharmaceutical Group Co Ltd,Haisco Pharmaceutical Group Co Ltd,name matches,https://www.gurufocus.com/stock/SZSE:002653/summary
4710,OK,SHSE,601456,SHSE:601456,Guolian Minsheng Securities Co Ltd,Guolian Minsheng Securities Co Ltd,name matches,https://www.gurufocus.com/stock/SHSE:601456/summary
4711,OK,SZSE,300059,SZSE:300059,East Money Information Co Ltd,East Money Information Co Ltd,name matches,https://www.gurufocus.com/stock/SZSE:300059/summary
4712,OK,XKLS,6947,XKLS:6947,CelcomDigi Bhd,CelcomDigi Bhd,name matches,https://www.gurufocus.com/stock/XKLS:6947/summary
4713,OK,HKSE,01044,HKSE:01044,Hengan International Group Co Ltd,Hengan International Group Co Ltd,name matches,https://www.gurufocus.com/stock/HKSE:01044/summary
4714,OK,ADX,ADNOCDIST,ADX:ADNOCDIST,Abu Dhabi National Oil Co For Distribution PJSC,Abu Dhabi National Oil Co For Distribution PJSC,name matches,https://www.gurufocus.com/stock/ADX:ADNOCDIST/summary
4715,OK,HKSE,00780,HKSE:00780,TONGCHENG TRAVEL HOLDINGS LTD,Tongcheng Travel Holdings Ltd,name matches,https://www.gurufocus.com/stock/HKSE:00780/summary
4716,OK,SAU,4250,SAU:4250,Jabal Omar Development Co,Jabal Omar Development Co,name matches,https://www.gurufocus.com/stock/SAU:4250/summary
4717,OK,SZSE,002463,SZSE:002463,Wus Printed Circuit (Kunshan) Co Ltd,Wus Printed Circuit (Kunshan) Co Ltd,name matches,https://www.gurufocus.com/stock/SZSE:002463/summary
4718,RESTRICTED,NSE,ALKEM,NSE:ALKEM,ALKEM LABORATORIES LTD,,403 unsubscribed/restricted region,https://www.gurufocus.com/stock/NSE:ALKEM/summary
4719,RESTRICTED,NSE,UNIONBANK,NSE:UNIONBANK,UNION BANK OF INDIA LTD,,403 unsubscribed/restricted region,https://www.gurufocus.com/stock/NSE:UNIONBANK/summary
4720,OK,HKSE,00390,HKSE:00390,China Railway Group Ltd,China Railway Group Ltd,name matches,https://www.gurufocus.com/stock/HKSE:00390/summary
4721,RESTRICTED,NSE,IDEA,NSE:IDEA,VODAFONE IDEA LTD,,403 unsubscribed/restricted region,https://www.gurufocus.com/stock/NSE:IDEA/summary
4722,OK,XKRX,161390,XKRX:161390,Hankook Tire & Technology Co Ltd,Hankook Tire & Technology Co Ltd,name matches,https://www.gurufocus.com/stock/XKRX:161390/summary
4723,OK,HKSE,02883,HKSE:02883,China Oilfield Services Ltd,China Oilfield Services Ltd,name matches,https://www.gurufocus.com/stock/HKSE:02883/summary
4724,OK,ISX,GOTO,ISX:GOTO,PT Goto Gojek Tokopedia Tbk,PT Goto Gojek Tokopedia Tbk,name matches,https://www.gurufocus.com/stock/ISX:GOTO/summary
4725,OK,SAU,1020,SAU:1020,BANK ALJAZIRA,Bank AlJazira,name matches,https://www.gurufocus.com/stock/SAU:1020/summary
4726,OK,HKSE,00285,HKSE:00285,BYD Electronic (International) Co Ltd,BYD Electronic (International) Co Ltd,name matches,https://www.gurufocus.com/stock/HKSE:00285/summary
4727,OK,SHSE,600000,SHSE:600000,Shanghai Pudong Development Bank Co Ltd,Shanghai Pudong Development Bank Co Ltd,name matches,https://www.gurufocus.com/stock/SHSE:600000/summary
4728,NOT_FOUND,BSE,532483,BSE:532483,CANARA BANK LTD,,404 stock not found,https://www.gurufocus.com/stock/BSE:532483/summary
4729,OK,SHSE,601088,SHSE:601088,China Shenhua Energy Co Ltd,China Shenhua Energy Co Ltd,name matches,https://www.gurufocus.com/stock/SHSE:601088/summary
4730,OK,HKSE,00004,HKSE:00004,The Wharf (Holdings) Ltd,The Wharf (Holdings) Ltd,name matches,https://www.gurufocus.com/stock/HKSE:00004/summary
4731,OK,SHSE,600031,SHSE:600031,Sany Heavy Industry Co Ltd,Sany Heavy Industry Co Ltd,name matches,https://www.gurufocus.com/stock/SHSE:600031/summary
4732,OK,SHSE,600989,SHSE:600989,Ningxia Baofeng Energy Group Co Ltd,Ningxia Baofeng Energy Group Co Ltd,name matches,https://www.gurufocus.com/stock/SHSE:600989/summary
4733,OK,SHSE,601816,SHSE:601816,Beijing-Shanghai High Speed Railway Co Ltd,Beijing-Shanghai High Speed Railway Co Ltd,name matches,https://www.gurufocus.com/stock/SHSE:601816/summary
4734,OK,SHSE,601658,SHSE:601658,Postal Savings Bank Of China Co Ltd,Postal Savings Bank Of China Co Ltd,name matches,https://www.gurufocus.com/stock/SHSE:601658/summary
4735,OK,SHSE,600089,SHSE:600089,TBEA Co Ltd,TBEA Co Ltd,name matches,https://www.gurufocus.com/stock/SHSE:600089/summary
4736,RESTRICTED,NSE,SHREECEM,NSE:SHREECEM,SHREE CEMENT LTD,,403 unsubscribed/restricted region,https://www.gurufocus.com/stock/NSE:SHREECEM/summary
4737,RESTRICTED,NSE,PIIND,NSE:PIIND,P.I. INDUSTRIES LTD,,403 unsubscribed/restricted region,https://www.gurufocus.com/stock/NSE:PIIND/summary
4738,OK,HKSE,01929,HKSE:01929,CHOW TAI FOOK JEWELLERY GROUP LTD,Chow Tai Fook Jewellery Group Ltd,name matches,https://www.gurufocus.com/stock/HKSE:01929/summary
4739,OK,XKLS,3816,XKLS:3816,MISC Bhd,MISC Bhd,name matches,https://www.gurufocus.com/stock/XKLS:3816/summary
4740,OK,HKSE,02588,HKSE:02588,BOC AVIATION LTD,BOC Aviation Ltd,name matches,https://www.gurufocus.com/stock/HKSE:02588/summary
4741,OK,SHSE,603288,SHSE:603288,Foshan Haitian Flavouring and Food Co Ltd,Foshan Haitian Flavouring and Food Co Ltd,name matches,https://www.gurufocus.com/stock/SHSE:603288/summary
4742,RESTRICTED,NSE,LODHA,NSE:LODHA,LODHA DEVELOPERS LTD,,403 unsubscribed/restricted region,https://www.gurufocus.com/stock/NSE:LODHA/summary
4743,OK,OCSE,ROCK B,OCSE:ROCK B,Rockwool AS,Rockwool AS,name matches,https://www.gurufocus.com/stock/OCSE:ROCK B/summary
4744,OK,HKSE,03323,HKSE:03323,China National Building Material Co Ltd,China National Building Material Co Ltd,name matches,https://www.gurufocus.com/stock/HKSE:03323/summary
4745,OK,XPAR,ADP,XPAR:ADP,AEROPORTS DE PARIS SA,Aeroports de Paris SA,name matches,https://www.gurufocus.com/stock/XPAR:ADP/summary
4746,OK,HKSE,00763,HKSE:00763,ZTE Corp,ZTE Corp,name matches,https://www.gurufocus.com/stock/HKSE:00763/summary
4747,RESTRICTED,NSE,BAJAJHLDNG,NSE:BAJAJHLDNG,BAJAJ HOLDINGS AND INVESTMENT LTD,,403 unsubscribed/restricted region,https://www.gurufocus.com/stock/NSE:BAJAJHLDNG/summary
4748,OK,HKSE,00316,HKSE:00316,Orient Overseas (International) Ltd,Orient Overseas (International) Ltd,name matches,https://www.gurufocus.com/stock/HKSE:00316/summary
4749,OK,HKSE,01585,HKSE:01585,YADEA GROUP HOLDINGS LTD,Yadea Group Holdings Ltd,name matches,https://www.gurufocus.com/stock/HKSE:01585/summary
4750,OK,SHSE,600600,SHSE:600600,Tsingtao Brewery Co Ltd,Tsingtao Brewery Co Ltd,name matches,https://www.gurufocus.com/stock/SHSE:600600/summary
4751,OK,XKLS,6012,XKLS:6012,Maxis Bhd,Maxis Bhd,name matches,https://www.gurufocus.com/stock/XKLS:6012/summary
4752,OK,HKSE,02380,HKSE:02380,China Power International Development Ltd,China Power International Development Ltd,name matches,https://www.gurufocus.com/stock/HKSE:02380/summary
4753,OK,SHSE,600489,SHSE:600489,Zhongjin Gold Corp Ltd,Zhongjin Gold Corp Ltd,name matches,https://www.gurufocus.com/stock/SHSE:600489/summary
4755,OK,XKRX,323410,XKRX:323410,KAKAOBANK CORP,KakaoBank Corp,name matches,https://www.gurufocus.com/stock/XKRX:323410/summary
4756,OK,HKSE,00384,HKSE:00384,CHINA GAS HOLDINGS LTD,China Gas Holdings Ltd,name matches,https://www.gurufocus.com/stock/HKSE:00384/summary
4757,RESTRICTED,NSE,PNB,NSE:PNB,PUNJAB NATIONAL BANK,,403 unsubscribed/restricted region,https://www.gurufocus.com/stock/NSE:PNB/summary
4758,OK,XKLS,4863,XKLS:4863,Telekom Malaysia Bhd,Telekom Malaysia Bhd,name matches,https://www.gurufocus.com/stock/XKLS:4863/summary
4759,OK,SAU,4100,SAU:4100,Makkah Construction & Development Co,Makkah Construction & Development Co,name matches,https://www.gurufocus.com/stock/SAU:4100/summary
4760,OK,XKRX,090430,XKRX:090430,AMOREPACIFIC CORP,AmorePacific Corp,name matches,https://www.gurufocus.com/stock/XKRX:090430/summary
4761,OK,SHSE,600674,SHSE:600674,Sichuan Chuantou Energy Co Ltd,Sichuan Chuantou Energy Co Ltd,name matches,https://www.gurufocus.com/stock/SHSE:600674/summary
4762,OK,HKSE,03800,HKSE:03800,GCL TECHNOLOGY HOLDINGS LTD,GCL Technology Holdings Ltd,name matches,https://www.gurufocus.com/stock/HKSE:03800/summary
4763,RESTRICTED,NSE,KALYANKJIL,NSE:KALYANKJIL,KALYAN JEWELLERS INDIA LTD,,403 unsubscribed/restricted region,https://www.gurufocus.com/stock/NSE:KALYANKJIL/summary
4764,OK,HKSE,09995,HKSE:09995,RemeGen Co Ltd,RemeGen Co Ltd,name matches,https://www.gurufocus.com/stock/HKSE:09995/summary
4765,RESTRICTED,NSE,PRESTIGE,NSE:PRESTIGE,PRESTIGE ESTATES PROJECTS LTD,,403 unsubscribed/restricted region,https://www.gurufocus.com/stock/NSE:PRESTIGE/summary
4766,OK,KUW,WARBABANK,KUW:WARBABANK,Warba Bank (K.S.C.),Warba Bank (K.S.C.),name matches,https://www.gurufocus.com/stock/KUW:WARBABANK/summary
4767,RESTRICTED,LSE,JD.,LSE:JD.,JD SPORTS FASHION PLC,,403 unsubscribed/restricted region,https://www.gurufocus.com/stock/LSE:JD./summary
4768,OK,SZSE,002916,SZSE:002916,Shennan Circuits Co Ltd,Shennan Circuits Co Ltd,name matches,https://www.gurufocus.com/stock/SZSE:002916/summary
4769,OK,SZSE,300760,SZSE:300760,Shenzhen Mindray Bio-Medical Electronics Co Ltd,Shenzhen Mindray Bio-Medical Electronics Co Ltd,name matches,https://www.gurufocus.com/stock/SZSE:300760/summary
4770,OK,SHSE,600188,SHSE:600188,Yankuang Energy Group Co Ltd,Yankuang Energy Group Co Ltd,name matches,https://www.gurufocus.com/stock/SHSE:600188/summary
4771,OK,HKSE,00177,HKSE:00177,Jiangsu Expressway Co Ltd,Jiangsu Expressway Co Ltd,name matches,https://www.gurufocus.com/stock/HKSE:00177/summary
4772,OK,SHSE,600487,SHSE:600487,Hengtong Optic-Electric Co Ltd,Hengtong Optic-Electric Co Ltd,name matches,https://www.gurufocus.com/stock/SHSE:600487/summary
4773,RESTRICTED,NSE,PAGEIND,NSE:PAGEIND,PAGE INDUSTRIES LTD,,403 unsubscribed/restricted region,https://www.gurufocus.com/stock/NSE:PAGEIND/summary
4774,OK,SZSE,000001,SZSE:000001,Ping An Bank Co Ltd,Ping An Bank Co Ltd,name matches,https://www.gurufocus.com/stock/SZSE:000001/summary
4775,OK,SHSE,603986,SHSE:603986,GigaDevice Semiconductor Inc,GigaDevice Semiconductor Inc,name matches,https://www.gurufocus.com/stock/SHSE:603986/summary
4776,RESTRICTED,NSE,DABUR,NSE:DABUR,DABUR INDIA LTD,,403 unsubscribed/restricted region,https://www.gurufocus.com/stock/NSE:DABUR/summary
4777,OK,SZSE,000166,SZSE:000166,Shenwan Hongyuan Group Co Ltd,Shenwan Hongyuan Group Co Ltd,name matches,https://www.gurufocus.com/stock/SZSE:000166/summary
4778,OK,WAR,ZAB,WAR:ZAB,Zabka Group,Zabka Group,name matches,https://www.gurufocus.com/stock/WAR:ZAB/summary
4779,OK,SZSE,000425,SZSE:000425,XCMG Construction Machinery Co Ltd,XCMG Construction Machinery Co Ltd,name matches,https://www.gurufocus.com/stock/SZSE:000425/summary
4780,RESTRICTED,NSE,ASTRAL,NSE:ASTRAL,ASTRAL LTD,,403 unsubscribed/restricted region,https://www.gurufocus.com/stock/NSE:ASTRAL/summary
4781,RESTRICTED,NSE,MRF,NSE:MRF,MRF LTD,,403 unsubscribed/restricted region,https://www.gurufocus.com/stock/NSE:MRF/summary
4782,RESTRICTED,NSE,COLPAL,NSE:COLPAL,COLGATE PALMOLIVE INDIA LTD,,403 unsubscribed/restricted region,https://www.gurufocus.com/stock/NSE:COLPAL/summary
4783,OK,HKSE,01193,HKSE:01193,CHINA RESOURCES GAS GROUP LTD,China Resources Gas Group Ltd,name matches,https://www.gurufocus.com/stock/HKSE:01193/summary
4784,OK,WAR,PGE,WAR:PGE,Polska Grupa Energetyczna SA,Polska Grupa Energetyczna SA,name matches,https://www.gurufocus.com/stock/WAR:PGE/summary
4785,OK,XKRX,047050,XKRX:047050,POSCO INTERNATIONAL CORP,Posco International Corp,name matches,https://www.gurufocus.com/stock/XKRX:047050/summary
4786,OK,TSE,9201,TSE:9201,Japan Airlines Co Ltd,Japan Airlines Co Ltd,name matches,https://www.gurufocus.com/stock/TSE:9201/summary
4787,OK,IST,ISCTR,IST:ISCTR,Turkiye Is Bankasi AS,Turkiye Is Bankasi AS,name matches,https://www.gurufocus.com/stock/IST:ISCTR/summary
4788,OK,HKSE,01357,HKSE:01357,MEITU INC,Meitu Inc,name matches,https://www.gurufocus.com/stock/HKSE:01357/summary
4789,OK,SZSE,000538,SZSE:000538,Yunnan Baiyao Group Co Ltd,Yunnan Baiyao Group Co Ltd,name matches,https://www.gurufocus.com/stock/SZSE:000538/summary
4790,OK,SZSE,002142,SZSE:002142,Bank Of Ningbo Co Ltd,Bank Of Ningbo Co Ltd,name matches,https://www.gurufocus.com/stock/SZSE:002142/summary
4791,OK,SZSE,300274,SZSE:300274,Sungrow Power Supply Co Ltd,Sungrow Power Supply Co Ltd,name matches,https://www.gurufocus.com/stock/SZSE:300274/summary
4792,OK,HKSE,01548,HKSE:01548,GENSCRIPT BIOTECH CORP,Genscript Biotech Corp,name matches,https://www.gurufocus.com/stock/HKSE:01548/summary
4793,RESTRICTED,NSE,OBEROIRLTY,NSE:OBEROIRLTY,OBEROI REALTY LTD,,403 unsubscribed/restricted region,https://www.gurufocus.com/stock/NSE:OBEROIRLTY/summary
4794,RESTRICTED,NSE,IDFCFIRSTB,NSE:IDFCFIRSTB,IDFC FIRST BANK LTD,,403 unsubscribed/restricted region,https://www.gurufocus.com/stock/NSE:IDFCFIRSTB/summary
4795,OK,SZSE,301308,SZSE:301308,Shenzhen Longsys Electronics Co Ltd,Shenzhen Longsys Electronics Co Ltd,name matches,https://www.gurufocus.com/stock/SZSE:301308/summary
4796,RESTRICTED,NSE,SUPREMEIND,NSE:SUPREMEIND,SUPREME INDUSTRIES LTD,,403 unsubscribed/restricted region,https://www.gurufocus.com/stock/NSE:SUPREMEIND/summary
4797,OK,SHSE,600887,SHSE:600887,Inner Mongolia Yili Industrial Group Co Ltd,Inner Mongolia Yili Industrial Group Co Ltd,name matches,https://www.gurufocus.com/stock/SHSE:600887/summary
4798,OK,XMAD,MAP,XMAD:MAP,MAPFRE SA,Mapfre SA,name matches,https://www.gurufocus.com/stock/XMAD:MAP/summary
4799,OK,SHSE,600703,SHSE:600703,Sanan Optoelectronics Co Ltd,Sanan Optoelectronics Co Ltd,name matches,https://www.gurufocus.com/stock/SHSE:600703/summary
4800,OK,SHSE,600905,SHSE:600905,China Three Gorges Renewables (Group) Co Ltd,China Three Gorges Renewables (Group) Co Ltd,name matches,https://www.gurufocus.com/stock/SHSE:600905/summary
4801,OK,SHSE,600549,SHSE:600549,Xiamen Tungsten Co Ltd,Xiamen Tungsten Co Ltd,name matches,https://www.gurufocus.com/stock/SHSE:600549/summary
4802,OK,TPE,1402,TPE:1402,FAR EASTERN NEW CENTURY CORP,Far Eastern New Century Corp,name matches,https://www.gurufocus.com/stock/TPE:1402/summary
4803,OK,SAU,2382,SAU:2382,ADES HOLDING CO,Ades Holding Co,name matches,https://www.gurufocus.com/stock/SAU:2382/summary
4804,OK,SHSE,601229,SHSE:601229,Bank of Shanghai Co Ltd,Bank of Shanghai Co Ltd,name matches,https://www.gurufocus.com/stock/SHSE:601229/summary
4805,OK,SZSE,002602,SZSE:002602,Zhejiang Century Huatong Group Co Ltd,Zhejiang Century Huatong Group Co Ltd,name matches,https://www.gurufocus.com/stock/SZSE:002602/summary
4806,OK,SHSE,600111,SHSE:600111,China Northern Rare Earth (Group) High-Tech Co Ltd,China Northern Rare Earth (Group) High-Tech Co Ltd,name matches,https://www.gurufocus.com/stock/SHSE:600111/summary
4807,RESTRICTED,NSE,ICICIPRULI,NSE:ICICIPRULI,ICICI PRUDENTIAL LIFE INSURANCE CO,,403 unsubscribed/restricted region,https://www.gurufocus.com/stock/NSE:ICICIPRULI/summary
4808,OK,SZSE,000408,SZSE:000408,Zangge Mining Co Ltd,Zangge Mining Co Ltd,name matches,https://www.gurufocus.com/stock/SZSE:000408/summary
4809,OK,SZSE,002714,SZSE:002714,Muyuan Foods Group Co Ltd,Muyuan Foods Group Co Ltd,name matches,https://www.gurufocus.com/stock/SZSE:002714/summary
4810,OK,HKSE,06969,HKSE:06969,SMOORE INTERNATIONAL HOLDINGS LTD,Smoore International Holdings Ltd,name matches,https://www.gurufocus.com/stock/HKSE:06969/summary
4811,OK,XKRX,326030,XKRX:326030,SK Biopharmaceuticals Co Ltd,SK Biopharmaceuticals Co Ltd,name matches,https://www.gurufocus.com/stock/XKRX:326030/summary
4812,OK,SHSE,688072,SHSE:688072,Piotech Inc,Piotech Inc,name matches,https://www.gurufocus.com/stock/SHSE:688072/summary
4813,OK,DSMD,DUBK,DSMD:DUBK,Dukhan Bank QPSC,Dukhan Bank QPSC,name matches,https://www.gurufocus.com/stock/DSMD:DUBK/summary
4814,OK,ISX,CUAN,ISX:CUAN,PT Petrindo Jaya Kreasi Tbk,PT Petrindo Jaya Kreasi Tbk,name matches,https://www.gurufocus.com/stock/ISX:CUAN/summary
4815,OK,SHSE,600019,SHSE:600019,Baoshan Iron & Steel Co Ltd,Baoshan Iron & Steel Co Ltd,name matches,https://www.gurufocus.com/stock/SHSE:600019/summary
4816,OK,SHSE,688008,SHSE:688008,Montage Technology Co Ltd,Montage Technology Co Ltd,name matches,https://www.gurufocus.com/stock/SHSE:688008/summary
4817,OK,IST,EREGL,IST:EREGL,Eregli Demir Ve Celik Fabrikalari TAS,Eregli Demir Ve Celik Fabrikalari TAS,name matches,https://www.gurufocus.com/stock/IST:EREGL/summary
4818,OK,SHSE,601100,SHSE:601100,Jiangsu Hengli Hydraulic Co Ltd,Jiangsu Hengli Hydraulic Co Ltd,name matches,https://www.gurufocus.com/stock/SHSE:601100/summary
4819,OK,XPAR,COV,XPAR:COV,COVIVIO SA,Covivio SA,name matches,https://www.gurufocus.com/stock/XPAR:COV/summary
4820,RESTRICTED,NSE,OIL,NSE:OIL,OIL INDIA LTD,,403 unsubscribed/restricted region,https://www.gurufocus.com/stock/NSE:OIL/summary
4821,OK,SAU,4002,SAU:4002,Mouwasat Medical Services Co,Mouwasat Medical Services Co,name matches,https://www.gurufocus.com/stock/SAU:4002/summary
4822,OK,SZSE,002600,SZSE:002600,Lingyi Itech (Guangdong) Co Ltd,Lingyi Itech (Guangdong) Co Ltd,name matches,https://www.gurufocus.com/stock/SZSE:002600/summary
4823,OK,XKRX,005940,XKRX:005940,NH Investment & Securities Co Ltd,NH Investment & Securities Co Ltd,name matches,https://www.gurufocus.com/stock/XKRX:005940/summary
4824,OK,ISX,CPIN,ISX:CPIN,PT Charoen Pokphand Indonesia Tbk,PT Charoen Pokphand Indonesia Tbk,name matches,https://www.gurufocus.com/stock/ISX:CPIN/summary
4825,OK,SHSE,600183,SHSE:600183,Shengyi Technology Co Ltd,Shengyi Technology Co Ltd,name matches,https://www.gurufocus.com/stock/SHSE:600183/summary
4826,OK,SHSE,601881,SHSE:601881,China Galaxy Securities Co Ltd,China Galaxy Securities Co Ltd,name matches,https://www.gurufocus.com/stock/SHSE:601881/summary
4827,OK,SAU,8010,SAU:8010,The Company For Cooperative Insurance,The Company For Cooperative Insurance,name matches,https://www.gurufocus.com/stock/SAU:8010/summary
4828,OK,MIL,TITR,MIL:TITR,TELECOM ITALIA S.P.A.,Telecom Italia SpA,name matches,https://www.gurufocus.com/stock/MIL:TITR/summary
4829,RESTRICTED,NSE,ZYDUSLIFE,NSE:ZYDUSLIFE,ZYDUS LIFESCIENCES LTD,,403 unsubscribed/restricted region,https://www.gurufocus.com/stock/NSE:ZYDUSLIFE/summary
4830,RESTRICTED,NSE,BALKRISIND,NSE:BALKRISIND,BALKRISHNA INDUSTRIES LTD,,403 unsubscribed/restricted region,https://www.gurufocus.com/stock/NSE:BALKRISIND/summary
4831,OK,SHSE,601988,SHSE:601988,Bank Of China Ltd,Bank Of China Ltd,name matches,https://www.gurufocus.com/stock/SHSE:601988/summary
4832,OK,SHSE,600150,SHSE:600150,China CSSC Holdings Ltd,China CSSC Holdings Ltd,name matches,https://www.gurufocus.com/stock/SHSE:600150/summary
4833,OK,IST,YKBNK,IST:YKBNK,Yapi Ve Kredi Bankasi AS,Yapi Ve Kredi Bankasi AS,name matches,https://www.gurufocus.com/stock/IST:YKBNK/summary
4834,OK,SZSE,300476,SZSE:300476,Victory Giant Technology (HuiZhou)Co Ltd,Victory Giant Technology (HuiZhou)Co Ltd,name matches,https://www.gurufocus.com/stock/SZSE:300476/summary
4835,OK,HKSE,06181,HKSE:06181,Laopu Gold Co Ltd,Laopu Gold Co Ltd,name matches,https://www.gurufocus.com/stock/HKSE:06181/summary
4836,OK,SHSE,600919,SHSE:600919,Bank Of Jiangsu Co Ltd,Bank Of Jiangsu Co Ltd,name matches,https://www.gurufocus.com/stock/SHSE:600919/summary
4837,OK,SHSE,601939,SHSE:601939,China Construction Bank Corp,China Construction Bank Corp,name matches,https://www.gurufocus.com/stock/SHSE:601939/summary
4838,OK,SAU,2290,SAU:2290,Yanbu National Petrochemicals Co,Yanbu National Petrochemicals Co,name matches,https://www.gurufocus.com/stock/SAU:2290/summary
4839,OK,SHSE,601225,SHSE:601225,Shaanxi Coal Industry Co Ltd,Shaanxi Coal Industry Co Ltd,name matches,https://www.gurufocus.com/stock/SHSE:601225/summary
4840,OK,SHSE,601857,SHSE:601857,PetroChina Co Ltd,PetroChina Co Ltd,name matches,https://www.gurufocus.com/stock/SHSE:601857/summary
4841,OK,SHSE,601985,SHSE:601985,China National Nuclear Power Co Ltd,China National Nuclear Power Co Ltd,name matches,https://www.gurufocus.com/stock/SHSE:601985/summary
4842,OK,SHSE,601818,SHSE:601818,China Everbright Bank Co Ltd,China Everbright Bank Co Ltd,name matches,https://www.gurufocus.com/stock/SHSE:601818/summary
4843,OK,XKRX,003490,XKRX:003490,Korean Air Lines Co Ltd,Korean Air Lines Co Ltd,name matches,https://www.gurufocus.com/stock/XKRX:003490/summary
4844,OK,SHSE,600346,SHSE:600346,Hengli Petrochemical Co Ltd,Hengli Petrochemical Co Ltd,name matches,https://www.gurufocus.com/stock/SHSE:600346/summary
4845,OK,TPE,1504,TPE:1504,Teco Electric & Machinery Co Ltd,Teco Electric & Machinery Co Ltd,name matches,https://www.gurufocus.com/stock/TPE:1504/summary
4846,OK,SHSE,600809,SHSE:600809,Shanxi Xinghuacun Fen Wine Factory Co Ltd,Shanxi Xinghuacun Fen Wine Factory Co Ltd,name matches,https://www.gurufocus.com/stock/SHSE:600809/summary
4847,OK,SHSE,601336,SHSE:601336,New China Life Insurance Co Ltd,New China Life Insurance Co Ltd,name matches,https://www.gurufocus.com/stock/SHSE:601336/summary
4848,OK,HKSE,03998,HKSE:03998,Bosideng International Holdings Ltd,Bosideng International Holdings Ltd,name matches,https://www.gurufocus.com/stock/HKSE:03998/summary
4849,OK,XKRX,443060,XKRX:443060,HD Hyundai Marine Solution Co Ltd,HD Hyundai Marine Solution Co Ltd,name matches,https://www.gurufocus.com/stock/XKRX:443060/summary
4850,RESTRICTED,NSE,SBICARD,NSE:SBICARD,SBI CARDS  PAYMENT SERVICES LTD,,403 unsubscribed/restricted region,https://www.gurufocus.com/stock/NSE:SBICARD/summary
4851,OK,SZSE,300857,SZSE:300857,Sharetronic Data Technology Co Ltd,Sharetronic Data Technology Co Ltd,name matches,https://www.gurufocus.com/stock/SZSE:300857/summary
4852,RESTRICTED,NSE,GODREJPROP,NSE:GODREJPROP,GODREJ PROPERTIES LTD,,403 unsubscribed/restricted region,https://www.gurufocus.com/stock/NSE:GODREJPROP/summary
4853,OK,SHSE,601012,SHSE:601012,LONGi Green Energy Technology Co Ltd,LONGi Green Energy Technology Co Ltd,name matches,https://www.gurufocus.com/stock/SHSE:601012/summary
4854,OK,HKSE,00968,HKSE:00968,XINYI SOLAR HOLDINGS LTD,Xinyi Solar Holdings Ltd,name matches,https://www.gurufocus.com/stock/HKSE:00968/summary
4855,OK,HKSE,02026,HKSE:02026,PONY AI INC,Pony AI Inc,name matches,https://www.gurufocus.com/stock/HKSE:02026/summary
4856,OK,TPE,2615,TPE:2615,WAN HAI LINES LTD,Wan Hai Lines Ltd,name matches,https://www.gurufocus.com/stock/TPE:2615/summary
4857,RESTRICTED,NSE,JUBLFOOD,NSE:JUBLFOOD,JUBILANT FOODWORKS LTD,,403 unsubscribed/restricted region,https://www.gurufocus.com/stock/NSE:JUBLFOOD/summary
4858,OK,PHS,MBT,PHS:MBT,Metropolitan Bank & Trust Co,Metropolitan Bank & Trust Co,name matches,https://www.gurufocus.com/stock/PHS:MBT/summary
4859,OK,HKSE,00960,HKSE:00960,LONGFOR GROUP HOLDINGS LTD,Longfor Group Holdings Ltd,name matches,https://www.gurufocus.com/stock/HKSE:00960/summary
4860,OK,SZSE,300394,SZSE:300394,Suzhou TFC Optical Communications Co Ltd,Suzhou TFC Optical Communications Co Ltd,name matches,https://www.gurufocus.com/stock/SZSE:300394/summary
4861,OK,XKRX,024110,XKRX:024110,INDUSTRIAL BANK OF KOREA,Industrial Bank of Korea,name matches,https://www.gurufocus.com/stock/XKRX:024110/summary
4862,OK,SHSE,600886,SHSE:600886,SDIC Power Holdings Co Ltd,SDIC Power Holdings Co Ltd,name matches,https://www.gurufocus.com/stock/SHSE:600886/summary
4863,OK,SZSE,002353,SZSE:002353,Yantai Jereh Oilfield Services Group Co Ltd,Yantai Jereh Oilfield Services Group Co Ltd,name matches,https://www.gurufocus.com/stock/SZSE:002353/summary
4864,OK,HKSE,00916,HKSE:00916,China Longyuan Power Group Corp Ltd,China Longyuan Power Group Corp Ltd,name matches,https://www.gurufocus.com/stock/HKSE:00916/summary
4865,OK,XKLS,2445,XKLS:2445,Kuala Lumpur Kepong Bhd,Kuala Lumpur Kepong Bhd,name matches,https://www.gurufocus.com/stock/XKLS:2445/summary
4866,OK,SHSE,688521,SHSE:688521,VeriSilicon Microelectronics Shanghai Co Ltd,VeriSilicon Microelectronics Shanghai Co Ltd,name matches,https://www.gurufocus.com/stock/SHSE:688521/summary
4867,OK,SZSE,300498,SZSE:300498,Wens Foodstuff Group Co Ltd,Wens Foodstuff Group Co Ltd,name matches,https://www.gurufocus.com/stock/SZSE:300498/summary
4868,RESTRICTED,NSE,OFSS,NSE:OFSS,ORACLE FINANCIAL SERVICES SOFTWARE,,403 unsubscribed/restricted region,https://www.gurufocus.com/stock/NSE:OFSS/summary
4869,OK,SZSE,300604,SZSE:300604,Hangzhou Chang Chuan Technology Co Ltd,Hangzhou Chang Chuan Technology Co Ltd,name matches,https://www.gurufocus.com/stock/SZSE:300604/summary
4870,OK,SHSE,600795,SHSE:600795,GD Power Development Co Ltd,GD Power Development Co Ltd,name matches,https://www.gurufocus.com/stock/SHSE:600795/summary
4871,OK,XPAR,AYV,XPAR:AYV,AYVENS SA,Ayvens SA,name matches,https://www.gurufocus.com/stock/XPAR:AYV/summary
4872,OK,HKSE,01882,HKSE:01882,Haitian International Holdings Ltd,Haitian International Holdings Ltd,name matches,https://www.gurufocus.com/stock/HKSE:01882/summary
4873,OK,HKSE,03618,HKSE:03618,Chongqing Rural Commercial Bank Co Ltd,Chongqing Rural Commercial Bank Co Ltd,name matches,https://www.gurufocus.com/stock/HKSE:03618/summary
4874,OK,FRA,6R9,FRA:6R9,VERISURE PLC,Verisure PLC,name matches,https://www.gurufocus.com/stock/FRA:6R9/summary
4875,OK,XKLS,4677,XKLS:4677,YTL Corp Bhd,YTL Corp Bhd,name matches,https://www.gurufocus.com/stock/XKLS:4677/summary
4876,OK,SZSE,002709,SZSE:002709,Guangzhou Tinci Materials Technology Co Ltd,Guangzhou Tinci Materials Technology Co Ltd,name matches,https://www.gurufocus.com/stock/SZSE:002709/summary
4877,RESTRICTED,NSE,MPHASIS,NSE:MPHASIS,MPHASIS LTD,,403 unsubscribed/restricted region,https://www.gurufocus.com/stock/NSE:MPHASIS/summary
4878,OK,XKRX,180640,XKRX:180640,HANJIN KAL Corp,HANJIN KAL Corp,name matches,https://www.gurufocus.com/stock/XKRX:180640/summary
4879,OK,XKLS,4707,XKLS:4707,Nestle Malaysia Bhd,Nestle Malaysia Bhd,name matches,https://www.gurufocus.com/stock/XKLS:4707/summary
4880,OK,SZSE,000568,SZSE:000568,Luzhou Laojiao Co Ltd,Luzhou Laojiao Co Ltd,name matches,https://www.gurufocus.com/stock/SZSE:000568/summary
4881,OK,SHSE,600016,SHSE:600016,China Minsheng Banking Corp Ltd,China Minsheng Banking Corp Ltd,name matches,https://www.gurufocus.com/stock/SHSE:600016/summary
4882,OK,ISX,AMRT,ISX:AMRT,PT Sumber Alfaria Trijaya Tbk,PT Sumber Alfaria Trijaya Tbk,name matches,https://www.gurufocus.com/stock/ISX:AMRT/summary
4883,OK,TSE,4716,TSE:4716,Oracle Corp Japan,Oracle Corp Japan,name matches,https://www.gurufocus.com/stock/TSE:4716/summary
4884,OK,HKSE,01776,HKSE:01776,GF Securities Co Ltd,GF Securities Co Ltd,name matches,https://www.gurufocus.com/stock/HKSE:01776/summary
4885,OK,SZSE,300033,SZSE:300033,Hithink RoyalFlush Information Network Co Ltd,Hithink RoyalFlush Information Network Co Ltd,name matches,https://www.gurufocus.com/stock/SZSE:300033/summary
4886,OK,SZSE,000157,SZSE:000157,Zoomlion Heavy Industry Science and Technology Co Ltd,Zoomlion Heavy Industry Science and Technology Co Ltd,name matches,https://www.gurufocus.com/stock/SZSE:000157/summary
4887,OK,HKSE,06186,HKSE:06186,CHINA FEIHE LTD,China Feihe Ltd,name matches,https://www.gurufocus.com/stock/HKSE:06186/summary
4888,OK,XKLS,5285,XKLS:5285,SD Guthrie Bhd,SD Guthrie Bhd,name matches,https://www.gurufocus.com/stock/XKLS:5285/summary
4889,OK,SZSE,000651,SZSE:000651,Gree Electric Appliances Inc of Zhuhai,Gree Electric Appliances Inc of Zhuhai,name matches,https://www.gurufocus.com/stock/SZSE:000651/summary
4890,OK,SZSE,002311,SZSE:002311,Guangdong Haid Group Co Ltd,Guangdong Haid Group Co Ltd,name matches,https://www.gurufocus.com/stock/SZSE:002311/summary
4891,OK,TPE,2610,TPE:2610,CHINA AIRLINES LTD,China Airlines Ltd,name matches,https://www.gurufocus.com/stock/TPE:2610/summary
4892,OK,SHSE,603799,SHSE:603799,Zhejiang Huayou Cobalt Co Ltd,Zhejiang Huayou Cobalt Co Ltd,name matches,https://www.gurufocus.com/stock/SHSE:603799/summary
4893,OK,SZSE,002241,SZSE:002241,Goertek Inc,Goertek Inc,name matches,https://www.gurufocus.com/stock/SZSE:002241/summary
4894,OK,SHSE,600418,SHSE:600418,Anhui Jianghuai Automobile Group Co Ltd,Anhui Jianghuai Automobile Group Co Ltd,name matches,https://www.gurufocus.com/stock/SHSE:600418/summary
4895,OK,SHSE,688396,SHSE:688396,China Resources Microelectronics Ltd,China Resources Microelectronics Ltd,name matches,https://www.gurufocus.com/stock/SHSE:688396/summary
4896,OK,SHSE,601888,SHSE:601888,China Tourism Group Duty Free Corp Ltd,China Tourism Group Duty Free Corp Ltd,name matches,https://www.gurufocus.com/stock/SHSE:601888/summary
4897,OK,SZSE,000426,SZSE:000426,Inner Mongolia Xingye Silver & Tin Mining Co Ltd,Inner Mongolia Xingye Silver & Tin Mining Co Ltd,name matches,https://www.gurufocus.com/stock/SZSE:000426/summary
4898,OK,SHSE,601668,SHSE:601668,China State Construction Engineering Corp Ltd,China State Construction Engineering Corp Ltd,name matches,https://www.gurufocus.com/stock/SHSE:601668/summary
4899,OK,SAU,1111,SAU:1111,Saudi Tadawul Group Holding Co,Saudi Tadawul Group Holding Co,name matches,https://www.gurufocus.com/stock/SAU:1111/summary
4900,OK,HKSE,03311,HKSE:03311,China State Construction International Holdings Ltd,China State Construction International Holdings Ltd,name matches,https://www.gurufocus.com/stock/HKSE:03311/summary
4901,OK,PHS,JFC,PHS:JFC,JOLLIBEE FOODS CORP,Jollibee Foods Corp,name matches,https://www.gurufocus.com/stock/PHS:JFC/summary
4902,OK,SZSE,002230,SZSE:002230,Iflytek Co Ltd,Iflytek Co Ltd,name matches,https://www.gurufocus.com/stock/SZSE:002230/summary
4903,OK,SHSE,600585,SHSE:600585,Anhui Conch Cement Co Ltd,Anhui Conch Cement Co Ltd,name matches,https://www.gurufocus.com/stock/SHSE:600585/summary
4904,OK,SHSE,600196,SHSE:600196,Shanghai Fosun Pharmaceutical (Group) Co Ltd,Shanghai Fosun Pharmaceutical (Group) Co Ltd,name matches,https://www.gurufocus.com/stock/SHSE:600196/summary
4905,OK,SZSE,000657,SZSE:000657,China Tungsten And Hightech Materials Co Ltd,China Tungsten And Hightech Materials Co Ltd,name matches,https://www.gurufocus.com/stock/SZSE:000657/summary
4906,OK,SZSE,002837,SZSE:002837,Shenzhen Envicool Technology Co Ltd,Shenzhen Envicool Technology Co Ltd,name matches,https://www.gurufocus.com/stock/SZSE:002837/summary
4907,OK,SHSE,600436,SHSE:600436,Zhangzhou Pientzehuang Pharmaceutical Co Ltd,Zhangzhou Pientzehuang Pharmaceutical Co Ltd,name matches,https://www.gurufocus.com/stock/SHSE:600436/summary
4908,OK,SHSE,600015,SHSE:600015,Hua Xia Bank Co Ltd,Hua Xia Bank Co Ltd,name matches,https://www.gurufocus.com/stock/SHSE:600015/summary
4909,OK,HKSE,01258,HKSE:01258,China Nonferrous Mining Corp Ltd,China Nonferrous Mining Corp Ltd,name matches,https://www.gurufocus.com/stock/HKSE:01258/summary
4910,OK,SZSE,300433,SZSE:300433,Lens Technology Co Ltd,Lens Technology Co Ltd,name matches,https://www.gurufocus.com/stock/SZSE:300433/summary
4911,OK,SHSE,600050,SHSE:600050,China United Network Communications Ltd,China United Network Communications Ltd,name matches,https://www.gurufocus.com/stock/SHSE:600050/summary
4912,RESTRICTED,NSE,TATACOMM,NSE:TATACOMM,TATA COMMUNICATIONS LTD,,403 unsubscribed/restricted region,https://www.gurufocus.com/stock/NSE:TATACOMM/summary
4913,OK,SZSE,002938,SZSE:002938,Avary Holding (Shenzhen) Co Ltd,Avary Holding (Shenzhen) Co Ltd,name matches,https://www.gurufocus.com/stock/SZSE:002938/summary
4914,OK,SHSE,600926,SHSE:600926,Bank Of Hangzhou Co Ltd,Bank Of Hangzhou Co Ltd,name matches,https://www.gurufocus.com/stock/SHSE:600926/summary
4915,RESTRICTED,NSE,PETRONET,NSE:PETRONET,PETRONET LNG LTD,,403 unsubscribed/restricted region,https://www.gurufocus.com/stock/NSE:PETRONET/summary
4916,OK,PHS,AC,PHS:AC,AYALA CORP,Ayala Corp,name matches,https://www.gurufocus.com/stock/PHS:AC/summary
4917,OK,HKSE,02228,HKSE:02228,XTALPI HOLDINGS LTD,XtalPi Holdings Ltd,name matches,https://www.gurufocus.com/stock/HKSE:02228/summary
4918,OK,SZSE,300014,SZSE:300014,EVE Energy Co Ltd,EVE Energy Co Ltd,name matches,https://www.gurufocus.com/stock/SZSE:300014/summary
4919,OK,SZSE,000725,SZSE:000725,BOE Technology Group Co Ltd,BOE Technology Group Co Ltd,name matches,https://www.gurufocus.com/stock/SZSE:000725/summary
4920,OK,SHSE,601009,SHSE:601009,Bank Of Nanjing Co Ltd,Bank Of Nanjing Co Ltd,name matches,https://www.gurufocus.com/stock/SHSE:601009/summary
4921,OK,SAU,1030,SAU:1030,SAUDI INVESTMENT BANK,Saudi Investment Bank,name matches,https://www.gurufocus.com/stock/SAU:1030/summary
4922,OK,HKSE,03360,HKSE:03360,FAR EAST HORIZON LTD,Far East Horizon Ltd,name matches,https://www.gurufocus.com/stock/HKSE:03360/summary
4923,OK,SZSE,002050,SZSE:002050,Zhejiang Sanhua Intelligent Controls Co Ltd,Zhejiang Sanhua Intelligent Controls Co Ltd,name matches,https://www.gurufocus.com/stock/SZSE:002050/summary
4924,OK,HKSE,01908,HKSE:01908,C&D International Investment Group Ltd,C&D International Investment Group Ltd,name matches,https://www.gurufocus.com/stock/HKSE:01908/summary
4925,OK,SHSE,601628,SHSE:601628,China Life Insurance Co Ltd,China Life Insurance Co Ltd,name matches,https://www.gurufocus.com/stock/SHSE:601628/summary
4926,OK,DSMD,MPHC,DSMD:MPHC,Mesaieed Petrochemical Holding Company QSC,Mesaieed Petrochemical Holding Company QSC,name matches,https://www.gurufocus.com/stock/DSMD:MPHC/summary
4927,OK,SHSE,601169,SHSE:601169,Bank Of Beijing Co Ltd,Bank Of Beijing Co Ltd,name matches,https://www.gurufocus.com/stock/SHSE:601169/summary
4928,OK,XKRX,005385,XKRX:005385,Hyundai Motor Co,Hyundai Motor Co,name matches,https://www.gurufocus.com/stock/XKRX:005385/summary
4929,RESTRICTED,NSE,RVNL,NSE:RVNL,RAIL VIKAS NIGAM LTD,,403 unsubscribed/restricted region,https://www.gurufocus.com/stock/NSE:RVNL/summary
4930,OK,SHSE,600115,SHSE:600115,China Eastern Airlines Corp Ltd,China Eastern Airlines Corp Ltd,name matches,https://www.gurufocus.com/stock/SHSE:600115/summary
4931,OK,HKSE,00772,HKSE:00772,CHINA LITERATURE LTD,China Literature Ltd,name matches,https://www.gurufocus.com/stock/HKSE:00772/summary
4932,OK,SHSE,601766,SHSE:601766,CRRC Corp Ltd,CRRC Corp Ltd,name matches,https://www.gurufocus.com/stock/SHSE:601766/summary
4933,OK,SHSE,900948,SHSE:900948,Inner Mongolia Yitai Coal Co Ltd,Inner Mongolia Yitai Coal Co Ltd,name matches,https://www.gurufocus.com/stock/SHSE:900948/summary
4934,OK,HKSE,02357,HKSE:02357,AviChina Industry & Technology Co Ltd,AviChina Industry & Technology Co Ltd,name matches,https://www.gurufocus.com/stock/HKSE:02357/summary
4935,OK,HKSE,09896,HKSE:09896,MINISO GROUP HOLDING LTD,MINISO Group Holding Ltd,name matches,https://www.gurufocus.com/stock/HKSE:09896/summary
4936,OK,SHSE,688111,SHSE:688111,Beijing Kingsoft Office Software Inc,Beijing Kingsoft Office Software Inc,name matches,https://www.gurufocus.com/stock/SHSE:688111/summary
4937,OK,SHSE,600438,SHSE:600438,Tongwei Co Ltd,Tongwei Co Ltd,name matches,https://www.gurufocus.com/stock/SHSE:600438/summary
4938,OK,SHSE,600958,SHSE:600958,Orient Securities Co Ltd,Orient Securities Co Ltd,name matches,https://www.gurufocus.com/stock/SHSE:600958/summary
4939,OK,SHSE,605499,SHSE:605499,Eastroc Beverage (Group) Co Ltd,Eastroc Beverage (Group) Co Ltd,name matches,https://www.gurufocus.com/stock/SHSE:605499/summary
4940,OK,SHSE,601689,SHSE:601689,Ningbo Tuopu Group Co Ltd,Ningbo Tuopu Group Co Ltd,name matches,https://www.gurufocus.com/stock/SHSE:601689/summary
4941,OK,SAU,7202,SAU:7202,Arabian Internet and Communications Services Co,Arabian Internet and Communications Services Co,name matches,https://www.gurufocus.com/stock/SAU:7202/summary
4942,OK,XKLS,5296,XKLS:5296,Mr D.I.Y. Group (M) Bhd,Mr D.I.Y. Group (M) Bhd,name matches,https://www.gurufocus.com/stock/XKLS:5296/summary
4943,OK,SHSE,601066,SHSE:601066,China Securities Co Ltd,China Securities Co Ltd,name matches,https://www.gurufocus.com/stock/SHSE:601066/summary
4944,OK,SHSE,601727,SHSE:601727,Shanghai Electric Group Co Ltd,Shanghai Electric Group Co Ltd,name matches,https://www.gurufocus.com/stock/SHSE:601727/summary
4945,OK,SZSE,002493,SZSE:002493,Rongsheng Petro Chemical Co Ltd,Rongsheng Petro Chemical Co Ltd,name matches,https://www.gurufocus.com/stock/SZSE:002493/summary
4946,OK,NASDAQ,LEGN,LEGN,Legend Biotech Corp,Legend Biotech Corp,name matches,https://www.gurufocus.com/stock/LEGN/summary
4947,OK,SHSE,603501,SHSE:603501,OmniVision Integrated Circuits Group Inc,OmniVision Integrated Circuits Group Inc,name matches,https://www.gurufocus.com/stock/SHSE:603501/summary
4948,OK,XKRX,032640,XKRX:032640,LG UPLUS CORP,LG Uplus Corp,name matches,https://www.gurufocus.com/stock/XKRX:032640/summary
4949,OK,SZSE,002460,SZSE:002460,Ganfeng Lithium Group Co Ltd,Ganfeng Lithium Group Co Ltd,name matches,https://www.gurufocus.com/stock/SZSE:002460/summary
4950,OK,PHS,TEL,PHS:TEL,PLDT INC,PLDT Inc,name matches,https://www.gurufocus.com/stock/PHS:TEL/summary
4951,OK,SHSE,601006,SHSE:601006,Daqin Railway Co Ltd,Daqin Railway Co Ltd,name matches,https://www.gurufocus.com/stock/SHSE:601006/summary
4952,OK,SAU,4263,SAU:4263,SAL Saudi Logistics Services Co,SAL Saudi Logistics Services Co,name matches,https://www.gurufocus.com/stock/SAU:4263/summary
4953,OK,SHSE,600160,SHSE:600160,Zhejiang Juhua Co Ltd,Zhejiang Juhua Co Ltd,name matches,https://www.gurufocus.com/stock/SHSE:600160/summary
4954,OK,SHSE,688271,SHSE:688271,Shanghai United Imaging Healthcare Co Ltd,Shanghai United Imaging Healthcare Co Ltd,name matches,https://www.gurufocus.com/stock/SHSE:688271/summary
4955,OK,SHSE,600104,SHSE:600104,SAIC Motor Corp Ltd,SAIC Motor Corp Ltd,name matches,https://www.gurufocus.com/stock/SHSE:600104/summary
4956,OK,SZSE,000876,SZSE:000876,New Hope Liuhe Co Ltd,New Hope Liuhe Co Ltd,name matches,https://www.gurufocus.com/stock/SZSE:000876/summary
4957,OK,SHSE,601127,SHSE:601127,Seres Group Co Ltd,Seres Group Co Ltd,name matches,https://www.gurufocus.com/stock/SHSE:601127/summary
4958,OK,IST,FROTO,IST:FROTO,Ford Otomotiv Sanayi AS,Ford Otomotiv Sanayi AS,name matches,https://www.gurufocus.com/stock/IST:FROTO/summary
4959,OK,HKSE,01066,HKSE:01066,Shandong Weigao Group Medical Polymer Co Ltd,Shandong Weigao Group Medical Polymer Co Ltd,name matches,https://www.gurufocus.com/stock/HKSE:01066/summary
4960,OK,SHSE,600690,SHSE:600690,Haier Smart Home Co Ltd,Haier Smart Home Co Ltd,name matches,https://www.gurufocus.com/stock/SHSE:600690/summary
4961,OK,HKSE,09899,HKSE:09899,NETEASE CLOUD MUSIC INC,NetEase Cloud Music Inc,name matches,https://www.gurufocus.com/stock/HKSE:09899/summary
4962,OK,SHSE,600085,SHSE:600085,Beijing Tongrentang Co Ltd,Beijing Tongrentang Co Ltd,name matches,https://www.gurufocus.com/stock/SHSE:600085/summary
4963,OK,SHSE,600893,SHSE:600893,AECC Aviation Power Co Ltd,AECC Aviation Power Co Ltd,name matches,https://www.gurufocus.com/stock/SHSE:600893/summary
4964,OK,HKSE,02367,HKSE:02367,Giant Biogene Holding Co Ltd,Giant Biogene Holding Co Ltd,name matches,https://www.gurufocus.com/stock/HKSE:02367/summary
4965,OK,SZSE,002304,SZSE:002304,Jiangsu Yanghe Distillery Co Ltd,Jiangsu Yanghe Distillery Co Ltd,name matches,https://www.gurufocus.com/stock/SZSE:002304/summary
4966,OK,HKSE,02799,HKSE:02799,China CITIC Financial Asset Management Co Ltd,China CITIC Financial Asset Management Co Ltd,name matches,https://www.gurufocus.com/stock/HKSE:02799/summary
4967,OK,SZSE,000596,SZSE:000596,Anhui Gujing Distillery Co Ltd,Anhui Gujing Distillery Co Ltd,name matches,https://www.gurufocus.com/stock/SZSE:000596/summary
4968,OK,SZSE,300124,SZSE:300124,Shenzhen Inovance Technology Co Ltd,Shenzhen Inovance Technology Co Ltd,name matches,https://www.gurufocus.com/stock/SZSE:300124/summary
4969,OK,SHSE,600547,SHSE:600547,Shandong Gold Mining Co Ltd,Shandong Gold Mining Co Ltd,name matches,https://www.gurufocus.com/stock/SHSE:600547/summary
4970,OK,SZSE,000625,SZSE:000625,Chongqing Changan Automobile Co Ltd,Chongqing Changan Automobile Co Ltd,name matches,https://www.gurufocus.com/stock/SZSE:000625/summary
4971,OK,SHSE,600673,SHSE:600673,Guangdong HEC Technology Holding Co Ltd,Guangdong HEC Technology Holding Co Ltd,name matches,https://www.gurufocus.com/stock/SHSE:600673/summary
4972,OK,TPE,2633,TPE:2633,TAIWAN HIGH SPEED RAIL CORP,Taiwan High Speed Rail Corp,name matches,https://www.gurufocus.com/stock/TPE:2633/summary
4973,OK,XKLS,6888,XKLS:6888,Axiata Group Bhd,Axiata Group Bhd,name matches,https://www.gurufocus.com/stock/XKLS:6888/summary
4974,OK,SZSE,001979,SZSE:001979,China Merchants Shekou Industrial Zone Holdings Co Ltd,China Merchants Shekou Industrial Zone Holdings Co Ltd,name matches,https://www.gurufocus.com/stock/SZSE:001979/summary
4975,OK,SZSE,000002,SZSE:000002,China Vanke Co Ltd,China Vanke Co Ltd,name matches,https://www.gurufocus.com/stock/SZSE:000002/summary
4976,OK,SHSE,688578,SHSE:688578,Shanghai Allist Pharmaceuticals Co Ltd,Shanghai Allist Pharmaceuticals Co Ltd,name matches,https://www.gurufocus.com/stock/SHSE:688578/summary
4977,OK,SHSE,688617,SHSE:688617,APT Medical Inc,APT Medical Inc,name matches,https://www.gurufocus.com/stock/SHSE:688617/summary
4979,RESTRICTED,LSE,NMC,LSE:NMC,NMC HEALTH PLC,,403 unsubscribed/restricted region,https://www.gurufocus.com/stock/LSE:NMC/summary
4980,RESTRICTED,LSE,PHOR,LSE:PHOR,PJSC PHOSAGRO GDR,,403 unsubscribed/restricted region,https://www.gurufocus.com/stock/LSE:PHOR/summary
4981,OK,XTER,2GB,XTER:2GB,2G Energy AG,2G Energy AG,name matches,https://www.gurufocus.com/stock/XTER:2GB/summary
4982,OK,MIL,A2A,MIL:A2A,A2A SpA,A2A SpA,name matches,https://www.gurufocus.com/stock/MIL:A2A/summary
4983,OK,NYSE,ACAD,ACAD,ACADIA Pharmaceuticals Inc,ACADIA Pharmaceuticals Inc,name matches,https://www.gurufocus.com/stock/ACAD/summary
4984,OK,NYSE,AES,AES,The AES Corp,The AES Corp,name matches,https://www.gurufocus.com/stock/AES/summary
4985,OK,NYSE,APA,APA,APA Corp,APA Corp,name matches,https://www.gurufocus.com/stock/APA/summary
4986,OK,XSWX,ARYN,XSWX:ARYN,ARYZTA AG,Aryzta AG,name matches,https://www.gurufocus.com/stock/XSWX:ARYN/summary
4987,OK,HKSE,00522,HKSE:00522,ASMPT Ltd,ASMPT Ltd,name matches,https://www.gurufocus.com/stock/HKSE:00522/summary
4988,OK,NYSE,ATI,ATI,ATI Inc,ATI Inc,name matches,https://www.gurufocus.com/stock/ATI/summary
4989,OK,NYSE,ANF,ANF,Abercrombie & Fitch Co,Abercrombie & Fitch Co,name matches,https://www.gurufocus.com/stock/ANF/summary
4990,OK,XSWX,ACLN,XSWX:ACLN,Accelleron Industries AG,Accelleron Industries AG,name matches,https://www.gurufocus.com/stock/XSWX:ACLN/summary
4991,OK,XMAD,ACX,XMAD:ACX,Acerinox SA,Acerinox SA,name matches,https://www.gurufocus.com/stock/XMAD:ACX/summary
4992,OK,XBRU,ACKB,XBRU:ACKB,Ackermans & van Haaren NV,Ackermans & Van Haaren NV,name matches,https://www.gurufocus.com/stock/XBRU:ACKB/summary
4993,OK,XSWX,ADEN,XSWX:ADEN,Adecco Group AG,Adecco Group AG,name matches,https://www.gurufocus.com/stock/XSWX:ADEN/summary
4994,OK,NYSE,ADNT,ADNT,Adient PLC,Adient PLC,name matches,https://www.gurufocus.com/stock/ADNT/summary
4995,OK,NYSE,AAP,AAP,Advance Auto Parts Inc,Advance Auto Parts Inc,name matches,https://www.gurufocus.com/stock/AAP/summary
4996,OK,NYSE,WMS,WMS,Advanced Drainage Systems Inc,Advanced Drainage Systems Inc,name matches,https://www.gurufocus.com/stock/WMS/summary
4997,OK,NYSE,AVAV,AVAV,"AeroVironment, Inc.",AeroVironment Inc,name matches,https://www.gurufocus.com/stock/AVAV/summary
4998,OK,NYSE,AMG,AMG,Affiliated Managers Group Inc,Affiliated Managers Group Inc,name matches,https://www.gurufocus.com/stock/AMG/summary
4999,OK,NYSE,AGCO,AGCO,Agco Corp,AGCO Corp,name matches,https://www.gurufocus.com/stock/AGCO/summary
5000,RESTRICTED,TSX,AEM,TSX:AEM,Agnico Eagle Mines Ltd,,403 unsubscribed/restricted region,https://www.gurufocus.com/stock/TSX:AEM/summary
5001,OK,XPAR,AF,XPAR:AF,Air France-KLM,Air France-KLM,name matches,https://www.gurufocus.com/stock/XPAR:AF/summary
5002,OK,NYSE,AKAM,AKAM,Akamai Technologies Inc,Akamai Technologies Inc,name matches,https://www.gurufocus.com/stock/AKAM/summary
5003,OK,NYSE,ALK,ALK,Alaska Air Group Inc,Alaska Air Group Inc,name matches,https://www.gurufocus.com/stock/ALK/summary
5004,OK,NYSE,ALB,ALB,Albemarle Corp,Albemarle Corp,name matches,https://www.gurufocus.com/stock/ALB/summary
5005,OK,NYSE,ACI,ACI,Albertsons Companies Inc,Albertsons Companies Inc,name matches,https://www.gurufocus.com/stock/ACI/summary
5006,OK,NYSE,AA,AA,Alcoa Corp,Alcoa Corp,name matches,https://www.gurufocus.com/stock/AA/summary
5007,OK,NYSE,ALGN,ALGN,Align Technology Inc,Align Technology Inc,name matches,https://www.gurufocus.com/stock/ALGN/summary
5008,OK,NYSE,ALKS,ALKS,Alkermes Plc,Alkermes PLC,name matches,https://www.gurufocus.com/stock/ALKS/summary
5009,OK,NYSE,ALLY,ALLY,Ally Financial Inc,Ally Financial Inc,name matches,https://www.gurufocus.com/stock/ALLY/summary
5010,OK,NYSE,AMR,AMR,Alpha Metallurgical Resources Inc,Alpha Metallurgical Resources Inc,name matches,https://www.gurufocus.com/stock/AMR/summary
5011,OK,NYSE,AMBA,AMBA,Ambarella Inc,Ambarella Inc,name matches,https://www.gurufocus.com/stock/AMBA/summary
5012,OK,NYSE,AEO,AEO,American Eagle Outfitters Inc,American Eagle Outfitters Inc,name matches,https://www.gurufocus.com/stock/AEO/summary
5013,OK,NYSE,AFG,AFG,American Financial Group Inc,American Financial Group Inc,name matches,https://www.gurufocus.com/stock/AFG/summary
5014,OK,NYSE,AMWL,AMWL,American Well Corp,American Well Corp,name matches,https://www.gurufocus.com/stock/AMWL/summary
5015,OK,NYSE,AMKR,AMKR,Amkor Technology Inc,Amkor Technology Inc,name matches,https://www.gurufocus.com/stock/AMKR/summary
5016,OK,NYSE,AU,AU,Anglogold Ashanti PLC,Anglogold Ashanti PLC,name matches,https://www.gurufocus.com/stock/AU/summary
5017,OK,NYSE,AR,AR,Antero Resources Corp,Antero Resources Corp,name matches,https://www.gurufocus.com/stock/AR/summary
5018,OK,NYSE,APLD,APLD,Applied Digital Corp,Applied Digital Corp,name matches,https://www.gurufocus.com/stock/APLD/summary
5019,OK,NYSE,AAOI,AAOI,Applied Optoelectronics Inc,Applied Optoelectronics Inc,name matches,https://www.gurufocus.com/stock/AAOI/summary
5020,OK,NYSE,ATR,ATR,Aptargroup Inc,AptarGroup Inc,name matches,https://www.gurufocus.com/stock/ATR/summary
5022,OK,NYSE,AGX,AGX,Argan Inc,Argan Inc,name matches,https://www.gurufocus.com/stock/AGX/summary
5023,OK,XPAR,AKE,XPAR:AKE,Arkema SA,Arkema SA,name matches,https://www.gurufocus.com/stock/XPAR:AKE/summary
5024,NOT_FOUND,LSE,0ADF,LSE:0ADF,Arm Holdings PLC - ADR,,404 stock not found,https://www.gurufocus.com/stock/LSE:0ADF/summary
5025,OK,NYSE,ARWR,ARWR,Arrowhead Pharmaceuticals Inc,Arrowhead Pharmaceuticals Inc,name matches,https://www.gurufocus.com/stock/ARWR/summary
5026,OK,NYSE,ASAN,ASAN,Asana Inc,Asana Inc,name matches,https://www.gurufocus.com/stock/ASAN/summary
5027,OK,XTER,NDA,XTER:NDA,Aurubis AG,Aurubis AG,name matches,https://www.gurufocus.com/stock/XTER:NDA/summary
5028,OK,NYSE,AN,AN,AutoNation Inc,AutoNation Inc,name matches,https://www.gurufocus.com/stock/AN/summary
5029,OK,NYSE,AVTR,AVTR,Avantor Inc,Avantor Inc,name matches,https://www.gurufocus.com/stock/AVTR/summary
5030,OK,MIL,AVIO,MIL:AVIO,Avio SpA,Avio SpA,name matches,https://www.gurufocus.com/stock/MIL:AVIO/summary
5031,OK,NYSE,CAR,CAR,Avis Budget Group Inc,Avis Budget Group Inc,name matches,https://www.gurufocus.com/stock/CAR/summary
5032,OK,NYSE,AXSM,AXSM,Axsome Therapeutics Inc,Axsome Therapeutics Inc,name matches,https://www.gurufocus.com/stock/AXSM/summary
5033,RESTRICTED,TSX,AYA,TSX:AYA,Aya Gold & Silver Inc,,403 unsubscribed/restricted region,https://www.gurufocus.com/stock/TSX:AYA/summary
5034,OK,NYSE,AZTA,AZTA,Azenta Inc,Azenta Inc,name matches,https://www.gurufocus.com/stock/AZTA/summary
5035,OK,MIL,AZM,MIL:AZM,Azimut Holding SpA,Azimut Holding SpA,name matches,https://www.gurufocus.com/stock/MIL:AZM/summary
5036,OK,XSWX,BANB,XSWX:BANB,BACHEM HOLDING AG,Bachem Holding AG,name matches,https://www.gurufocus.com/stock/XSWX:BANB/summary
5039,OK,NYSE,BILL,BILL,BILL Holdings Inc,BILL Holdings Inc,name matches,https://www.gurufocus.com/stock/BILL/summary
5040,OK,NYSE,BJ,BJ,BJ's Wholesale Club Holdings Inc,BJ's Wholesale Club Holdings Inc,name matches,https://www.gurufocus.com/stock/BJ/summary
5041,NOT_FOUND,LSE,0HKP,LSE:0HKP,BP PLC (ADR),,404 stock not found,https://www.gurufocus.com/stock/LSE:0HKP/summary
5042,OK,NYSE,BWXT,BWXT,BWX Technologies Inc,BWX Technologies Inc,name matches,https://www.gurufocus.com/stock/BWXT/summary
5043,OK,NYSE,BXP,BXP,BXP Inc,BXP Inc,name matches,https://www.gurufocus.com/stock/BXP/summary
5045,RESTRICTED,TSX,BLDP,TSX:BLDP,Ballard Power Systems Inc,,403 unsubscribed/restricted region,https://www.gurufocus.com/stock/TSX:BLDP/summary
5046,RESTRICTED,TSX,BMO,TSX:BMO,Bank of Montreal,,403 unsubscribed/restricted region,https://www.gurufocus.com/stock/TSX:BMO/summary
5048,RESTRICTED,TSX,BNS,TSX:BNS,Bank of Nova Scotia,,403 unsubscribed/restricted region,https://www.gurufocus.com/stock/TSX:BNS/summary
5049,RESTRICTED,TSX,ABX,TSX:ABX,Barrick Mining Corp (USA),,403 unsubscribed/restricted region,https://www.gurufocus.com/stock/TSX:ABX/summary
5050,OK,NYSE,BBWI,BBWI,Bath & Body Works Inc,Bath & Body Works Inc,name matches,https://www.gurufocus.com/stock/BBWI/summary
5051,RESTRICTED,TSX,BHC,TSX:BHC,Bausch Health Companies Inc,,403 unsubscribed/restricted region,https://www.gurufocus.com/stock/TSX:BHC/summary
5052,OK,NYSE,BAX,BAX,Baxter International Inc,Baxter International Inc,name matches,https://www.gurufocus.com/stock/BAX/summary
5053,OK,NYSE,BEAM,BEAM,Beam Therapeutics Inc,Beam Therapeutics Inc,name matches,https://www.gurufocus.com/stock/BEAM/summary
5054,OK,NYSE,BRBR,BRBR,Bellring Brands Inc,BellRing Brands Inc,name matches,https://www.gurufocus.com/stock/BRBR/summary
5056,OK,XSWX,BEKN,XSWX:BEKN,Berner Kantonalbank AG,Berner Kantonalbank AG,name matches,https://www.gurufocus.com/stock/XSWX:BEKN/summary
5057,OK,NYSE,BYND,BYND,Beyond Meat Inc,Beyond Meat Inc,name matches,https://www.gurufocus.com/stock/BYND/summary
5058,OK,NYSE,BILI,BILI,Bilibili Inc,Bilibili Inc,name matches,https://www.gurufocus.com/stock/BILI/summary
5059,OK,XTER,22UA,XTER:22UA,BioNTech SE,BioNTech SE,name matches,https://www.gurufocus.com/stock/XTER:22UA/summary
5060,OK,NYSE,BHVN,BHVN,Biohaven Ltd,Biohaven Ltd,name matches,https://www.gurufocus.com/stock/BHVN/summary
5061,OK,NYSE,BMRN,BMRN,Biomarin Pharmaceutical Inc,BioMarin Pharmaceutical Inc,name matches,https://www.gurufocus.com/stock/BMRN/summary
5062,OK,NYSE,BTDR,BTDR,Bitdeer Technologies Group,Bitdeer Technologies Group,name matches,https://www.gurufocus.com/stock/BTDR/summary
5063,OK,NYSE,BMNR,BMNR,Bitmine Immersion Technologies Inc,BitMine Immersion Technologies Inc,name matches,https://www.gurufocus.com/stock/BMNR/summary
5065,OK,NYSE,BL,BL,Blackline Inc,BlackLine Inc,name matches,https://www.gurufocus.com/stock/BL/summary
5066,OK,NYSE,OWL,OWL,Blue Owl Capital Inc,Blue Owl Capital Inc,name matches,https://www.gurufocus.com/stock/OWL/summary
5067,OK,NYSE,BAH,BAH,Booz Allen Hamilton Holding Corp,Booz Allen Hamilton Holding Corp,name matches,https://www.gurufocus.com/stock/BAH/summary
5068,OK,MIL,BRE,MIL:BRE,Brembo NV,Brembo NV,name matches,https://www.gurufocus.com/stock/MIL:BRE/summary
5069,OK,NYSE,BBIO,BBIO,BridgeBio Pharma Inc,BridgeBio Pharma Inc,name matches,https://www.gurufocus.com/stock/BBIO/summary
5070,OK,NYSE,BHF,BHF,Brighthouse Financial Inc,Brighthouse Financial Inc,name matches,https://www.gurufocus.com/stock/BHF/summary
5071,OK,NYSE,BF.B,BF.B,Brown-Forman Corp,Brown-Forman Corp,name matches,https://www.gurufocus.com/stock/BF.B/summary
5072,OK,NYSE,BRKR,BRKR,Bruker Corp,Bruker Corp,name matches,https://www.gurufocus.com/stock/BRKR/summary
5073,OK,NYSE,AS,AS,Amer Sports Inc,Amer Sports Inc,name matches,https://www.gurufocus.com/stock/AS/summary
5074,OK,NYSE,BUD,BUD,Anheuser-Busch InBev SA/NV,Anheuser-Busch InBev SA/NV,name matches,https://www.gurufocus.com/stock/BUD/summary
5075,OK,NYSE,ASND,ASND,Ascendis Pharma A/S,Ascendis Pharma AS,name matches,https://www.gurufocus.com/stock/ASND/summary
5076,OK,NYSE,BHP,BHP,BHP Group Ltd,BHP Group Ltd,name matches,https://www.gurufocus.com/stock/BHP/summary
5078,OK,NYSE,BBD,BBD,Bank Bradesco SA,Bank Bradesco SA,name matches,https://www.gurufocus.com/stock/BBD/summary
5079,OK,NYSE,BIRK,BIRK,Birkenstock Holding PLC,Birkenstock Holding PLC,name matches,https://www.gurufocus.com/stock/BIRK/summary
5080,OK,MIL,BC,MIL:BC,Brunello Cucinelli SpA,Brunello Cucinelli SpA,name matches,https://www.gurufocus.com/stock/MIL:BC/summary
5081,OK,XSWX,BUCN,XSWX:BUCN,Bucher Industries AG,Bucher Industries AG,name matches,https://www.gurufocus.com/stock/XSWX:BUCN/summary
5082,OK,HKSE,01876,HKSE:01876,Budweiser Brewing Co APAC Ltd,Budweiser Brewing Co APAC Ltd,name matches,https://www.gurufocus.com/stock/HKSE:01876/summary
5083,OK,NYSE,BLSH,BLSH,Bullish,Bullish,name matches,https://www.gurufocus.com/stock/BLSH/summary
5084,RESTRICTED,LSE,BRBY,LSE:BRBY,Burberry Group plc,,403 unsubscribed/restricted region,https://www.gurufocus.com/stock/LSE:BRBY/summary
5085,OK,XSWX,BCHN,XSWX:BCHN,Burckhardt Compression Holding AG,Burckhardt Compression Holding AG,name matches,https://www.gurufocus.com/stock/XSWX:BCHN/summary
5086,OK,NYSE,CAVA,CAVA,CAVA Group Inc,Cava Group Inc,name matches,https://www.gurufocus.com/stock/CAVA/summary
5087,OK,HKSE,00883,HKSE:00883,CNOOC Ltd,CNOOC Ltd,name matches,https://www.gurufocus.com/stock/HKSE:00883/summary
5088,OK,NYSE,CZR,CZR,Caesars Entertainment Inc,Caesars Entertainment Inc,name matches,https://www.gurufocus.com/stock/CZR/summary
5089,OK,NYSE,CALM,CALM,Cal-Maine Foods Inc,Cal-Maine Foods Inc,name matches,https://www.gurufocus.com/stock/CALM/summary
5090,OK,NYSE,CRC,CRC,California Resources Corp,California Resources Corp,name matches,https://www.gurufocus.com/stock/CRC/summary
5091,RESTRICTED,TSX,CCO,TSX:CCO,Cameco Corp (USA),,403 unsubscribed/restricted region,https://www.gurufocus.com/stock/TSX:CCO/summary
5093,OK,NYSE,CPB,CPB,The Campbell's Co,The Campbell's Co,name matches,https://www.gurufocus.com/stock/CPB/summary
5095,RESTRICTED,TSX,CNQ,TSX:CNQ,Canadian Natural Resources Ltd (USA),,403 unsubscribed/restricted region,https://www.gurufocus.com/stock/TSX:CNQ/summary
5096,OK,NYSE,CTRE,CTRE,Caretrust REIT Inc,CareTrust REIT Inc,name matches,https://www.gurufocus.com/stock/CTRE/summary
5097,OK,NYSE,KMX,KMX,Carmax Inc,CarMax Inc,name matches,https://www.gurufocus.com/stock/KMX/summary
5098,OK,XPAR,CO,XPAR:CO,Casino Guichard Perrachon SA,Casino Guichard-Perrachon SA,name matches,https://www.gurufocus.com/stock/XPAR:CO/summary
5099,OK,OSL,CAVEN,OSL:CAVEN,Cavendish Hydrogen ASA,Cavendish Hydrogen ASA,name matches,https://www.gurufocus.com/stock/OSL:CAVEN/summary
5100,OK,NYSE,CE,CE,Celanese Corp,Celanese Corp,name matches,https://www.gurufocus.com/stock/CE/summary
5101,RESTRICTED,TSX,CLS,TSX:CLS,Celestica Inc,,403 unsubscribed/restricted region,https://www.gurufocus.com/stock/TSX:CLS/summary
5102,OK,NYSE,CELH,CELH,Celsius Holdings Inc,Celsius Holdings Inc,name matches,https://www.gurufocus.com/stock/CELH/summary
5103,OK,XSWX,CMBN,XSWX:CMBN,Cembra Money Bank AG,Cembra Money Bank AG,name matches,https://www.gurufocus.com/stock/XSWX:CMBN/summary
5104,RESTRICTED,TSX,CVE,TSX:CVE,Cenovus Energy Incorporation (US),,403 unsubscribed/restricted region,https://www.gurufocus.com/stock/TSX:CVE/summary
5105,OK,NYSE,CENX,CENX,Century Aluminum Co,Century Aluminum Co,name matches,https://www.gurufocus.com/stock/CENX/summary
5106,OK,NASDAQ,CBRS,CBRS,Cerebras Systems Inc,Cerebras Systems Inc,name matches,https://www.gurufocus.com/stock/CBRS/summary
5107,RESTRICTED,LSE,CWR,LSE:CWR,Ceres Power Holdings plc,,403 unsubscribed/restricted region,https://www.gurufocus.com/stock/LSE:CWR/summary
5109,OK,NYSE,GTLS,GTLS,Chart Industries Inc,Chart Industries Inc,name matches,https://www.gurufocus.com/stock/GTLS/summary
5110,OK,NYSE,CC,CC,The Chemours Co,The Chemours Co,name matches,https://www.gurufocus.com/stock/CC/summary
5111,OK,NYSE,CHWY,CHWY,Chewy Inc,Chewy Inc,name matches,https://www.gurufocus.com/stock/CHWY/summary
5113,OK,HKSE,01055,HKSE:01055,China Southern Airlines Co Ltd,China Southern Airlines Co Ltd,name matches,https://www.gurufocus.com/stock/HKSE:01055/summary
5114,OK,HKSE,00728,HKSE:00728,China Telecom Corp Ltd,China Telecom Corp Ltd,name matches,https://www.gurufocus.com/stock/HKSE:00728/summary
5115,OK,HKSE,01880,HKSE:01880,China Tourism Group Duty Free Corp Ltd,China Tourism Group Duty Free Corp Ltd,name matches,https://www.gurufocus.com/stock/HKSE:01880/summary
5116,OK,HKSE,00762,HKSE:00762,China Unicom Hong Kong Ltd,China Unicom (Hong Kong) Ltd,name matches,https://www.gurufocus.com/stock/HKSE:00762/summary
5117,OK,HKSE,00354,HKSE:00354,Chinasoft International Ltd,Chinasoft International Ltd,name matches,https://www.gurufocus.com/stock/HKSE:00354/summary
5118,OK,NYSE,CRCL,CRCL,Circle Internet Group Inc,Circle Internet Group Inc,name matches,https://www.gurufocus.com/stock/CRCL/summary
5119,OK,XSWX,CLN,XSWX:CLN,Clariant AG,Clariant AG,name matches,https://www.gurufocus.com/stock/XSWX:CLN/summary
5120,OK,NYSE,CLH,CLH,Clean Harbors Inc,Clean Harbors Inc,name matches,https://www.gurufocus.com/stock/CLH/summary
5121,OK,NYSE,CLF,CLF,Cleveland-Cliffs Inc,Cleveland-Cliffs Inc,name matches,https://www.gurufocus.com/stock/CLF/summary
5122,OK,NYSE,CGNX,CGNX,Cognex Corp,Cognex Corp,name matches,https://www.gurufocus.com/stock/CGNX/summary
5123,OK,XSWX,COTN,XSWX:COTN,Comet Holding AG,Comet Holding AG,name matches,https://www.gurufocus.com/stock/XSWX:COTN/summary
5124,OK,NYSE,CAG,CAG,Conagra Brands Inc,Conagra Brands Inc,name matches,https://www.gurufocus.com/stock/CAG/summary
5125,OK,HKSE,03750,HKSE:03750,Contemporary Amperex Technology Co Ltd,Contemporary Amperex Technology Co Ltd,name matches,https://www.gurufocus.com/stock/HKSE:03750/summary
5126,OK,NYSE,CPA,CPA,"Copa Holdings, S.A.",Copa Holdings SA,name matches,https://www.gurufocus.com/stock/CPA/summary
5127,OK,NYSE,CNM,CNM,Core & Main Inc,Core & Main Inc,name matches,https://www.gurufocus.com/stock/CNM/summary
5128,OK,NYSE,COTY,COTY,Coty Inc,Coty Inc,name matches,https://www.gurufocus.com/stock/COTY/summary
5129,OK,NYSE,CPNG,CPNG,Coupang Inc,Coupang Inc,name matches,https://www.gurufocus.com/stock/CPNG/summary
5131,OK,HKSE,01415,HKSE:01415,Cowell E Holdings Inc,Cowell e Holdings Inc,name matches,https://www.gurufocus.com/stock/HKSE:01415/summary
5132,OK,NYSE,CACC,CACC,Credit Acceptance Corp,Credit Acceptance Corp,name matches,https://www.gurufocus.com/stock/CACC/summary
5133,OK,NASDAQ,CRSP,CRSP,Crispr Therapeutics AG,CRISPR Therapeutics AG,name matches,https://www.gurufocus.com/stock/CRSP/summary
5134,OK,NYSE,CROX,CROX,Crocs Inc,Crocs Inc,name matches,https://www.gurufocus.com/stock/CROX/summary
5135,OK,NYSE,CCK,CCK,Crown Holdings Inc,Crown Holdings Inc,name matches,https://www.gurufocus.com/stock/CCK/summary
5137,OK,NYSE,QBTS,QBTS,D-Wave Quantum Inc,D-Wave Quantum Inc,name matches,https://www.gurufocus.com/stock/QBTS/summary
5138,OK,XSWX,DKSH,XSWX:DKSH,DKSH Holding Ltd,DKSH Holding Ltd,name matches,https://www.gurufocus.com/stock/XSWX:DKSH/summary
5139,OK,NYSE,DQ,DQ,Daqo New Energy Corp,Daqo New Energy Corp,name matches,https://www.gurufocus.com/stock/DQ/summary
5140,OK,NYSE,DAR,DAR,Darling Ingredients Inc,Darling Ingredients Inc,name matches,https://www.gurufocus.com/stock/DAR/summary
5141,OK,NYSE,PLAY,PLAY,Dave & Buster's Entertainment Inc,Dave & Buster's Entertainment Inc,name matches,https://www.gurufocus.com/stock/PLAY/summary
5142,OK,NYSE,DVA,DVA,Davita Inc,DaVita Inc,name matches,https://www.gurufocus.com/stock/DVA/summary
5143,OK,TSE,4324,TSE:4324,Dentsu Group Inc,Dentsu Group Inc,name matches,https://www.gurufocus.com/stock/TSE:4324/summary
5145,RESTRICTED,LSE,DGED,LSE:DGED,Diageo PLC (ADR),,403 unsubscribed/restricted region,https://www.gurufocus.com/stock/LSE:DGED/summary
5146,OK,NYSE,DOCN,DOCN,DigitalOcean Holdings Inc,DigitalOcean Holdings Inc,name matches,https://www.gurufocus.com/stock/DOCN/summary
5147,OK,XSWX,DOCM,XSWX:DOCM,DocMorris AG,DocMorris AG,name matches,https://www.gurufocus.com/stock/XSWX:DOCM/summary
5148,OK,NYSE,DOCU,DOCU,Docusign Inc,Docusign Inc,name matches,https://www.gurufocus.com/stock/DOCU/summary
5149,OK,HKSE,00189,HKSE:00189,Dongyue Group Ltd,Dongyue Group Ltd,name matches,https://www.gurufocus.com/stock/HKSE:00189/summary
5150,OK,XKRX,336260,XKRX:336260,Doosan Fuel Cell,Doosan Fuel Cell,name matches,https://www.gurufocus.com/stock/XKRX:336260/summary
5151,OK,NYSE,LPG,LPG,Dorian LPG Ltd,Dorian LPG Ltd,name matches,https://www.gurufocus.com/stock/LPG/summary
5152,OK,XSWX,DOKA,XSWX:DOKA,Dormakaba Holding AG,dorma+kaba Holding AG,name matches,https://www.gurufocus.com/stock/XSWX:DOKA/summary
5153,OK,NYSE,DV,DV,DoubleVerify Holdings Inc,DoubleVerify Holdings Inc,name matches,https://www.gurufocus.com/stock/DV/summary
5154,OK,NYSE,DOCS,DOCS,Doximity Inc,Doximity Inc,name matches,https://www.gurufocus.com/stock/DOCS/summary
5155,RESTRICTED,LSE,DRX,LSE:DRX,Drax Group Plc,,403 unsubscribed/restricted region,https://www.gurufocus.com/stock/LSE:DRX/summary
5156,OK,NYSE,DBX,DBX,Dropbox Inc,Dropbox Inc,name matches,https://www.gurufocus.com/stock/DBX/summary
5157,OK,NYSE,DUOL,DUOL,Duolingo Inc,Duolingo Inc,name matches,https://www.gurufocus.com/stock/DUOL/summary
5158,OK,NYSE,BROS,BROS,Dutch Bros Inc,Dutch Bros Inc,name matches,https://www.gurufocus.com/stock/BROS/summary
5159,OK,NYSE,DT,DT,"Dynatrace, Inc",Dynatrace Inc,name matches,https://www.gurufocus.com/stock/DT/summary
5160,OK,XSWX,EFGN,XSWX:EFGN,EFG International AG,EFG International AG,name matches,https://www.gurufocus.com/stock/XSWX:EFGN/summary
5162,OK,NYSE,EPAM,EPAM,EPAM Systems Inc,EPAM Systems Inc,name matches,https://www.gurufocus.com/stock/EPAM/summary
5163,OK,MIL,ERG,MIL:ERG,ERG SpA,ERG SpA,name matches,https://www.gurufocus.com/stock/MIL:ERG/summary
5164,OK,NYSE,EXP,EXP,Eagle Materials Inc,Eagle Materials Inc,name matches,https://www.gurufocus.com/stock/EXP/summary
5165,OK,HKSE,01797,HKSE:01797,East Buy Holding Ltd,East Buy Holding Ltd,name matches,https://www.gurufocus.com/stock/HKSE:01797/summary
5166,OK,NYSE,EMN,EMN,Eastman Chemical Co,Eastman Chemical Co,name matches,https://www.gurufocus.com/stock/EMN/summary
5167,OK,NYSE,ELAN,ELAN,Elanco Animal Health Inc,Elanco Animal Health Inc,name matches,https://www.gurufocus.com/stock/ELAN/summary
5168,RESTRICTED,TSX,ELD,TSX:ELD,Eldorado Gold Corp (USA),,403 unsubscribed/restricted region,https://www.gurufocus.com/stock/TSX:ELD/summary
5169,OK,XPAR,EMEIS,XPAR:EMEIS,Emeis,Emeis,name matches,https://www.gurufocus.com/stock/XPAR:EMEIS/summary
5170,RESTRICTED,TSX,ENB,TSX:ENB,Enbridge Inc (USA),,403 unsubscribed/restricted region,https://www.gurufocus.com/stock/TSX:ENB/summary
5171,OK,NYSE,EHC,EHC,Encompass Health Corp,Encompass Health Corp,name matches,https://www.gurufocus.com/stock/EHC/summary
5172,OK,NYSE,ENPH,ENPH,Enphase Energy Inc,Enphase Energy Inc,name matches,https://www.gurufocus.com/stock/ENPH/summary
5173,OK,XPAR,ERA,XPAR:ERA,Eramet SA,Eramet SA,name matches,https://www.gurufocus.com/stock/XPAR:ERA/summary
5174,OK,NYSE,CPRI,CPRI,Capri Holdings Ltd,Capri Holdings Ltd,name matches,https://www.gurufocus.com/stock/CPRI/summary
5175,OK,NYSE,SID,SID,Companhia Siderurgica Nacional,Companhia Siderurgica Nacional,name matches,https://www.gurufocus.com/stock/SID/summary
5177,OK,NYSE,ESTC,ESTC,Elastic NV,Elastic NV,name matches,https://www.gurufocus.com/stock/ESTC/summary
5178,OK,NYSE,EMBJ,EMBJ,Embraer SA,Embraer SA,name matches,https://www.gurufocus.com/stock/EMBJ/summary
5180,OK,WBO,EBS,WBO:EBS,Erste Group Bank AG,Erste Group Bank AG.,name matches,https://www.gurufocus.com/stock/WBO:EBS/summary
5181,OK,NYSE,WTRG,WTRG,Essential Utilities Inc,Essential Utilities Inc,name matches,https://www.gurufocus.com/stock/WTRG/summary
5182,OK,NYSE,ETSY,ETSY,Etsy Inc,Etsy Inc,name matches,https://www.gurufocus.com/stock/ETSY/summary
5183,OK,NYSE,EEFT,EEFT,Euronet Worldwide Inc,Euronet Worldwide Inc,name matches,https://www.gurufocus.com/stock/EEFT/summary
5184,OK,NYSE,EVR,EVR,Evercore Inc,Evercore Inc,name matches,https://www.gurufocus.com/stock/EVR/summary
5185,OK,NYSE,EVH,EVH,Evolent Health Inc,Evolent Health Inc,name matches,https://www.gurufocus.com/stock/EVH/summary
5186,OK,XTER,EVT,XTER:EVT,Evotec SE,Evotec SE,name matches,https://www.gurufocus.com/stock/XTER:EVT/summary
5187,OK,NYSE,EXEL,EXEL,Exelixis Inc,Exelixis Inc,name matches,https://www.gurufocus.com/stock/EXEL/summary
5188,OK,XPAR,EXENS,XPAR:EXENS,Exosens SA,Exosens SA,name matches,https://www.gurufocus.com/stock/XPAR:EXENS/summary
5189,OK,XPAR,FDJU,XPAR:FDJU,FDJ United,FDJ United,name matches,https://www.gurufocus.com/stock/XPAR:FDJU/summary
5190,OK,NYSE,FMC,FMC,FMC Corp,FMC Corp,name matches,https://www.gurufocus.com/stock/FMC/summary
5192,OK,NYSE,FSLY,FSLY,Fastly Inc,Fastly Inc,name matches,https://www.gurufocus.com/stock/FSLY/summary
5193,OK,NYSE,FIG,FIG,Figma Inc,Figma Inc,name matches,https://www.gurufocus.com/stock/FIG/summary
5194,OK,MIL,FCT,MIL:FCT,Fincantieri SpA,Fincantieri SpA,name matches,https://www.gurufocus.com/stock/MIL:FCT/summary
5195,OK,NYSE,FLY,FLY,Firefly Aerospace Inc,Firefly Aerospace Inc,name matches,https://www.gurufocus.com/stock/FLY/summary
5196,OK,NYSE,FIVE,FIVE,Five Below Inc,Five Below Inc,name matches,https://www.gurufocus.com/stock/FIVE/summary
5197,OK,NYSE,FIVN,FIVN,Five9 Inc,Five9 Inc,name matches,https://www.gurufocus.com/stock/FIVN/summary
5198,OK,NYSE,FND,FND,Floor & Decor Holdings Inc,Floor & Decor Holdings Inc,name matches,https://www.gurufocus.com/stock/FND/summary
5199,OK,NYSE,FLS,FLS,Flowserve Corp,Flowserve Corp,name matches,https://www.gurufocus.com/stock/FLS/summary
5200,OK,XSWX,FHZN,XSWX:FHZN,Flughafen Zuerich AG,Flughafen Zuerich AG,name matches,https://www.gurufocus.com/stock/XSWX:FHZN/summary
5201,OK,NYSE,FLR,FLR,Fluor Corp,Fluor Corp,name matches,https://www.gurufocus.com/stock/FLR/summary
5202,OK,NYSE,FLYW,FLYW,Flywire Corp,Flywire Corp,name matches,https://www.gurufocus.com/stock/FLYW/summary
5203,OK,XSWX,FORN,XSWX:FORN,Forbo Holding AG,Forbo Holding AG,name matches,https://www.gurufocus.com/stock/XSWX:FORN/summary
5204,OK,NYSE,FBIN,FBIN,Fortune Brands Innovations Inc,Fortune Brands Innovations Inc,name matches,https://www.gurufocus.com/stock/FBIN/summary
5205,OK,XPAR,FRVIA,XPAR:FRVIA,Forvia SE,Forvia SE,name matches,https://www.gurufocus.com/stock/XPAR:FRVIA/summary
5206,OK,NYSE,BEN,BEN,Franklin Resources Inc,Franklin Resources Inc,name matches,https://www.gurufocus.com/stock/BEN/summary
5207,OK,XTER,FRA,XTER:FRA,Fraport AG,Fraport AG,name matches,https://www.gurufocus.com/stock/XTER:FRA/summary
5208,OK,NYSE,FRPT,FRPT,Freshpet Inc,Freshpet Inc,name matches,https://www.gurufocus.com/stock/FRPT/summary
5209,OK,NYSE,FRSH,FRSH,Freshworks Inc,Freshworks Inc,name matches,https://www.gurufocus.com/stock/FRSH/summary
5210,OK,NYSE,FCEL,FCEL,FuelCell Energy Inc,FuelCell Energy Inc,name matches,https://www.gurufocus.com/stock/FCEL/summary
5211,OK,NYSE,FLGT,FLGT,Fulgent Genetics Inc,Fulgent Genetics Inc,name matches,https://www.gurufocus.com/stock/FLGT/summary
5212,OK,TSE,5801,TSE:5801,Furukawa Electric Co Ltd,Furukawa Electric Co Ltd,name matches,https://www.gurufocus.com/stock/TSE:5801/summary
5213,OK,TSE,6814,TSE:6814,Furuno Electric Co Ltd,Furuno Electric Co Ltd,name matches,https://www.gurufocus.com/stock/TSE:6814/summary
5214,OK,NYSE,GDS,GDS,GDS Holdings Ltd,GDS Holdings Ltd,name matches,https://www.gurufocus.com/stock/GDS/summary
5215,OK,OCSE,GN,OCSE:GN,GN Store Nord A/S,GN Store Nord AS,name matches,https://www.gurufocus.com/stock/OCSE:GN/summary
5216,OK,NYSE,GXO,GXO,GXO Logistics Inc,GXO Logistics Inc,name matches,https://www.gurufocus.com/stock/GXO/summary
5217,OK,NYSE,GLXY,GLXY,Galaxy Digital Inc,Galaxy Digital Inc,name matches,https://www.gurufocus.com/stock/GLXY/summary
5218,OK,XSWX,GALE,XSWX:GALE,Galenica Ltd,Galenica Ltd,name matches,https://www.gurufocus.com/stock/XSWX:GALE/summary
5219,OK,NYSE,GAP,GAP,Gap Inc,Gap Inc,name matches,https://www.gurufocus.com/stock/GAP/summary
5220,OK,NYSE,GNRC,GNRC,Generac Holdings Inc,Generac Holdings Inc,name matches,https://www.gurufocus.com/stock/GNRC/summary
5221,OK,XSWX,GF,XSWX:GF,Georg Fischer AG,Georg Fischer AG,name matches,https://www.gurufocus.com/stock/XSWX:GF/summary
5222,OK,XTER,GXI,XTER:GXI,Gerresheimer AG,Gerresheimer AG,name matches,https://www.gurufocus.com/stock/XTER:GXI/summary
5223,RESTRICTED,TSX,GIL,TSX:GIL,Gildan Activewear Inc (USA),,403 unsubscribed/restricted region,https://www.gurufocus.com/stock/TSX:GIL/summary
5224,OK,NYSE,GTLB,GTLB,Gitlab Inc,GitLab Inc,name matches,https://www.gurufocus.com/stock/GTLB/summary
5225,OK,NYSE,GLBE,GLBE,Global-E Online Ltd,Global E Online Ltd,name matches,https://www.gurufocus.com/stock/GLBE/summary
5226,OK,NYSE,GFS,GFS,Globalfoundries Inc,GLOBALFOUNDRIES Inc,name matches,https://www.gurufocus.com/stock/GFS/summary
5227,OK,NYSE,GLOB,GLOB,Globant SA,Globant SA,name matches,https://www.gurufocus.com/stock/GLOB/summary
5228,OK,NYSE,GL,GL,Globe Life Inc,Globe Life Inc,name matches,https://www.gurufocus.com/stock/GL/summary
5229,OK,NYSE,GMED,GMED,Globus Medical Inc,Globus Medical Inc,name matches,https://www.gurufocus.com/stock/GMED/summary
5230,OK,NASDAQ,GLNG,GLNG,Golar LNG Ltd,Golar LNG Ltd,name matches,https://www.gurufocus.com/stock/GLNG/summary
5231,RESTRICTED,ASX,GMG,ASX:GMG,Goodman Group,,403 unsubscribed/restricted region,https://www.gurufocus.com/stock/ASX:GMG/summary
5232,OK,NYSE,GT,GT,Goodyear Tire & Rubber Co,Goodyear Tire & Rubber Co,name matches,https://www.gurufocus.com/stock/GT/summary
5233,OK,NYSE,GSHD,GSHD,Goosehead Insurance Inc,Goosehead Insurance Inc,name matches,https://www.gurufocus.com/stock/GSHD/summary
5234,OK,NYSE,GRAL,GRAL,Grail Inc,GRAIL Inc,name matches,https://www.gurufocus.com/stock/GRAL/summary
5235,OK,NYSE,LOPE,LOPE,Grand Canyon Education Inc,Grand Canyon Education Inc,name matches,https://www.gurufocus.com/stock/LOPE/summary
5236,OK,NYSE,GPK,GPK,Graphic Packaging Holding Co,Graphic Packaging Holding Co,name matches,https://www.gurufocus.com/stock/GPK/summary
5237,OK,NYSE,GO,GO,Grocery Outlet Holding Corp,Grocery Outlet Holding Corp,name matches,https://www.gurufocus.com/stock/GO/summary
5238,OK,NYSE,GGAL,GGAL,Grupo Financiero Galicia SA,Grupo Financiero Galicia SA,name matches,https://www.gurufocus.com/stock/GGAL/summary
5239,OK,NYSE,GH,GH,Guardant Health Inc,Guardant Health Inc,name matches,https://www.gurufocus.com/stock/GH/summary
5240,OK,NYSE,GWRE,GWRE,Guidewire Software Inc,Guidewire Software Inc,name matches,https://www.gurufocus.com/stock/GWRE/summary
5241,OK,NYSE,HRB,HRB,H & R Block Inc,H&R Block Inc,name matches,https://www.gurufocus.com/stock/HRB/summary
5242,RESTRICTED,LSE,HPOW,LSE:HPOW,H-Power PLC,,403 unsubscribed/restricted region,https://www.gurufocus.com/stock/LSE:HPOW/summary
5243,OK,MIL,HER,MIL:HER,HERA SpA,Hera SpA,name matches,https://www.gurufocus.com/stock/MIL:HER/summary
5244,OK,NYSE,DINO,DINO,HF Sinclair Corp,HF Sinclair Corp,name matches,https://www.gurufocus.com/stock/DINO/summary
5245,OK,XTER,HBH,XTER:HBH,HORNBACH Holding AG and Co KGaA,HORNBACH Holding AG and Co KGaA,name matches,https://www.gurufocus.com/stock/XTER:HBH/summary
5247,OK,NYSE,HAE,HAE,Haemonetics Corp,Haemonetics Corp,name matches,https://www.gurufocus.com/stock/HAE/summary
5248,OK,HKSE,00101,HKSE:00101,Hang Lung Properties Ltd,Hang Lung Properties Ltd,name matches,https://www.gurufocus.com/stock/HKSE:00101/summary
5249,OK,NYSE,HOG,HOG,Harley-Davidson Inc,Harley-Davidson Inc,name matches,https://www.gurufocus.com/stock/HOG/summary
5250,OK,TSE,6324,TSE:6324,Harmonic Drive Systems Inc,Harmonic Drive Systems Inc,name matches,https://www.gurufocus.com/stock/TSE:6324/summary
5251,OK,NYSE,HAS,HAS,Hasbro Inc,Hasbro Inc,name matches,https://www.gurufocus.com/stock/HAS/summary
5252,OK,NYSE,HQY,HQY,Healthequity Inc,HealthEquity Inc,name matches,https://www.gurufocus.com/stock/HQY/summary
5253,OK,NYSE,HL,HL,Hecla Mining Co,Hecla Mining Co,name matches,https://www.gurufocus.com/stock/HL/summary
5254,OK,NYSE,HELE,HELE,Helen of Troy Ltd,Helen Of Troy Ltd,name matches,https://www.gurufocus.com/stock/HELE/summary
5255,OK,XTER,HFG,XTER:HFG,Hellofresh SE,HelloFresh SE,name matches,https://www.gurufocus.com/stock/XTER:HFG/summary
5256,OK,NYSE,HP,HP,Helmerich & Payne Inc,Helmerich & Payne Inc,name matches,https://www.gurufocus.com/stock/HP/summary
5257,OK,NYSE,HSIC,HSIC,Henry Schein Inc,Henry Schein Inc,name matches,https://www.gurufocus.com/stock/HSIC/summary
5258,OK,NYSE,HSAI,HSAI,Hesai Group,Hesai Group,name matches,https://www.gurufocus.com/stock/HSAI/summary
5259,OK,OSL,HEX,OSL:HEX,Hexagon Composites ASA,Hexagon Composites ASA,name matches,https://www.gurufocus.com/stock/OSL:HEX/summary
5260,OK,OSL,HPUR,OSL:HPUR,Hexagon Purus ASA,Hexagon Purus ASA,name matches,https://www.gurufocus.com/stock/OSL:HPUR/summary
5261,OK,NYSE,HGV,HGV,Hilton Grand Vacations Inc,Hilton Grand Vacations Inc,name matches,https://www.gurufocus.com/stock/HGV/summary
5262,OK,NYSE,HIMS,HIMS,Hims & Hers Health Inc,Hims & Hers Health Inc,name matches,https://www.gurufocus.com/stock/HIMS/summary
5263,OK,TSE,6305,TSE:6305,Hitachi Construction Machinery Co Ltd,Hitachi Construction Machinery Co Ltd,name matches,https://www.gurufocus.com/stock/TSE:6305/summary
5264,OK,NYSE,HST,HST,Host Hotels & Resorts Inc,Host Hotels & Resorts Inc,name matches,https://www.gurufocus.com/stock/HST/summary
5265,NOT_FOUND,XTER,SHX,XTER:SHX,Huadian Power International Corp Ltd,,404 stock not found,https://www.gurufocus.com/stock/XTER:SHX/summary
5266,OK,XSWX,HUBN,XSWX:HUBN,Huber+Suhner AG,Huber& Suhner AG,name matches,https://www.gurufocus.com/stock/XSWX:HUBN/summary
5267,OK,XTER,BOSS,XTER:BOSS,Hugo Boss AG,Hugo Boss AG,name matches,https://www.gurufocus.com/stock/XTER:BOSS/summary
5268,OK,NYSE,HII,HII,Huntington Ingalls Industries Inc,Huntington Ingalls Industries Inc,name matches,https://www.gurufocus.com/stock/HII/summary
5269,RESTRICTED,LSE,ICG,LSE:ICG,ICG PLC,,403 unsubscribed/restricted region,https://www.gurufocus.com/stock/LSE:ICG/summary
5270,OK,NYSE,ICLR,ICLR,ICON PLC,Icon PLC,name matches,https://www.gurufocus.com/stock/ICLR/summary
5271,RESTRICTED,LSE,ITM,LSE:ITM,ITM Power plc,,403 unsubscribed/restricted region,https://www.gurufocus.com/stock/LSE:ITM/summary
5272,OK,XPAR,ICAD,XPAR:ICAD,Icade,Icade,name matches,https://www.gurufocus.com/stock/XPAR:ICAD/summary
5273,OK,XSWX,IDIA,XSWX:IDIA,Idorsia Ltd,Idorsia Ltd,name matches,https://www.gurufocus.com/stock/XSWX:IDIA/summary
5276,OK,NYSE,GFI,GFI,Gold Fields Ltd,Gold Fields Ltd,name matches,https://www.gurufocus.com/stock/GFI/summary
5277,OK,NYSE,HDB,HDB,HDFC Bank Ltd,HDFC Bank Ltd,name matches,https://www.gurufocus.com/stock/HDB/summary
5279,OK,NYSE,IBN,IBN,ICICI Bank Ltd,ICICI Bank Ltd,name matches,https://www.gurufocus.com/stock/IBN/summary
5280,OK,XPAR,NK,XPAR:NK,Imerys,Imerys,name matches,https://www.gurufocus.com/stock/XPAR:NK/summary
5281,OK,MIL,INW,MIL:INW,Infrastrutture Wireless Italiane SpA,Infrastrutture Wireless Italiane SpA,name matches,https://www.gurufocus.com/stock/MIL:INW/summary
5282,OK,NYSE,INGR,INGR,Ingredion Inc,Ingredion Inc,name matches,https://www.gurufocus.com/stock/INGR/summary
5283,OK,NYSE,INMD,INMD,Inmode Ltd,InMode Ltd,name matches,https://www.gurufocus.com/stock/INMD/summary
5284,OK,NYSE,INSP,INSP,Inspire Medical Systems Inc,Inspire Medical Systems Inc,name matches,https://www.gurufocus.com/stock/INSP/summary
5285,OK,NYSE,IART,IART,Integra Lifesciences Holdings Corp,Integra Lifesciences Holdings Corp,name matches,https://www.gurufocus.com/stock/IART/summary
5286,OK,NYSE,NTLA,NTLA,Intellia Therapeutics Inc,Intellia Therapeutics Inc,name matches,https://www.gurufocus.com/stock/NTLA/summary
5287,OK,NYSE,IVZ,IVZ,Invesco Ltd,Invesco Ltd,name matches,https://www.gurufocus.com/stock/IVZ/summary
5288,OK,NYSE,IONS,IONS,Ionis Pharmaceuticals Inc,Ionis Pharmaceuticals Inc,name matches,https://www.gurufocus.com/stock/IONS/summary
5289,OK,NYSE,IRDM,IRDM,Iridium Communications Inc,Iridium Communications Inc,name matches,https://www.gurufocus.com/stock/IRDM/summary
5290,OK,TSE,3099,TSE:3099,Isetan Mitsukoshi Holdings Ltd.,Isetan Mitsukoshi Holdings Ltd,name matches,https://www.gurufocus.com/stock/TSE:3099/summary
5291,OK,MIL,IVG,MIL:IVG,Iveco Group NV,Iveco Group NV,name matches,https://www.gurufocus.com/stock/MIL:IVG/summary
5292,RESTRICTED,LSE,JDW,LSE:JDW,J D Wetherspoon plc,,403 unsubscribed/restricted region,https://www.gurufocus.com/stock/LSE:JDW/summary
5293,OK,NYSE,SJM,SJM,J.M. Smucker Co,JM Smucker Co,name matches,https://www.gurufocus.com/stock/SJM/summary
5294,OK,NYSE,JD,JD,JD.com Inc,JD.com Inc,name matches,https://www.gurufocus.com/stock/JD/summary
5295,OK,TSE,1963,TSE:1963,JGC Holdings Corp,JGC Holdings Corp,name matches,https://www.gurufocus.com/stock/TSE:1963/summary
5296,OK,NYSE,JAZZ,JAZZ,Jazz Pharmaceuticals PLC,Jazz Pharmaceuticals PLC,name matches,https://www.gurufocus.com/stock/JAZZ/summary
5297,OK,NYSE,JEF,JEF,Jefferies Financial Group Inc,Jefferies Financial Group Inc,name matches,https://www.gurufocus.com/stock/JEF/summary
5298,OK,NYSE,JOBY,JOBY,Joby Aviation Inc,Joby Aviation Inc,name matches,https://www.gurufocus.com/stock/JOBY/summary
5299,OK,NYSE,JLL,JLL,Jones Lang LaSalle Inc,Jones Lang LaSalle Inc,name matches,https://www.gurufocus.com/stock/JLL/summary
5300,OK,XTER,SDF,XTER:SDF,K+S AG,K+S AG,name matches,https://www.gurufocus.com/stock/XTER:SDF/summary
5301,OK,NYSE,KBR,KBR,KBR Inc,KBR Inc,name matches,https://www.gurufocus.com/stock/KBR/summary
5302,OK,NYSE,BEKE,BEKE,KE Holdings Inc,KE Holdings Inc,name matches,https://www.gurufocus.com/stock/BEKE/summary
5303,RESTRICTED,TSX,K,TSX:K,Kinross Gold Corp,,403 unsubscribed/restricted region,https://www.gurufocus.com/stock/TSX:K/summary
5304,OK,XTER,KGX,XTER:KGX,Kion Group AG,KION GROUP AG,name matches,https://www.gurufocus.com/stock/XTER:KGX/summary
5305,OK,NYSE,KEX,KEX,Kirby Corp,Kirby Corp,name matches,https://www.gurufocus.com/stock/KEX/summary
5306,OK,NYSE,KNX,KNX,Knight-Swift Transportation Holdings Inc,Knight-Swift Transportation Holdings Inc,name matches,https://www.gurufocus.com/stock/KNX/summary
5307,OK,NYSE,KSS,KSS,Kohls Corp,Kohl's Corp,name matches,https://www.gurufocus.com/stock/KSS/summary
5308,OK,TSE,6525,TSE:6525,Kokusai Electric Corp,Kokusai Electric Corp,name matches,https://www.gurufocus.com/stock/TSE:6525/summary
5309,OK,OSL,KMAR,OSL:KMAR,Kongsberg Maritime ASA,Kongsberg Maritime ASA,name matches,https://www.gurufocus.com/stock/OSL:KMAR/summary
5310,OK,XAMS,VPK,XAMS:VPK,Koninklijke Vopak NV,Koninklijke Vopak NV,name matches,https://www.gurufocus.com/stock/XAMS:VPK/summary
5311,OK,NYSE,KTOS,KTOS,Kratos Defense & Security Solutions Inc,Kratos Defense & Security Solutions Inc,name matches,https://www.gurufocus.com/stock/KTOS/summary
5312,OK,NYSE,KLIC,KLIC,Kulicke & Soffa Industries Inc,Kulicke & Soffa Industries Inc,name matches,https://www.gurufocus.com/stock/KLIC/summary
5313,OK,XSWX,KURN,XSWX:KURN,Kuros Biosciences Ltd,Kuros Biosciences Ltd,name matches,https://www.gurufocus.com/stock/XSWX:KURN/summary
5314,OK,NYSE,LKQ,LKQ,LKQ Corp,LKQ Corp,name matches,https://www.gurufocus.com/stock/LKQ/summary
5315,OK,NYSE,LYFT,LYFT,LYFT Inc,Lyft Inc,name matches,https://www.gurufocus.com/stock/LYFT/summary
5316,OK,NYSE,LW,LW,Lamb Weston Holdings Inc,Lamb Weston Holdings Inc,name matches,https://www.gurufocus.com/stock/LW/summary
5317,OK,XTER,LXS,XTER:LXS,Lanxess AG,Lanxess AG,name matches,https://www.gurufocus.com/stock/XTER:LXS/summary
5318,OK,NYSE,LSCC,LSCC,Lattice Semiconductor Corp,Lattice Semiconductor Corp,name matches,https://www.gurufocus.com/stock/LSCC/summary
5319,OK,NYSE,LEA,LEA,Lear Corp,Lear Corp,name matches,https://www.gurufocus.com/stock/LEA/summary
5320,OK,NYSE,LMND,LMND,Lemonade Inc,Lemonade Inc,name matches,https://www.gurufocus.com/stock/LMND/summary
5321,OK,NYSE,LEVI,LEVI,Levi Strauss & Co,Levi Strauss & Co,name matches,https://www.gurufocus.com/stock/LEVI/summary
5322,OK,NYSE,LNC,LNC,Lincoln National Corp,Lincoln National Corp,name matches,https://www.gurufocus.com/stock/LNC/summary
5323,OK,NYSE,LAD,LAD,Lithia Motors Inc,Lithia Motors Inc,name matches,https://www.gurufocus.com/stock/LAD/summary
5325,OK,NYSE,LCID,LCID,Lucid Group Inc,Lucid Group Inc,name matches,https://www.gurufocus.com/stock/LCID/summary
5326,OK,NYSE,LUMN,LUMN,Lumen Technologies Inc,Lumen Technologies Inc,name matches,https://www.gurufocus.com/stock/LUMN/summary
5327,OK,XSWX,LUKN,XSWX:LUKN,Luzerner Kantonalbank AG,Luzerner Kantonalbank AG,name matches,https://www.gurufocus.com/stock/XSWX:LUKN/summary
5328,RESTRICTED,ASX,LYC,ASX:LYC,Lynas Rare Earths Ltd,,403 unsubscribed/restricted region,https://www.gurufocus.com/stock/ASX:LYC/summary
5329,OK,NYSE,MHO,MHO,M/I Homes Inc,M/I Homes Inc,name matches,https://www.gurufocus.com/stock/MHO/summary
5330,OK,NYSE,MTSI,MTSI,MACOM Technology Solutions Holdings Inc,MACOM Technology Solutions Holdings Inc,name matches,https://www.gurufocus.com/stock/MTSI/summary
5331,OK,NYSE,MARA,MARA,MARA Holdings Inc,MARA Holdings Inc,name matches,https://www.gurufocus.com/stock/MARA/summary
5332,RESTRICTED,TSX,MDA,TSX:MDA,MDA Space Ltd,,403 unsubscribed/restricted region,https://www.gurufocus.com/stock/TSX:MDA/summary
5333,OK,NYSE,MGM,MGM,MGM Resorts International,MGM Resorts International,name matches,https://www.gurufocus.com/stock/MGM/summary
5334,OK,NYSE,MKSI,MKSI,MKS Inc,MKS Inc,name matches,https://www.gurufocus.com/stock/MKSI/summary
5335,RESTRICTED,ASX,MQG,ASX:MQG,Macquarie Group Ltd,,403 unsubscribed/restricted region,https://www.gurufocus.com/stock/ASX:MQG/summary
5336,OK,NYSE,M,M,Macy's Inc,Macy's Inc,name matches,https://www.gurufocus.com/stock/M/summary
5337,OK,NYSE,MDGL,MDGL,Madrigal Pharmaceuticals Inc,Madrigal Pharmaceuticals Inc,name matches,https://www.gurufocus.com/stock/MDGL/summary
5338,RESTRICTED,TSX,MG,TSX:MG,Magna International Inc (USA),,403 unsubscribed/restricted region,https://www.gurufocus.com/stock/TSX:MG/summary
5339,OK,NYSE,MAN,MAN,ManpowerGroup Inc,ManpowerGroup Inc,name matches,https://www.gurufocus.com/stock/MAN/summary
5340,RESTRICTED,TSX,MFC,TSX:MFC,Manulife Financial Corp (USA),,403 unsubscribed/restricted region,https://www.gurufocus.com/stock/TSX:MFC/summary
5341,OK,NYSE,MQ,MQ,Marqeta Inc,Marqeta Inc,name matches,https://www.gurufocus.com/stock/MQ/summary
5342,OK,NYSE,VAC,VAC,Marriott Vacations Worldwide Corp,Marriott Vacations Worldwide Corp,name matches,https://www.gurufocus.com/stock/VAC/summary
5343,OK,NYSE,MTZ,MTZ,MasTec Inc,MasTec Inc,name matches,https://www.gurufocus.com/stock/MTZ/summary
5344,OK,NYSE,MASI,MASI,Masimo Corp,Masimo Corp,name matches,https://www.gurufocus.com/stock/MASI/summary
5345,OK,NYSE,MTDR,MTDR,Matador Resources Co,Matador Resources Co,name matches,https://www.gurufocus.com/stock/MTDR/summary
5346,OK,NYSE,MTCH,MTCH,Match Group Inc,Match Group Inc,name matches,https://www.gurufocus.com/stock/MTCH/summary
5347,OK,NYSE,MAT,MAT,Mattel Inc,Mattel Inc,name matches,https://www.gurufocus.com/stock/MAT/summary
5348,OK,TSE,7261,TSE:7261,Mazda Motor Corp,Mazda Motor Corp,name matches,https://www.gurufocus.com/stock/TSE:7261/summary
5349,OK,NYSE,MPT,MPT,Medical Properties Trust Inc,Medical Properties Trust Inc,name matches,https://www.gurufocus.com/stock/MPT/summary
5350,OK,TSE,3350,TSE:3350,Metaplanet Inc,Metaplanet Inc,name matches,https://www.gurufocus.com/stock/TSE:3350/summary
5351,OK,NYSE,MIDD,MIDD,The Middleby Corp,The Middleby Corp,name matches,https://www.gurufocus.com/stock/MIDD/summary
5352,OK,TSE,4182,TSE:4182,Mitsubishi Gas Chemical Co Inc,Mitsubishi Gas Chemical Co Inc,name matches,https://www.gurufocus.com/stock/TSE:4182/summary
5353,OK,TSE,7211,TSE:7211,Mitsubishi Motors Corp,Mitsubishi Motors Corp,name matches,https://www.gurufocus.com/stock/TSE:7211/summary
5354,OK,TSE,5706,TSE:5706,Mitsui Kinzoku Co Ltd,Mitsui Kinzoku Co Ltd,name matches,https://www.gurufocus.com/stock/TSE:5706/summary
5355,OK,NYSE,MBLY,MBLY,Mobileye Global Inc,Mobileye Global Inc,name matches,https://www.gurufocus.com/stock/MBLY/summary
5356,OK,NYSE,MRNA,MRNA,Moderna Inc,Moderna Inc,name matches,https://www.gurufocus.com/stock/MRNA/summary
5357,OK,NYSE,MHK,MHK,Mohawk Industries Inc,Mohawk Industries Inc,name matches,https://www.gurufocus.com/stock/MHK/summary
5358,OK,NYSE,MOH,MOH,Molina Healthcare Inc,Molina Healthcare Inc,name matches,https://www.gurufocus.com/stock/MOH/summary
5359,OK,NYSE,TAP,TAP,Molson Coors Beverage Co,Molson Coors Beverage Co,name matches,https://www.gurufocus.com/stock/TAP/summary
5360,OK,NYSE,MOS,MOS,The Mosaic Co,The Mosaic Co,name matches,https://www.gurufocus.com/stock/MOS/summary
5361,OK,NYSE,MP,MP,Mp Materials Corp,MP Materials Corp,name matches,https://www.gurufocus.com/stock/MP/summary
5362,OK,NYSE,MUR,MUR,Murphy Oil Corp,Murphy Oil Corp,name matches,https://www.gurufocus.com/stock/MUR/summary
5363,OK,TSE,6268,TSE:6268,Nabtesco Corp,Nabtesco Corp,name matches,https://www.gurufocus.com/stock/TSE:6268/summary
5364,OK,NYSE,NNE,NNE,Nano Nuclear Energy Inc,Nano Nuclear Energy Inc,name matches,https://www.gurufocus.com/stock/NNE/summary
5365,RESTRICTED,TSX,NA,TSX:NA,National Bank of Canada,,403 unsubscribed/restricted region,https://www.gurufocus.com/stock/TSX:NA/summary
5366,OK,OSL,NEL,OSL:NEL,Nel ASA,NEL ASA,name matches,https://www.gurufocus.com/stock/OSL:NEL/summary
5367,OK,NYSE,NTES,NTES,NetEase Inc,NetEase Inc,name matches,https://www.gurufocus.com/stock/NTES/summary
5368,OK,NYSE,NFE,NFE,New Fortress Energy Inc,New Fortress Energy Inc,name matches,https://www.gurufocus.com/stock/NFE/summary
5369,NOT_FOUND,XTER,N1UA,XTER:N1UA,New Oriental Education & Tech Grp (ADR),,404 stock not found,https://www.gurufocus.com/stock/XTER:N1UA/summary
5370,OK,NYSE,NYT,NYT,New York Times Co,New York Times Co,name matches,https://www.gurufocus.com/stock/NYT/summary
5371,OK,XPAR,NEX,XPAR:NEX,Nexans,Nexans,name matches,https://www.gurufocus.com/stock/XPAR:NEX/summary
5372,OK,MIL,NEXI,MIL:NEXI,Nexi SpA,Nexi SpA,name matches,https://www.gurufocus.com/stock/MIL:NEXI/summary
5373,OK,NYSE,NXST,NXST,Nexstar Media Group Inc,Nexstar Media Group Inc,name matches,https://www.gurufocus.com/stock/NXST/summary
5374,OK,TSE,7731,TSE:7731,Nikon Corp,Nikon Corp,name matches,https://www.gurufocus.com/stock/TSE:7731/summary
5375,NOT_FOUND,XTER,BVXB,XTER:BVXB,Itau Unibanco Holding SA (ADR),,404 stock not found,https://www.gurufocus.com/stock/XTER:BVXB/summary
5376,OK,NYSE,KLAR,KLAR,Klarna Group PLC,Klarna Group PLC,name matches,https://www.gurufocus.com/stock/KLAR/summary
5380,OK,NYSE,NIO,NIO,NIO Inc,NIO Inc,name matches,https://www.gurufocus.com/stock/NIO/summary
5381,OK,TSE,3110,TSE:3110,Nitto Boseki Co Ltd,Nitto Boseki Co Ltd,name matches,https://www.gurufocus.com/stock/TSE:3110/summary
5383,OK,XTER,NDX1,XTER:NDX1,Nordex SE,Nordex SE,name matches,https://www.gurufocus.com/stock/XTER:NDX1/summary
5384,OK,NYSE,NOG,NOG,Northern Oil & Gas Inc,Northern Oil & Gas Inc,name matches,https://www.gurufocus.com/stock/NOG/summary
5385,OK,NYSE,NCLH,NCLH,Norwegian Cruise Line Holdings Ltd,Norwegian Cruise Line Holdings Ltd,name matches,https://www.gurufocus.com/stock/NCLH/summary
5386,OK,NYSE,NOV,NOV,Nov Inc,NOV Inc,name matches,https://www.gurufocus.com/stock/NOV/summary
5387,OK,NASDAQ,NVMI,NVMI,Nova Ltd,Nova Ltd,name matches,https://www.gurufocus.com/stock/NVMI/summary
5388,OK,NYSE,NOVT,NOVT,Novanta Inc,Novanta Inc,name matches,https://www.gurufocus.com/stock/NOVT/summary
5389,OK,NYSE,NVAX,NVAX,Novavax Inc,Novavax Inc,name matches,https://www.gurufocus.com/stock/NVAX/summary
5390,OK,NYSE,SMR,SMR,Nuscale Power Corp,NuScale Power Corp,name matches,https://www.gurufocus.com/stock/SMR/summary
5391,OK,NYSE,NTNX,NTNX,Nutanix Inc,Nutanix Inc,name matches,https://www.gurufocus.com/stock/NTNX/summary
5392,OK,XSWX,OERL,XSWX:OERL,"OC Oerlikon Corp AG, Pfaffikon","OC Oerlikon Corp AG, Pfaffikon",name matches,https://www.gurufocus.com/stock/XSWX:OERL/summary
5393,OK,XPRA,OMV,XPRA:OMV,OMV AG,OMV AG,name matches,https://www.gurufocus.com/stock/XPRA:OMV/summary
5394,RESTRICTED,LSE,OCDO,LSE:OCDO,Ocado Group PLC,,403 unsubscribed/restricted region,https://www.gurufocus.com/stock/LSE:OCDO/summary
5395,OK,NYSE,OLLI,OLLI,Ollie's Bargain Outlet Holdings Inc,Ollie's Bargain Outlet Holdings Inc,name matches,https://www.gurufocus.com/stock/OLLI/summary
5396,OK,TSE,6645,TSE:6645,Omron Corp,OMRON Corp,name matches,https://www.gurufocus.com/stock/TSE:6645/summary
5397,OK,NYSE,ONON,ONON,On Holding AG,On Holding AG,name matches,https://www.gurufocus.com/stock/ONON/summary
5398,OK,NYSE,ONTO,ONTO,Onto Innovation Inc,Onto Innovation Inc,name matches,https://www.gurufocus.com/stock/ONTO/summary
5399,OK,NYSE,OSCR,OSCR,Oscar Health Inc,Oscar Health Inc,name matches,https://www.gurufocus.com/stock/OSCR/summary
5400,OK,NYSE,OSK,OSK,Oshkosh Corp,Oshkosh Corp,name matches,https://www.gurufocus.com/stock/OSK/summary
5401,OK,NYSE,OUST,OUST,Ouster Inc,Ouster Inc,name matches,https://www.gurufocus.com/stock/OUST/summary
5402,OK,OHEL,OUT1V,OHEL:OUT1V,Outokumpu Oyj,Outokumpu Oyj,name matches,https://www.gurufocus.com/stock/OHEL:OUT1V/summary
5403,OK,NYSE,OVV,OVV,Ovintiv Inc,Ovintiv Inc,name matches,https://www.gurufocus.com/stock/OVV/summary
5404,OK,NYSE,OC,OC,Owens-Corning Inc,Owens-Corning Inc,name matches,https://www.gurufocus.com/stock/OC/summary
5405,OK,NYSE,PBF,PBF,PBF Energy Inc,PBF Energy Inc,name matches,https://www.gurufocus.com/stock/PBF/summary
5406,OK,NYSE,PENN,PENN,PENN Entertainment Inc,PENN Entertainment Inc,name matches,https://www.gurufocus.com/stock/PENN/summary
5407,OK,XSWX,PSPN,XSWX:PSPN,PSP Swiss Property AG,PSP Swiss Property AG,name matches,https://www.gurufocus.com/stock/XSWX:PSPN/summary
5408,OK,NYSE,PVH,PVH,PVH Corp,PVH Corp,name matches,https://www.gurufocus.com/stock/PVH/summary
5409,RESTRICTED,TSX,PAAS,TSX:PAAS,Pan American Silver Corp,,403 unsubscribed/restricted region,https://www.gurufocus.com/stock/TSX:PAAS/summary
5410,OK,NYSE,PZZA,PZZA,Papa John's International Inc,Papa John's International Inc,name matches,https://www.gurufocus.com/stock/PZZA/summary
5411,OK,NYSE,PSKY,PSKY,Paramount Skydance Corp,Paramount Skydance Corp,name matches,https://www.gurufocus.com/stock/PSKY/summary
5412,OK,NYSE,BTU,BTU,Peabody Energy Corp,Peabody Energy Corp,name matches,https://www.gurufocus.com/stock/BTU/summary
5413,OK,NYSE,PR,PR,Permian Resources Corp,Permian Resources Corp,name matches,https://www.gurufocus.com/stock/PR/summary
5414,OK,NYSE,PRGO,PRGO,Perrigo Co PLC,Perrigo Co PLC,name matches,https://www.gurufocus.com/stock/PRGO/summary
5415,OK,HKSE,01833,HKSE:01833,Ping An Healthcare and Technology Co Ltd,Ping An Healthcare And Technology Co Ltd,name matches,https://www.gurufocus.com/stock/HKSE:01833/summary
5416,OK,MIL,PIRC,MIL:PIRC,Pirelli & C SpA,Pirelli & C SpA,name matches,https://www.gurufocus.com/stock/MIL:PIRC/summary
5417,OK,NYSE,PLNT,PLNT,Planet Fitness Inc,Planet Fitness Inc,name matches,https://www.gurufocus.com/stock/PLNT/summary
5418,OK,NYSE,PL,PL,Planet Labs PBC,Planet Labs PBC,name matches,https://www.gurufocus.com/stock/PL/summary
5419,OK,NYSE,PLUG,PLUG,Plug Power Inc,Plug Power Inc,name matches,https://www.gurufocus.com/stock/PLUG/summary
5420,OK,XPAR,PLX,XPAR:PLX,Pluxee NV,Pluxee NV,name matches,https://www.gurufocus.com/stock/XPAR:PLX/summary
5421,OK,NYSE,PII,PII,Polaris Inc,Polaris Inc,name matches,https://www.gurufocus.com/stock/PII/summary
5422,OK,NYSE,POWI,POWI,Power Integrations Inc,Power Integrations Inc,name matches,https://www.gurufocus.com/stock/POWI/summary
5423,OK,OSTO,PCELL,OSTO:PCELL,PowerCell Sweden AB,PowerCell Sweden AB,name matches,https://www.gurufocus.com/stock/OSTO:PCELL/summary
5424,OK,NYSE,PCOR,PCOR,Procore Technologies Inc,Procore Technologies Inc,name matches,https://www.gurufocus.com/stock/PCOR/summary
5425,OK,XTER,PSM,XTER:PSM,Prosiebensat 1 Media SE,ProSiebenSat 1 Media SE,name matches,https://www.gurufocus.com/stock/XTER:PSM/summary
5426,OK,XBRU,PROX,XBRU:PROX,Proximus SA,Proximus SA,name matches,https://www.gurufocus.com/stock/XBRU:PROX/summary
5427,OK,XMAD,PUIG,XMAD:PUIG,Puig Brands SA,Puig Brands SA,name matches,https://www.gurufocus.com/stock/XMAD:PUIG/summary
5428,OK,XTER,PUM,XTER:PUM,Puma SE,Puma SE,name matches,https://www.gurufocus.com/stock/XTER:PUM/summary
5429,OK,NYSE,QXO,QXO,QXO Inc,QXO Inc,name matches,https://www.gurufocus.com/stock/QXO/summary
5430,NOT_FOUND,LSE,QQ/,LSE:QQ/,QinetiQ Group plc,,404 stock not found,https://www.gurufocus.com/stock/LSE:QQ//summary
5431,OK,NYSE,QRVO,QRVO,Qorvo Inc,Qorvo Inc,name matches,https://www.gurufocus.com/stock/QRVO/summary
5432,OK,NYSE,QUBT,QUBT,Quantum Computing Inc,Quantum Computing Inc,name matches,https://www.gurufocus.com/stock/QUBT/summary
5433,OK,NYSE,QS,QS,Quantumscape Corp,QuantumScape Corp,name matches,https://www.gurufocus.com/stock/QS/summary
5434,OK,NYSE,QDEL,QDEL,Quidelortho Corp,QuidelOrtho Corp,name matches,https://www.gurufocus.com/stock/QDEL/summary
5435,OK,XTER,R3NK,XTER:R3NK,RENK Group AG,RENK Group AG,name matches,https://www.gurufocus.com/stock/XTER:R3NK/summary
5436,OK,NYSE,RH,RH,RH,RH,name matches,https://www.gurufocus.com/stock/RH/summary
5437,OK,NYSE,RL,RL,Ralph Lauren Corp,Ralph Lauren Corp,name matches,https://www.gurufocus.com/stock/RL/summary
5438,OK,NYSE,RMBS,RMBS,Rambus Inc,Rambus Inc,name matches,https://www.gurufocus.com/stock/RMBS/summary
5439,OK,NYSE,RRC,RRC,Range Resources Corp,Range Resources Corp,name matches,https://www.gurufocus.com/stock/RRC/summary
5440,OK,NYSE,RPD,RPD,Rapid7 Inc,Rapid7 Inc,name matches,https://www.gurufocus.com/stock/RPD/summary
5441,OK,NYSE,RXRX,RXRX,Recursion Pharmaceuticals Inc,Recursion Pharmaceuticals Inc,name matches,https://www.gurufocus.com/stock/RXRX/summary
5442,OK,NYSE,RRX,RRX,Regal Rexnord Corp,Regal Rexnord Corp,name matches,https://www.gurufocus.com/stock/RRX/summary
5443,OK,NYSE,RELY,RELY,Remitly Global Inc,Remitly Global Inc,name matches,https://www.gurufocus.com/stock/RELY/summary
5444,OK,XPAR,RCO,XPAR:RCO,Remy Cointreau,Remy Cointreau,name matches,https://www.gurufocus.com/stock/XPAR:RCO/summary
5445,OK,NYSE,RGEN,RGEN,Repligen Corp,Repligen Corp,name matches,https://www.gurufocus.com/stock/RGEN/summary
5446,OK,TSE,4004,TSE:4004,Resonac Holdings Corp,Resonac Holdings Corp,name matches,https://www.gurufocus.com/stock/TSE:4004/summary
5447,OK,NYSE,QSR,QSR,Restaurant Brands International Inc,Restaurant Brands International Inc,name matches,https://www.gurufocus.com/stock/QSR/summary
5448,OK,NYSE,RVTY,RVTY,Revvity Inc,Revvity Inc,name matches,https://www.gurufocus.com/stock/RVTY/summary
5449,OK,NYSE,RGTI,RGTI,Rigetti Computing Inc,Rigetti Computing Inc,name matches,https://www.gurufocus.com/stock/RGTI/summary
5450,OK,NYSE,RNG,RNG,RingCentral Inc,RingCentral Inc,name matches,https://www.gurufocus.com/stock/RNG/summary
5451,OK,NYSE,RIOT,RIOT,Riot Platforms Inc,Riot Platforms Inc,name matches,https://www.gurufocus.com/stock/RIOT/summary
5452,OK,NYSE,RHI,RHI,Robert Half Inc,Robert Half Inc,name matches,https://www.gurufocus.com/stock/RHI/summary
5454,OK,NYSE,ROKU,ROKU,Roku Inc,Roku Inc,name matches,https://www.gurufocus.com/stock/ROKU/summary
5455,OK,NYSE,ROOT,ROOT,Root Inc,Root Inc,name matches,https://www.gurufocus.com/stock/ROOT/summary
5456,RESTRICTED,TSX,RY,TSX:RY,Royal Bank of Canada,,403 unsubscribed/restricted region,https://www.gurufocus.com/stock/TSX:RY/summary
5457,OK,NYSE,RGLD,RGLD,Royal Gold Inc,Royal Gold Inc,name matches,https://www.gurufocus.com/stock/RGLD/summary
5458,OK,NYSE,RBRK,RBRK,Rubrik Inc,Rubrik Inc,name matches,https://www.gurufocus.com/stock/RBRK/summary
5460,OK,XPAR,SCR,XPAR:SCR,SCOR SE,SCOR SE,name matches,https://www.gurufocus.com/stock/XPAR:SCR/summary
5461,OK,XSWX,SFSN,XSWX:SFSN,SFS Group AG,SFS Group AG,name matches,https://www.gurufocus.com/stock/XSWX:SFSN/summary
5462,OK,XSWX,SIGN,XSWX:SIGN,SIG Group AG,SIG Group AG,name matches,https://www.gurufocus.com/stock/XSWX:SIGN/summary
5463,OK,NYSE,SLG,SLG,SL Green Realty Corp,SL Green Realty Corp,name matches,https://www.gurufocus.com/stock/SLG/summary
5464,OK,XTER,S92,XTER:S92,SMA Solar Technology AG,SMA Solar Technology AG,name matches,https://www.gurufocus.com/stock/XTER:S92/summary
5465,OK,NYSE,SPSC,SPSC,SPS Commerce Inc,SPS Commerce Inc,name matches,https://www.gurufocus.com/stock/SPSC/summary
5466,OK,OSTO,SSAB A,OSTO:SSAB A,SSAB AB (publ),SSAB AB (publ),name matches,https://www.gurufocus.com/stock/OSTO:SSAB A/summary
5467,OK,MIL,SPM,MIL:SPM,Saipem SpA,Saipem SpA,name matches,https://www.gurufocus.com/stock/MIL:SPM/summary
5468,OK,TSE,3778,TSE:3778,Sakura Internet Inc,SAKURA Internet Inc,name matches,https://www.gurufocus.com/stock/TSE:3778/summary
5469,OK,MIL,SFER,MIL:SFER,Salvatore Ferragamo SpA,Salvatore Ferragamo SpA,name matches,https://www.gurufocus.com/stock/MIL:SFER/summary
5470,OK,NYSE,SNDK,SNDK,SanDisk Corp,SanDisk Corp,name matches,https://www.gurufocus.com/stock/SNDK/summary
5471,OK,NYSE,SRPT,SRPT,Sarepta Therapeutics Inc,Sarepta Therapeutics Inc,name matches,https://www.gurufocus.com/stock/SRPT/summary
5473,OK,OSL,SCATC,OSL:SCATC,Scatec ASA,Scatec ASA,name matches,https://www.gurufocus.com/stock/OSL:SCATC/summary
5474,OK,NYSE,NVO,NVO,Novo Nordisk AS,Novo Nordisk AS,name matches,https://www.gurufocus.com/stock/NVO/summary
5475,OK,NYSE,PBR,PBR,Petroleo Brasileiro SA Petrobras,Petroleo Brasileiro SA Petrobras,name matches,https://www.gurufocus.com/stock/PBR/summary
5476,OK,HKSE,01913,HKSE:01913,Prada SpA,Prada SpA,name matches,https://www.gurufocus.com/stock/HKSE:01913/summary
5477,OK,XTER,RDC,XTER:RDC,Redcare Pharmacy NV,Redcare Pharmacy NV,name matches,https://www.gurufocus.com/stock/XTER:RDC/summary
5478,OK,NYSE,SNY,SNY,Sanofi SA,Sanofi SA,name matches,https://www.gurufocus.com/stock/SNY/summary
5479,OK,HKSE,00981,HKSE:00981,Semiconductor Manufacturing International Corp,Semiconductor Manufacturing International Corp,name matches,https://www.gurufocus.com/stock/HKSE:00981/summary
5480,OK,NYSE,SMTC,SMTC,Semtech Corp,Semtech Corp,name matches,https://www.gurufocus.com/stock/SMTC/summary
5481,OK,NYSE,S,S,SentinelOne Inc,SentinelOne Inc,name matches,https://www.gurufocus.com/stock/S/summary
5482,OK,NYSE,SHAK,SHAK,Shake Shack Inc,Shake Shack Inc,name matches,https://www.gurufocus.com/stock/SHAK/summary
5483,OK,HKSE,01385,HKSE:01385,Shanghai Fudan Microelectronics Group Co Ltd,Shanghai Fudan Microelectronics Group Co Ltd,name matches,https://www.gurufocus.com/stock/HKSE:01385/summary
5484,OK,NYSE,SN,SN,Sharkninja Inc,SharkNinja Inc,name matches,https://www.gurufocus.com/stock/SN/summary
5485,OK,TSE,6753,TSE:6753,Sharp Corp,Sharp Corp,name matches,https://www.gurufocus.com/stock/TSE:6753/summary
5486,OK,NYSE,FOUR,FOUR,"Shift4 Payments, Inc",Shift4 Payments Inc,name matches,https://www.gurufocus.com/stock/FOUR/summary
5487,OK,NYSE,SHLS,SHLS,Shoals Technologies Group Inc,Shoals Technologies Group Inc,name matches,https://www.gurufocus.com/stock/SHLS/summary
5488,RESTRICTED,TSX,SHOP,TSX:SHOP,Shopify Inc (US),,403 unsubscribed/restricted region,https://www.gurufocus.com/stock/TSX:SHOP/summary
5489,OK,XSWX,SFZN,XSWX:SFZN,Siegfried Holding AG,Siegfried Holding AG,name matches,https://www.gurufocus.com/stock/XSWX:SFZN/summary
5490,NOT_FOUND,XTER,SZ2,XTER:SZ2,Signet Jewelers Ltd,,404 stock not found,https://www.gurufocus.com/stock/XTER:SZ2/summary
5492,OK,XTER,SIX2,XTER:SIX2,Sixt SE,Sixt SE,name matches,https://www.gurufocus.com/stock/XTER:SIX2/summary
5493,OK,NYSE,SWKS,SWKS,Skyworks Solutions Inc,Skyworks Solutions Inc,name matches,https://www.gurufocus.com/stock/SWKS/summary
5494,OK,NYSE,SLDE,SLDE,Slide Insurance Holdings Inc,Slide Insurance Holdings Inc,name matches,https://www.gurufocus.com/stock/SLDE/summary
5495,OK,NYSE,SQM,SQM,Sociedad Quimica Y Minera De Chile SA,Sociedad Quimica Y Minera De Chile SA,name matches,https://www.gurufocus.com/stock/SQM/summary
5496,OK,XSWX,SWON,XSWX:SWON,SoftwareOne Holding AG,SoftwareONE Holding AG,name matches,https://www.gurufocus.com/stock/XSWX:SWON/summary
5497,OK,XPAR,SOI,XPAR:SOI,Soitec SA,Soitec SA,name matches,https://www.gurufocus.com/stock/XPAR:SOI/summary
5498,OK,NYSE,SEDG,SEDG,Solaredge Technologies Inc,SolarEdge Technologies Inc,name matches,https://www.gurufocus.com/stock/SEDG/summary
5499,OK,XMAD,SLR,XMAD:SLR,Solaria Energia y Medio Ambiente SA,Solaria Energia y Medio Ambiente SA,name matches,https://www.gurufocus.com/stock/XMAD:SLR/summary
5500,OK,XBRU,SOLB,XBRU:SOLB,Solvay SA,Solvay SA,name matches,https://www.gurufocus.com/stock/XBRU:SOLB/summary
5501,OK,NYSE,SON,SON,Sonoco Products Co,Sonoco Products Co,name matches,https://www.gurufocus.com/stock/SON/summary
5502,OK,NYSE,SONO,SONO,Sonos Inc,Sonos Inc,name matches,https://www.gurufocus.com/stock/SONO/summary
5503,OK,NYSE,LUV,LUV,Southwest Airlines Co,Southwest Airlines Co,name matches,https://www.gurufocus.com/stock/LUV/summary
5504,OK,NYSE,SPT,SPT,Sprout Social Inc,Sprout Social Inc,name matches,https://www.gurufocus.com/stock/SPT/summary
5505,OK,XSWX,SRAIL,XSWX:SRAIL,Stadler Rail AG,Stadler Rail AG,name matches,https://www.gurufocus.com/stock/XSWX:SRAIL/summary
5506,OK,NYSE,SWK,SWK,Stanley Black & Decker Inc,Stanley Black & Decker Inc,name matches,https://www.gurufocus.com/stock/SWK/summary
5507,OK,NYSE,SBLK,SBLK,Star Bulk Carriers Corp,Star Bulk Carriers Corp,name matches,https://www.gurufocus.com/stock/SBLK/summary
5508,OK,XSWX,SUN,XSWX:SUN,Sulzer AG,Sulzer AG,name matches,https://www.gurufocus.com/stock/XSWX:SUN/summary
5509,OK,TSE,3436,TSE:3436,Sumco Corp,SUMCO Corp,name matches,https://www.gurufocus.com/stock/TSE:3436/summary
5510,OK,XSWX,SUNN,XSWX:SUNN,Sunrise Communications AG,Sunrise Communications AG,name matches,https://www.gurufocus.com/stock/XSWX:SUNN/summary
5511,OK,NYSE,RUN,RUN,Sunrun Inc,Sunrun Inc,name matches,https://www.gurufocus.com/stock/RUN/summary
5512,OK,NYSE,SYM,SYM,Symbotic Inc,Symbotic Inc,name matches,https://www.gurufocus.com/stock/SYM/summary
5513,OK,NYSE,SYNA,SYNA,Synaptics Inc,Synaptics Inc,name matches,https://www.gurufocus.com/stock/SYNA/summary
5514,OK,NYSE,SNX,SNX,TD Synnex Corp,TD Synnex Corp,name matches,https://www.gurufocus.com/stock/SNX/summary
5515,OK,NYSE,TGTX,TGTX,TG Therapeutics Inc,TG Therapeutics Inc,name matches,https://www.gurufocus.com/stock/TGTX/summary
5516,OK,XTER,TKMS,XTER:TKMS,TKMS AG & Co KgaA,Tkms Ag & Co KGaA,name matches,https://www.gurufocus.com/stock/XTER:TKMS/summary
5517,OK,XTER,TUI1,XTER:TUI1,TUI AG,TUI AG,name matches,https://www.gurufocus.com/stock/XTER:TUI1/summary
5518,OK,NYSE,TNDM,TNDM,Tandem Diabetes Care Inc,Tandem Diabetes Care Inc,name matches,https://www.gurufocus.com/stock/TNDM/summary
5519,OK,XTER,TMV,XTER:TMV,TeamViewer SE,TeamViewer SE,name matches,https://www.gurufocus.com/stock/XTER:TMV/summary
5520,OK,XSWX,TECN,XSWX:TECN,Tecan Group AG,Tecan Group AG,name matches,https://www.gurufocus.com/stock/XSWX:TECN/summary
5521,OK,XPAR,TE,XPAR:TE,Technip Energies NV,Technip Energies NV,name matches,https://www.gurufocus.com/stock/XPAR:TE/summary
5522,RESTRICTED,TSX,TECK.B,TSX:TECK.B,Teck Resources Ltd (USA),,403 unsubscribed/restricted region,https://www.gurufocus.com/stock/TSX:TECK.B/summary
5523,OK,NYSE,TDOC,TDOC,Teladoc Health Inc,Teladoc Health Inc,name matches,https://www.gurufocus.com/stock/TDOC/summary
5524,OK,NYSE,TFX,TFX,Teleflex Inc,Teleflex Inc,name matches,https://www.gurufocus.com/stock/TFX/summary
5525,OK,XPAR,TEP,XPAR:TEP,Teleperformance SE,Teleperformance SE,name matches,https://www.gurufocus.com/stock/XPAR:TEP/summary
5526,OK,XSWX,TEMN,XSWX:TEMN,Temenos AG,Temenos AG,name matches,https://www.gurufocus.com/stock/XSWX:TEMN/summary
5527,OK,NYSE,TEM,TEM,Tempus AI Inc,Tempus AI Inc,name matches,https://www.gurufocus.com/stock/TEM/summary
5528,OK,NYSE,THC,THC,Tenet Healthcare Corp,Tenet Healthcare Corp,name matches,https://www.gurufocus.com/stock/THC/summary
5529,OK,NYSE,TDC,TDC,Teradata Corp,Teradata Corp,name matches,https://www.gurufocus.com/stock/TDC/summary
5530,OK,NYSE,TTEK,TTEK,Tetra Tech Inc,Tetra Tech Inc,name matches,https://www.gurufocus.com/stock/TTEK/summary
5531,OK,XTER,TKA,XTER:TKA,ThyssenKrupp AG,thyssenkrupp AG,name matches,https://www.gurufocus.com/stock/XTER:TKA/summary
5532,OK,HKSE,09696,HKSE:09696,Tianqi Lithium Corp,Tianqi Lithium Corp,name matches,https://www.gurufocus.com/stock/HKSE:09696/summary
5533,OK,NYSE,TDW,TDW,Tidewater Inc,Tidewater Inc,name matches,https://www.gurufocus.com/stock/TDW/summary
5535,OK,TSE,4043,TSE:4043,Tokuyama Corp,Tokuyama Corp,name matches,https://www.gurufocus.com/stock/TSE:4043/summary
5536,OK,TSE,9501,TSE:9501,Tokyo Electric Power Co Holdings,Tokyo Electric Power Co Holdings,name matches,https://www.gurufocus.com/stock/TSE:9501/summary
5537,OK,TSE,4186,TSE:4186,Tokyo Ohka Kogyo Co Ltd,Tokyo Ohka Kogyo Co Ltd,name matches,https://www.gurufocus.com/stock/TSE:4186/summary
5538,OK,TSE,3289,TSE:3289,Tokyu Fudosan Holdings Corp,Tokyu Fudosan Holdings Corp,name matches,https://www.gurufocus.com/stock/TSE:3289/summary
5539,OK,NYSE,TOL,TOL,Toll Brothers Inc,Toll Brothers Inc,name matches,https://www.gurufocus.com/stock/TOL/summary
5540,RESTRICTED,TSX,TD,TSX:TD,Toronto-Dominion Bank,,403 unsubscribed/restricted region,https://www.gurufocus.com/stock/TSX:TD/summary
5541,OK,NYSE,TSEM,TSEM,Tower Semiconductor Ltd,Tower Semiconductor Ltd,name matches,https://www.gurufocus.com/stock/TSEM/summary
5543,OK,NYSE,TMDX,TMDX,TransMedics Group Inc,TransMedics Group Inc,name matches,https://www.gurufocus.com/stock/TMDX/summary
5544,OK,NYSE,TREX,TREX,Trex Co Inc,Trex Co Inc,name matches,https://www.gurufocus.com/stock/TREX/summary
5545,NOT_FOUND,XTER,CLV,XTER:CLV,Trip.com Group Ltd (ADR),,404 stock not found,https://www.gurufocus.com/stock/XTER:CLV/summary
5546,OK,NYSE,TRIP,TRIP,Tripadvisor Inc,Tripadvisor Inc,name matches,https://www.gurufocus.com/stock/TRIP/summary
5547,OK,NYSE,UMBF,UMBF,UMB Financial Corp,UMB Financial Corp,name matches,https://www.gurufocus.com/stock/UMBF/summary
5548,OK,NYSE,USFD,USFD,US Foods Holding Corp,US Foods Holding Corp,name matches,https://www.gurufocus.com/stock/USFD/summary
5549,OK,NYSE,USAR,USAR,USA Rare Earth Inc,USA Rare Earth Inc,name matches,https://www.gurufocus.com/stock/USAR/summary
5550,OK,XPAR,UBI,XPAR:UBI,Ubisoft Entertainment,Ubisoft Entertainment,name matches,https://www.gurufocus.com/stock/XPAR:UBI/summary
5551,OK,NYSE,PATH,PATH,UiPath Inc,UiPath Inc,name matches,https://www.gurufocus.com/stock/PATH/summary
5552,OK,NYSE,RARE,RARE,Ultragenyx Pharmaceutical Inc,Ultragenyx Pharmaceutical Inc,name matches,https://www.gurufocus.com/stock/RARE/summary
5553,OK,XBRU,UMI,XBRU:UMI,Umicore SA,Umicore SA,name matches,https://www.gurufocus.com/stock/XBRU:UMI/summary
5554,OK,NYSE,UAA,UAA,Under Armour Inc,Under Armour Inc,name matches,https://www.gurufocus.com/stock/UAA/summary
5555,OK,NYSE,U,U,Unity Software Inc,Unity Software Inc,name matches,https://www.gurufocus.com/stock/U/summary
5556,OK,NYSE,OLED,OLED,Universal Display Corp,Universal Display Corp,name matches,https://www.gurufocus.com/stock/OLED/summary
5557,OK,NYSE,UPST,UPST,Upstart Holdings Inc,Upstart Holdings Inc,name matches,https://www.gurufocus.com/stock/UPST/summary
5558,OK,NYSE,UPWK,UPWK,Upwork Inc,Upwork Inc,name matches,https://www.gurufocus.com/stock/UPWK/summary
5559,OK,NYSE,URBN,URBN,Urban Outfitters Inc,Urban Outfitters Inc,name matches,https://www.gurufocus.com/stock/URBN/summary
5560,OK,WBO,VER,WBO:VER,VERBUND AG,Verbund AG,name matches,https://www.gurufocus.com/stock/WBO:VER/summary
5561,OK,NYSE,VFC,VFC,VF Corp,VF Corp,name matches,https://www.gurufocus.com/stock/VFC/summary
5562,OK,NYSE,MTN,MTN,Vail Resorts Inc,Vail Resorts Inc,name matches,https://www.gurufocus.com/stock/MTN/summary
5563,OK,NYSE,VAL,VAL,Valaris Ltd,Valaris Ltd,name matches,https://www.gurufocus.com/stock/VAL/summary
5564,OK,XPAR,FR,XPAR:FR,Valeo SA,Valeo SA,name matches,https://www.gurufocus.com/stock/XPAR:FR/summary
5565,OK,XSWX,VATN,XSWX:VATN,Valiant Holding AG,Valiant Holding AG,name matches,https://www.gurufocus.com/stock/XSWX:VATN/summary
5566,OK,XPAR,VK,XPAR:VK,Vallourec SA,Vallourec SA,name matches,https://www.gurufocus.com/stock/XPAR:VK/summary
5567,OK,NYSE,PCVX,PCVX,Vaxcyte Inc,Vaxcyte Inc,name matches,https://www.gurufocus.com/stock/PCVX/summary
5568,OK,NYSE,VCYT,VCYT,Veracyte Inc,Veracyte Inc,name matches,https://www.gurufocus.com/stock/VCYT/summary
5569,OK,NYSE,VSAT,VSAT,Viasat Inc,Viasat Inc,name matches,https://www.gurufocus.com/stock/VSAT/summary
5570,OK,NYSE,SBSW,SBSW,Sibanye Stillwater Ltd,Sibanye Stillwater Ltd,name matches,https://www.gurufocus.com/stock/SBSW/summary
5572,OK,NYSE,SONY,SONY,Sony Group Corp,Sony Group Corp,name matches,https://www.gurufocus.com/stock/SONY/summary
5573,OK,NYSE,FTI,FTI,TechnipFMC PLC,TechnipFMC PLC,name matches,https://www.gurufocus.com/stock/FTI/summary
5574,OK,NYSE,TM,TM,Toyota Motor Corp,Toyota Motor Corp,name matches,https://www.gurufocus.com/stock/TM/summary
5575,OK,NYSE,UL,UL,Unilever PLC,Unilever PLC,name matches,https://www.gurufocus.com/stock/UL/summary
5576,OK,NYSE,UMC,UMC,United Microelectronics Corp,United Microelectronics Corp,name matches,https://www.gurufocus.com/stock/UMC/summary
5577,OK,NYSE,VALE,VALE,Vale SA,Vale SA,name matches,https://www.gurufocus.com/stock/VALE/summary
5579,OK,NYSE,VTRS,VTRS,Viatris Inc,Viatris Inc,name matches,https://www.gurufocus.com/stock/VTRS/summary
5580,OK,NYSE,VICR,VICR,Vicor Corp,Vicor Corp,name matches,https://www.gurufocus.com/stock/VICR/summary
5581,NOT_FOUND,NYSE,VSCO,VSCO,Victoria's Secret & Co,,404 stock not found,https://www.gurufocus.com/stock/VSCO/summary
5582,OK,NYSE,VKTX,VKTX,Viking Therapeutics Inc,Viking Therapeutics Inc,name matches,https://www.gurufocus.com/stock/VKTX/summary
5583,OK,NYSE,SPCE,SPCE,Virgin Galactic Holdings Inc,Virgin Galactic Holdings Inc,name matches,https://www.gurufocus.com/stock/SPCE/summary
5584,OK,NYSE,VSH,VSH,Vishay Intertechnology Inc,Vishay Intertechnology Inc,name matches,https://www.gurufocus.com/stock/VSH/summary
5585,OK,XPAR,VIV,XPAR:VIV,Vivendi SE,Vivendi SE,name matches,https://www.gurufocus.com/stock/XPAR:VIV/summary
5587,OK,XSWX,VONN,XSWX:VONN,Vontobel Holding AG,Vontobel Holding AG,name matches,https://www.gurufocus.com/stock/XSWX:VONN/summary
5588,OK,NYSE,VNO,VNO,Vornado Realty Trust,Vornado Realty Trust,name matches,https://www.gurufocus.com/stock/VNO/summary
5589,OK,XPAR,VU,XPAR:VU,Vusion,Vusion,name matches,https://www.gurufocus.com/stock/XPAR:VU/summary
5590,OK,XTER,WCH,XTER:WCH,Wacker Chemie AG,Wacker Chemie AG,name matches,https://www.gurufocus.com/stock/XTER:WCH/summary
5591,OK,NYSE,WMG,WMG,Warner Music Group Corp,Warner Music Group Corp,name matches,https://www.gurufocus.com/stock/WMG/summary
5592,OK,NYSE,HCC,HCC,Warrior Met Coal Inc,Warrior Met Coal Inc,name matches,https://www.gurufocus.com/stock/HCC/summary
5593,OK,NYSE,W,W,Wayfair Inc,Wayfair Inc,name matches,https://www.gurufocus.com/stock/W/summary
5594,OK,NYSE,WFRD,WFRD,Weatherford International plc,Weatherford International PLC,name matches,https://www.gurufocus.com/stock/WFRD/summary
5595,OK,HKSE,02013,HKSE:02013,Weimob Inc,Weimob Inc,name matches,https://www.gurufocus.com/stock/HKSE:02013/summary
5596,OK,XPAR,MF,XPAR:MF,Wendel SE,Wendel SE,name matches,https://www.gurufocus.com/stock/XPAR:MF/summary
5597,OK,NYSE,WEN,WEN,The Wendy's Co,The Wendy's Co,name matches,https://www.gurufocus.com/stock/WEN/summary
5598,OK,NYSE,WCC,WCC,Wesco International Inc,WESCO International Inc,name matches,https://www.gurufocus.com/stock/WCC/summary
5599,OK,NYSE,WAL,WAL,Western Alliance Bancorp,Western Alliance Bancorp,name matches,https://www.gurufocus.com/stock/WAL/summary
5600,RESTRICTED,TSX,WPM,TSX:WPM,Wheaton Precious Metals Corp,,403 unsubscribed/restricted region,https://www.gurufocus.com/stock/TSX:WPM/summary
5601,OK,NYSE,WHR,WHR,Whirlpool Corp,Whirlpool Corp,name matches,https://www.gurufocus.com/stock/WHR/summary
5602,OK,NYSE,WSC,WSC,Willscot Holdings Corp,WillScot Holdings Corp,name matches,https://www.gurufocus.com/stock/WSC/summary
5603,OK,NYSE,WING,WING,Wingstop Inc,Wingstop Inc,name matches,https://www.gurufocus.com/stock/WING/summary
5604,OK,NYSE,WGO,WGO,Winnebago Industries Inc,Winnebago Industries Inc,name matches,https://www.gurufocus.com/stock/WGO/summary
5605,OK,NYSE,WIX,WIX,Wix.Com Ltd,Wix.com Ltd,name matches,https://www.gurufocus.com/stock/WIX/summary
5606,OK,NYSE,WWD,WWD,Woodward Inc,Woodward Inc,name matches,https://www.gurufocus.com/stock/WWD/summary
5607,OK,NYSE,WK,WK,Workiva Inc,Workiva Inc,name matches,https://www.gurufocus.com/stock/WK/summary
5608,OK,XPAR,WLN,XPAR:WLN,Worldline SA,Worldline SA,name matches,https://www.gurufocus.com/stock/XPAR:WLN/summary
5609,OK,NYSE,WYNN,WYNN,Wynn Resorts Ltd,Wynn Resorts Ltd,name matches,https://www.gurufocus.com/stock/WYNN/summary
5610,OK,NYSE,XPO,XPO,XPO Inc,XPO Inc,name matches,https://www.gurufocus.com/stock/XPO/summary
5611,OK,HKSE,00868,HKSE:00868,Xinyi Glass Holdings Ltd.,Xinyi Glass Holdings Ltd,name matches,https://www.gurufocus.com/stock/HKSE:00868/summary
5612,OK,NYSE,XPEV,XPEV,XPeng Inc,XPeng Inc,name matches,https://www.gurufocus.com/stock/XPEV/summary
5613,NOT_FOUND,XTER,YPF,XTER:YPF,YPF SA (ADR),,404 stock not found,https://www.gurufocus.com/stock/XTER:YPF/summary
5614,OK,TSE,6506,TSE:6506,Yaskawa Electric Corp,YASKAWA Electric Corp,name matches,https://www.gurufocus.com/stock/TSE:6506/summary
5615,OK,NYSE,YETI,YETI,Yeti Holdings Inc,YETI Holdings Inc,name matches,https://www.gurufocus.com/stock/YETI/summary
5616,OK,TSE,5101,TSE:5101,Yokohama Rubber Co Ltd,Yokohama Rubber Co Ltd,name matches,https://www.gurufocus.com/stock/TSE:5101/summary
5617,OK,XSWX,YPSN,XSWX:YPSN,Ypsomed Holding AG,Ypsomed Holding AG,name matches,https://www.gurufocus.com/stock/XSWX:YPSN/summary
5619,OK,NYSE,ZIM,ZIM,ZIM Integrated Shipping Services Ltd,ZIM Integrated Shipping Services Ltd,name matches,https://www.gurufocus.com/stock/ZIM/summary
5620,OK,NYSE,ZTO,ZTO,ZTO Express (Cayman) Inc,ZTO Express (Cayman) Inc,name matches,https://www.gurufocus.com/stock/ZTO/summary
5621,OK,HKSE,02050,HKSE:02050,Zhejiang Sanhua Intelligent Controls Co Ltd,Zhejiang Sanhua Intelligent Controls Co Ltd,name matches,https://www.gurufocus.com/stock/HKSE:02050/summary
5622,OK,HKSE,06060,HKSE:06060,ZhongAn Online P & C Insurance Co Ltd,ZhongAn Online P&C Insurance Co Ltd,name matches,https://www.gurufocus.com/stock/HKSE:06060/summary
5623,OK,NYSE,ZION,ZION,Zions Bancorp NA,Zions Bancorp NA,name matches,https://www.gurufocus.com/stock/ZION/summary
5624,OK,NYSE,GTM,GTM,Zoominfo Technologies Inc,ZoomInfo Technologies Inc,name matches,https://www.gurufocus.com/stock/GTM/summary
5625,RESTRICTED,LSE,EZJ,LSE:EZJ,easyJet plc,,403 unsubscribed/restricted region,https://www.gurufocus.com/stock/LSE:EZJ/summary
5626,OK,NYSE,ELF,ELF,elf Beauty Inc,e.l.f. Beauty Inc,name matches,https://www.gurufocus.com/stock/ELF/summary
5631,OK,NYSE,KALU,KALU,Kaiser Aluminum Corp,Kaiser Aluminum Corp,name matches,https://www.gurufocus.com/stock/KALU/summary
5633,OK,NYSE,CSTM,CSTM,Constellium SE,Constellium SE,name matches,https://www.gurufocus.com/stock/CSTM/summary
5667,OK,NYSE,FPS,FPS,"Forgent Power Solutions, Inc",Forgent Power Solutions Inc,name matches,https://www.gurufocus.com/stock/FPS/summary
5684,OK,NYSE,HXL,HXL,Hexcel Corp,Hexcel Corp,name matches,https://www.gurufocus.com/stock/HXL/summary
5716,OK,HKSE,01138,HKSE:01138,COSCO SHIPPING Energy Transportation Co Ltd,COSCO SHIPPING Energy Transportation Co Ltd,name matches,https://www.gurufocus.com/stock/HKSE:01138/summary
5718,OK,NYSE,SPCX,SPCX,Space Exploration Technologies Corp,Space Exploration Technologies Corp,name matches,https://www.gurufocus.com/stock/SPCX/summary
